PR,URL,Title,Content type,Is rendered page,HTTP status code,Organic traffic,Depth,Meta description,Meta description patch,Meta description patch status,Meta description length,No. of meta descriptions,Is indexable page
26,https://helpmyimg.com/fr/,HelpMyIMG | Tous les outils image en un seul endroit,text/html; charset=utf-8,false,200,0,0,"Combinez, divisez, compressez, convertissez et traitez des photos directement dans votre navigateur. 100% hors ligne via WebAssembly. Gratuit, illimité et hautement sécurisé.",,,174,1,true
26,https://helpmyimg.com/ru/,HelpMyIMG | Все инструменты для изображений в одном месте,text/html; charset=utf-8,false,200,0,0,"Объединяйте, разделяйте, сжимайте, конвертируйте и обрабатывайте фотографии прямо в браузере. 100% автономный режим через WebAssembly. Бесплатно, безлимитно и очень безопасно.",,,175,1,true
26,https://helpmyimg.com/ms/,HelpMyIMG | Semua Alat Imej dalam Satu Tempat,text/html; charset=utf-8,false,200,0,0,"Gabungkan, belah, mampatkan, tukar dan proses foto terus dalam penyemak imbas anda. 100% di luar talian melalui WebAssembly. Percuma, tidak terhad dan sangat selamat.",,,166,1,true
26,https://helpmyimg.com/hu/,HelpMyIMG | Minden képeszköz egy helyen,text/html; charset=utf-8,false,200,0,0,"Kombinálja, osztja fel, tömörítse, konvertálja és dolgozza fel a fényképeket közvetlenül a böngészőben. 100%-ban offline a WebAssembly segítségével. Ingyenes, korlátlan és rendkívül biztonságos.",,,194,1,true
26,https://helpmyimg.com/el/,HelpMyIMG | Όλα τα εργαλεία εικόνας σε ένα μέρος,text/html; charset=utf-8,false,200,0,0,"Συνδυάστε, διαχωρίστε, συμπιέστε, μετατρέψτε και επεξεργαστείτε φωτογραφίες απευθείας στο πρόγραμμα περιήγησής σας. 100% εκτός σύνδεσης μέσω WebAssembly. Δωρεάν, απεριόριστη και εξαιρετικά ασφαλής.",,,197,1,true
26,https://helpmyimg.com/fi/,HelpMyIMG | Kaikki kuvatyökalut yhdessä paikassa,text/html; charset=utf-8,false,200,0,0,"Yhdistä, jaa, pakkaa, muunna ja käsittele valokuvia suoraan selaimessasi. 100 % offline-tilassa WebAssemblyn kautta. Ilmainen, rajoittamaton ja erittäin turvallinen.",,,165,1,true
26,https://helpmyimg.com/tl/,HelpMyIMG | Lahat ng Tool sa Imahe sa Isang Lugar,text/html; charset=utf-8,false,200,0,0,"Pagsamahin, hatiin, i-compress, i-convert, at iproseso ang mga larawan nang direkta sa iyong browser. 100% offline sa pamamagitan ng WebAssembly. Libre, walang limitasyon, at lubos na secure.",,,191,1,true
26,https://helpmyimg.com/tr/,HelpMyIMG | Tüm görüntü araçları tek bir yerde,text/html; charset=utf-8,false,200,0,0,"Fotoğrafları doğrudan tarayıcınızda birleştirin, bölün, sıkıştırın, dönüştürün ve işleyin. WebAssembly aracılığıyla %100 çevrimdışı. Ücretsiz, sınırsız ve son derece güvenli.",,,174,1,true
26,https://helpmyimg.com/es/,HelpMyIMG | Todas las herramientas de imagen en un lugar,text/html; charset=utf-8,false,200,0,0,"Combine, divida, comprima, convierta y procese fotografías directamente en su navegador. 100% sin conexión a través de WebAssembly. Gratis, ilimitado y muy seguro.",,,163,1,true
26,https://helpmyimg.com/de/,HelpMyIMG | Alle Bild-Tools an einem Ort,text/html; charset=utf-8,false,200,0,0,"Kombinieren, teilen, komprimieren, konvertieren und verarbeiten Sie Fotos direkt in Ihrem Browser. 100 % offline über WebAssembly. Kostenlos, unbegrenzt und äußerst sicher.",,,172,1,true
26,https://helpmyimg.com/cs/,HelpMyIMG | Všechny nástroje pro obrázky na jednom místě,text/html; charset=utf-8,false,200,0,0,"Kombinujte, rozdělujte, komprimujte, převádějte a zpracovávajte fotografie přímo ve vašem prohlížeči.100% offline přes WebAssembly.Zdarma, neomezené a vysoce bezpečné.",,,167,1,true
26,https://helpmyimg.com/vi/,HelpMyIMG | Tất cả công cụ hình ảnh tại một nơi,text/html; charset=utf-8,false,200,0,0,"Kết hợp, tách, nén, chuyển đổi và xử lý ảnh trực tiếp trong trình duyệt của bạn. Ngoại tuyến 100% qua WebAssugging. Miễn phí, không giới hạn và có tính bảo mật cao.",,,164,1,true
26,https://helpmyimg.com/uk/,HelpMyIMG | Усі інструменти для зображень в одному місці,text/html; charset=utf-8,false,200,0,0,"Комбінуйте, розділяйте, стискайте, конвертуйте та обробляйте фотографії безпосередньо у вашому браузері. 100% офлайн через WebAssembly. Безкоштовний, необмежений і дуже безпечний.",,,179,1,true
26,https://helpmyimg.com/pl/,HelpMyIMG | Wszystkie narzędzia do zdjęć w jednym miejscu,text/html; charset=utf-8,false,200,0,0,"Łącz, dziel, kompresuj, konwertuj i przetwarzaj zdjęcia bezpośrednio w przeglądarce. 100% offline poprzez WebAssembly. Bezpłatny, nieograniczony i wysoce bezpieczny.",,,165,1,true
26,https://helpmyimg.com/hi/,HelpMyIMG | सभी इमेज टूल्स एक जगह पर,text/html; charset=utf-8,false,200,0,0,"फ़ोटो को सीधे अपने ब्राउज़र में संयोजित करें, विभाजित करें, संपीड़ित करें, रूपांतरित करें और संसाधित करें। WebAssembly के माध्यम से 100% ऑफ़लाइन। मुफ़्त, असीमित और अत्यधिक सुरक्षित।",,,181,1,true
21,https://helpmyimg.com/tr/boyutlandir/,Boyutlandır Resim to 4x6 Ücretsiz - HelpMyIMG,text/html; charset=utf-8,false,200,0,0,"Fotoğrafları doğrudan tarayıcınızda birleştirin, bölün, sıkıştırın, dönüştürün ve işleyin. WebAssembly aracılığıyla %100 çevrimdışı. Ücretsiz, sınırsız ve son derece güvenli.",,,174,1,true
21,https://helpmyimg.com/tr/resim-donustur/,Dönüştür WEBP to JPG Ücretsiz - HelpMyIMG,text/html; charset=utf-8,false,200,0,0,"Fotoğrafları doğrudan tarayıcınızda birleştirin, bölün, sıkıştırın, dönüştürün ve işleyin. WebAssembly aracılığıyla %100 çevrimdışı. Ücretsiz, sınırsız ve son derece güvenli.",,,174,1,true
21,https://helpmyimg.com/ms/plat-lesen-blur/,Kaburkan Plat Lesen Dalam Talian - Penapis Privasi Auto - HelpMyIMG,text/html; charset=utf-8,false,200,0,0,"Gabungkan, belah, mampatkan, tukar dan proses foto terus dalam penyemak imbas anda. 100% di luar talian melalui WebAssembly. Percuma, tidak terhad dan sangat selamat.",,,166,1,true
21,https://helpmyimg.com/hi/image-compress/,कंप्रेस छवि to 200KB मुफ़्त - HelpMyIMG,text/html; charset=utf-8,false,200,0,0,"फ़ोटो को सीधे अपने ब्राउज़र में संयोजित करें, विभाजित करें, संपीड़ित करें, रूपांतरित करें और संसाधित करें। WebAssembly के माध्यम से 100% ऑफ़लाइन। मुफ़्त, असीमित और अत्यधिक सुरक्षित।",,,181,1,true
21,https://helpmyimg.com/es/redimensionar-imagen/,Redimensionar Imagen para Pasaporte (4x6) Gratis - HelpMyIMG,text/html; charset=utf-8,false,200,0,0,"Combine, divida, comprima, convierta y procese fotografías directamente en su navegador. 100% sin conexión a través de WebAssembly. Gratis, ilimitado y muy seguro.",,,163,1,true
21,https://helpmyimg.com/cs/zmena-pozadi/,Měnič barvy pozadí biometrických pasů online - HelpMyIMG,text/html; charset=utf-8,false,200,0,0,"Kombinujte, rozdělujte, komprimujte, převádějte a zpracovávajte fotografie přímo ve vašem prohlížeči.100% offline přes WebAssembly.Zdarma, neomezené a vysoce bezpečné.",,,167,1,true
21,https://helpmyimg.com/cs/zmena-velikosti/,Změnit velikost Obrázek to 4x6 Zdarma - HelpMyIMG,text/html; charset=utf-8,false,200,0,0,"Kombinujte, rozdělujte, komprimujte, převádějte a zpracovávajte fotografie přímo ve vašem prohlížeči.100% offline přes WebAssembly.Zdarma, neomezené a vysoce bezpečné.",,,167,1,true
21,https://helpmyimg.com/hi/chehra-dhundhla-kare/,पेशेवर ऑल-इन-वन फ़ोटो स्टूडियो और बल्क एडिटर - HelpMyIMG,text/html; charset=utf-8,false,200,0,0,"फ़ोटो को सीधे अपने ब्राउज़र में संयोजित करें, विभाजित करें, संपीड़ित करें, रूपांतरित करें और संसाधित करें। WebAssembly के माध्यम से 100% ऑफ़लाइन। मुफ़्त, असीमित और अत्यधिक सुरक्षित।",,,181,1,true
21,https://helpmyimg.com/tr/resim-sikistir-50kb/,Görüntüyü 50KB'ye Sıkıştırın - Akıllı WebGPU Sıkıştırma - HelpMyIMG,text/html; charset=utf-8,false,200,0,0,"Fotoğrafları doğrudan tarayıcınızda birleştirin, bölün, sıkıştırın, dönüştürün ve işleyin. WebAssembly aracılığıyla %100 çevrimdışı. Ücretsiz, sınırsız ve son derece güvenli.",,,174,1,true
21,https://helpmyimg.com/uk/remove-person-from-photo/,Видалити людину з фотографії - безкоштовний Photobomb Eraser - HelpMyIMG,text/html; charset=utf-8,false,200,0,0,"Комбінуйте, розділяйте, стискайте, конвертуйте та обробляйте фотографії безпосередньо у вашому браузері. 100% офлайн через WebAssembly. Безкоштовний, необмежений і дуже безпечний.",,,179,1,true
21,https://helpmyimg.com/hu/mdostsa-a-fnykp-httert-fehrre/,A fénykép hátterének módosítása fehérre – Amazon és e-kereskedelem készen áll - HelpMyIMG,text/html; charset=utf-8,false,200,0,0,"Kombinálja, osztja fel, tömörítse, konvertálja és dolgozza fel a fényképeket közvetlenül a böngészőben. 100%-ban offline a WebAssembly segítségével. Ingyenes, korlátlan és rendkívül biztonságos.",,,194,1,true
21,https://helpmyimg.com/de/hintergrund-vom-logo-entfernen/,Hintergrund vom Logo kostenlos entfernen – Transparent PNG Maker - HelpMyIMG,text/html; charset=utf-8,false,200,0,0,"Kombinieren, teilen, komprimieren, konvertieren und verarbeiten Sie Fotos direkt in Ihrem Browser. 100 % offline über WebAssembly. Kostenlos, unbegrenzt und äußerst sicher.",,,172,1,true
21,https://helpmyimg.com/hi/magic-brush/,मैनुअल ब्रश - HelpMyIMG,text/html; charset=utf-8,false,200,0,0,"फ़ोटो को सीधे अपने ब्राउज़र में संयोजित करें, विभाजित करें, संपीड़ित करें, रूपांतरित करें और संसाधित करें। WebAssembly के माध्यम से 100% ऑफ़लाइन। मुफ़्त, असीमित और अत्यधिक सुरक्षित।",,,181,1,true
21,https://helpmyimg.com/el/programma-epexergasias/,Επαγγελματικό Photo Studio & Bulk Toolkit - HelpMyIMG,text/html; charset=utf-8,false,200,0,0,"Συνδυάστε, διαχωρίστε, συμπιέστε, μετατρέψτε και επεξεργαστείτε φωτογραφίες απευθείας στο πρόγραμμα περιήγησής σας. 100% εκτός σύνδεσης μέσω WebAssembly. Δωρεάν, απεριόριστη και εξαιρετικά ασφαλής.",,,197,1,true
21,https://helpmyimg.com/fr/compresser-image-50ko/,Compresser l'image à 50 Ko - Compression intelligente WebGPU - HelpMyIMG,text/html; charset=utf-8,false,200,0,0,"Combinez, divisez, compressez, convertissez et traitez des photos directement dans votre navigateur. 100% hors ligne via WebAssembly. Gratuit, illimité et hautement sécurisé.",,,174,1,true
21,https://helpmyimg.com/es/rotar-imagen/,Estudio Fotográfico Profesional Todo en Uno - HelpMyIMG,text/html; charset=utf-8,false,200,0,0,"Combine, divida, comprima, convierta y procese fotografías directamente en su navegador. 100% sin conexión a través de WebAssembly. Gratis, ilimitado y muy seguro.",,,163,1,true
21,https://helpmyimg.com/hi/remove-person-from-photo/,फोटो से व्यक्ति को हटाएं - निःशुल्क फोटोबॉम्ब इरेज़र - HelpMyIMG,text/html; charset=utf-8,false,200,0,0,"फ़ोटो को सीधे अपने ब्राउज़र में संयोजित करें, विभाजित करें, संपीड़ित करें, रूपांतरित करें और संसाधित करें। WebAssembly के माध्यम से 100% ऑफ़लाइन। मुफ़्त, असीमित और अत्यधिक सुरक्षित।",,,181,1,true
21,https://helpmyimg.com/fi/magic-brush/,Manuaalinen Sivellin - HelpMyIMG,text/html; charset=utf-8,false,200,0,0,"Yhdistä, jaa, pakkaa, muunna ja käsittele valokuvia suoraan selaimessasi. 100 % offline-tilassa WebAssemblyn kautta. Ilmainen, rajoittamaton ja erittäin turvallinen.",,,165,1,true
21,https://helpmyimg.com/pl/przycinanie-obrazu/,Profesjonalne studio fotograficzne i zestaw narzędzi zbiorczych - HelpMyIMG,text/html; charset=utf-8,false,200,0,0,"Łącz, dziel, kompresuj, konwertuj i przetwarzaj zdjęcia bezpośrednio w przeglądarce. 100% offline poprzez WebAssembly. Bezpłatny, nieograniczony i wysoce bezpieczny.",,,165,1,true
21,https://helpmyimg.com/hi/instagram-image-resize/,इंस्टाग्राम ऑनलाइन के लिए छवि का आकार बदलें - काटने की कोई आवश्यकता नहीं है - HelpMyIMG,text/html; charset=utf-8,false,200,0,0,"फ़ोटो को सीधे अपने ब्राउज़र में संयोजित करें, विभाजित करें, संपीड़ित करें, रूपांतरित करें और संसाधित करें। WebAssembly के माध्यम से 100% ऑफ़लाइन। मुफ़्त, असीमित और अत्यधिक सुरक्षित।",,,181,1,true
21,https://helpmyimg.com/de/ndern-sie-die-gre-des-fotos-auf-passgre/,Ändern Sie die Größe des Fotos auf die Passgröße – Visa & ID Maker - HelpMyIMG,text/html; charset=utf-8,false,200,0,0,"Kombinieren, teilen, komprimieren, konvertieren und verarbeiten Sie Fotos direkt in Ihrem Browser. 100 % offline über WebAssembly. Kostenlos, unbegrenzt und äußerst sicher.",,,172,1,true
21,https://helpmyimg.com/ru/izmenit-razmer-dlya-instagram/,Изменение размера изображения для Instagram онлайн – обрезка не требуется - HelpMyIMG,text/html; charset=utf-8,false,200,0,0,"Объединяйте, разделяйте, сжимайте, конвертируйте и обрабатывайте фотографии прямо в браузере. 100% автономный режим через WebAssembly. Бесплатно, безлимитно и очень безопасно.",,,175,1,true
21,https://helpmyimg.com/pl/zmie-to-zdjcia-na-biae/,Zmień tło zdjęcia na białe — gotowe do korzystania z Amazon i handlu elektronicznego - HelpMyIMG,text/html; charset=utf-8,false,200,0,0,"Łącz, dziel, kompresuj, konwertuj i przetwarzaj zdjęcia bezpośrednio w przeglądarce. 100% offline poprzez WebAssembly. Bezpłatny, nieograniczony i wysoce bezpieczny.",,,165,1,true
21,https://helpmyimg.com/tr/plaka-bulankl/,Plakayı Çevrimiçi Bulanıklaştır - Otomatik Gizlilik Sansürü - HelpMyIMG,text/html; charset=utf-8,false,200,0,0,"Fotoğrafları doğrudan tarayıcınızda birleştirin, bölün, sıkıştırın, dönüştürün ve işleyin. WebAssembly aracılığıyla %100 çevrimdışı. Ücretsiz, sınırsız ve son derece güvenli.",,,174,1,true
21,https://helpmyimg.com/vi/hnh-nh-hnh-m-hng-lot/,Hình ảnh hình mờ hàng loạt - Trình thêm logo hàng loạt - HelpMyIMG,text/html; charset=utf-8,false,200,0,0,"Kết hợp, tách, nén, chuyển đổi và xử lý ảnh trực tiếp trong trình duyệt của bạn. Ngoại tuyến 100% qua WebAssugging. Miễn phí, không giới hạn và có tính bảo mật cao.",,,164,1,true
21,https://helpmyimg.com/fr/redimensionner-pour-instagram/,Redimensionner l'image pour Instagram en ligne - Aucun recadrage requis - HelpMyIMG,text/html; charset=utf-8,false,200,0,0,"Combinez, divisez, compressez, convertissez et traitez des photos directement dans votre navigateur. 100% hors ligne via WebAssembly. Gratuit, illimité et hautement sécurisé.",,,174,1,true
21,https://helpmyimg.com/tr/magic-brush/,Manuel Fırça - HelpMyIMG,text/html; charset=utf-8,false,200,0,0,"Fotoğrafları doğrudan tarayıcınızda birleştirin, bölün, sıkıştırın, dönüştürün ve işleyin. WebAssembly aracılığıyla %100 çevrimdışı. Ücretsiz, sınırsız ve son derece güvenli.",,,174,1,true
21,https://helpmyimg.com/ru/rasshirennyy-redaktor/,Профессиональная фотостудия «Все в одном» - HelpMyIMG,text/html; charset=utf-8,false,200,0,0,"Объединяйте, разделяйте, сжимайте, конвертируйте и обрабатывайте фотографии прямо в браузере. 100% автономный режим через WebAssembly. Бесплатно, безлимитно и очень безопасно.",,,175,1,true
21,https://helpmyimg.com/cs/pevst-webp-do-jpg/,Převést WEBP na JPG zdarma - Image Converter - HelpMyIMG,text/html; charset=utf-8,false,200,0,0,"Kombinujte, rozdělujte, komprimujte, převádějte a zpracovávajte fotografie přímo ve vašem prohlížeči.100% offline přes WebAssembly.Zdarma, neomezené a vysoce bezpečné.",,,167,1,true
21,https://helpmyimg.com/tl/watermarkbulk/,Magdagdag ng watermark - HelpMyIMG,text/html; charset=utf-8,false,200,0,0,"Pagsamahin, hatiin, i-compress, i-convert, at iproseso ang mga larawan nang direkta sa iyong browser. 100% offline sa pamamagitan ng WebAssembly. Libre, walang limitasyon, at lubos na secure.",,,191,1,true
21,https://helpmyimg.com/tr/resim-dondur/,Profesyonel Fotoğraf Stüdyosu ve Toplu Araç Seti - HelpMyIMG,text/html; charset=utf-8,false,200,0,0,"Fotoğrafları doğrudan tarayıcınızda birleştirin, bölün, sıkıştırın, dönüştürün ve işleyin. WebAssembly aracılığıyla %100 çevrimdışı. Ücretsiz, sınırsız ve son derece güvenli.",,,174,1,true
21,https://helpmyimg.com/fi/pakkaa-50kb/,Pakkaa kuva 50 kilotavuun - Smart WebGPU -pakkaus - HelpMyIMG,text/html; charset=utf-8,false,200,0,0,"Yhdistä, jaa, pakkaa, muunna ja käsittele valokuvia suoraan selaimessasi. 100 % offline-tilassa WebAssemblyn kautta. Ilmainen, rajoittamaton ja erittäin turvallinen.",,,165,1,true
21,https://helpmyimg.com/cs/rozmazn-spz/,Rozmazání SPZ online – cenzor ochrany osobních údajů - HelpMyIMG,text/html; charset=utf-8,false,200,0,0,"Kombinujte, rozdělujte, komprimujte, převádějte a zpracovávajte fotografie přímo ve vašem prohlížeči.100% offline přes WebAssembly.Zdarma, neomezené a vysoce bezpečné.",,,167,1,true
21,https://helpmyimg.com/uk/povernuty-zobrazhennya/,Професійна фотостудія та набір інструментів - HelpMyIMG,text/html; charset=utf-8,false,200,0,0,"Комбінуйте, розділяйте, стискайте, конвертуйте та обробляйте фотографії безпосередньо у вашому браузері. 100% офлайн через WebAssembly. Безкоштовний, необмежений і дуже безпечний.",,,179,1,true
21,https://helpmyimg.com/pl/zaawansowany-edytor/,Profesjonalne studio fotograficzne i zestaw narzędzi zbiorczych - HelpMyIMG,text/html; charset=utf-8,false,200,0,0,"Łącz, dziel, kompresuj, konwertuj i przetwarzaj zdjęcia bezpośrednio w przeglądarce. 100% offline poprzez WebAssembly. Bezpłatny, nieograniczony i wysoce bezpieczny.",,,165,1,true
21,https://helpmyimg.com/hi/rang-chunen/,पेशेवर ऑल-इन-वन फ़ोटो स्टूडियो और बल्क एडिटर - HelpMyIMG,text/html; charset=utf-8,false,200,0,0,"फ़ोटो को सीधे अपने ब्राउज़र में संयोजित करें, विभाजित करें, संपीड़ित करें, रूपांतरित करें और संसाधित करें। WebAssembly के माध्यम से 100% ऑफ़लाइन। मुफ़्त, असीमित और अत्यधिक सुरक्षित।",,,181,1,true
21,https://helpmyimg.com/tl/tagapili-kulay/,Propesyonal na Photo Studio at Bulk Toolkit - HelpMyIMG,text/html; charset=utf-8,false,200,0,0,"Pagsamahin, hatiin, i-compress, i-convert, at iproseso ang mga larawan nang direkta sa iyong browser. 100% offline sa pamamagitan ng WebAssembly. Libre, walang limitasyon, at lubos na secure.",,,191,1,true
21,https://helpmyimg.com/ru/batch-watermark-photos/,Пакетная обработка фотографий водяных знаков — Массовое добавление логотипов - HelpMyIMG,text/html; charset=utf-8,false,200,0,0,"Объединяйте, разделяйте, сжимайте, конвертируйте и обрабатывайте фотографии прямо в браузере. 100% автономный режим через WebAssembly. Бесплатно, безлимитно и очень безопасно.",,,175,1,true
21,https://helpmyimg.com/fi/varipaletti/,Ammattimainen valokuvastudio ja joukkotyökalupakki - HelpMyIMG,text/html; charset=utf-8,false,200,0,0,"Yhdistä, jaa, pakkaa, muunna ja käsittele valokuvia suoraan selaimessasi. 100 % offline-tilassa WebAssemblyn kautta. Ilmainen, rajoittamaton ja erittäin turvallinen.",,,165,1,true
21,https://helpmyimg.com/ru/resize-photo-to-passport-size/,Изменение размера фотографии до размера паспорта - Visa & ID Maker - HelpMyIMG,text/html; charset=utf-8,false,200,0,0,"Объединяйте, разделяйте, сжимайте, конвертируйте и обрабатывайте фотографии прямо в браузере. 100% автономный режим через WebAssembly. Бесплатно, безлимитно и очень безопасно.",,,175,1,true
21,https://helpmyimg.com/vi/thay-i-kch-thc-nh-thnh-kch-thc-h-chiu/,Thay đổi kích thước ảnh thành kích thước hộ chiếu - Visa & ID Maker - HelpMyIMG,text/html; charset=utf-8,false,200,0,0,"Kết hợp, tách, nén, chuyển đổi và xử lý ảnh trực tiếp trong trình duyệt của bạn. Ngoại tuyến 100% qua WebAssugging. Miễn phí, không giới hạn và có tính bảo mật cao.",,,164,1,true
21,https://helpmyimg.com/pl/kompresja-obrazu/,Kompresuj Obraz to 200KB Za darmo - HelpMyIMG,text/html; charset=utf-8,false,200,0,0,"Łącz, dziel, kompresuj, konwertuj i przetwarzaj zdjęcia bezpośrednio w przeglądarce. 100% offline poprzez WebAssembly. Bezpłatny, nieograniczony i wysoce bezpieczny.",,,165,1,true
21,https://helpmyimg.com/pl/magic-brush/,Pędzel Ręczny - HelpMyIMG,text/html; charset=utf-8,false,200,0,0,"Łącz, dziel, kompresuj, konwertuj i przetwarzaj zdjęcia bezpośrednio w przeglądarce. 100% offline poprzez WebAssembly. Bezpłatny, nieograniczony i wysoce bezpieczny.",,,165,1,true
21,https://helpmyimg.com/de/batchwasserzeichenfotos/,Stapel-Wasserzeichenfotos – Bulk-Logo-Adder - HelpMyIMG,text/html; charset=utf-8,false,200,0,0,"Kombinieren, teilen, komprimieren, konvertieren und verarbeiten Sie Fotos direkt in Ihrem Browser. 100 % offline über WebAssembly. Kostenlos, unbegrenzt und äußerst sicher.",,,172,1,true
21,https://helpmyimg.com/tl/compress-image-to-50kb/,I-compress ang larawan sa 50KB - HelpMyIMG,text/html; charset=utf-8,false,200,0,0,"Pagsamahin, hatiin, i-compress, i-convert, at iproseso ang mga larawan nang direkta sa iyong browser. 100% offline sa pamamagitan ng WebAssembly. Libre, walang limitasyon, at lubos na secure.",,,191,1,true
21,https://helpmyimg.com/hi/batch-watermark-photos/,बैच वॉटरमार्क तस्वीरें - थोक लोगो योजक - HelpMyIMG,text/html; charset=utf-8,false,200,0,0,"फ़ोटो को सीधे अपने ब्राउज़र में संयोजित करें, विभाजित करें, संपीड़ित करें, रूपांतरित करें और संसाधित करें। WebAssembly के माध्यम से 100% ऑफ़लाइन। मुफ़्त, असीमित और अत्यधिक सुरक्षित।",,,181,1,true
21,https://helpmyimg.com/fr/supprimer-une-personne-de-la-photo/,Supprimer une personne de la photo - Gomme Photobomb gratuite - HelpMyIMG,text/html; charset=utf-8,false,200,0,0,"Combinez, divisez, compressez, convertissez et traitez des photos directement dans votre navigateur. 100% hors ligne via WebAssembly. Gratuit, illimité et hautement sécurisé.",,,174,1,true
21,https://helpmyimg.com/fi/vaihda-tausta/,Biometrisen passin valokuvan taustavärin vaihtaja verkossa - HelpMyIMG,text/html; charset=utf-8,false,200,0,0,"Yhdistä, jaa, pakkaa, muunna ja käsittele valokuvia suoraan selaimessasi. 100 % offline-tilassa WebAssemblyn kautta. Ilmainen, rajoittamaton ja erittäin turvallinen.",,,165,1,true
21,https://helpmyimg.com/tr/webpyi-jpgye-dntr/,WEBP'yi JPG'ye Ücretsiz Dönüştür - Görüntü Dönüştürücü - HelpMyIMG,text/html; charset=utf-8,false,200,0,0,"Fotoğrafları doğrudan tarayıcınızda birleştirin, bölün, sıkıştırın, dönüştürün ve işleyin. WebAssembly aracılığıyla %100 çevrimdışı. Ücretsiz, sınırsız ve son derece güvenli.",,,174,1,true
21,https://helpmyimg.com/hi/blur-license-plate/,ब्लर लाइसेंस प्लेट ऑनलाइन - ऑटो गोपनीयता सेंसर - HelpMyIMG,text/html; charset=utf-8,false,200,0,0,"फ़ोटो को सीधे अपने ब्राउज़र में संयोजित करें, विभाजित करें, संपीड़ित करें, रूपांतरित करें और संसाधित करें। WebAssembly के माध्यम से 100% ऑफ़लाइन। मुफ़्त, असीमित और अत्यधिक सुरक्षित।",,,181,1,true
21,https://helpmyimg.com/uk/stysnuty-do-100kb/,Стисніть зображення до 100 КБ онлайн безкоштовно - швидко та приватно - HelpMyIMG,text/html; charset=utf-8,false,200,0,0,"Комбінуйте, розділяйте, стискайте, конвертуйте та обробляйте фотографії безпосередньо у вашому браузері. 100% офлайн через WebAssembly. Безкоштовний, необмежений і дуже безпечний.",,,179,1,true
21,https://helpmyimg.com/fi/sumentaa-kasvot/,Ammattimainen valokuvastudio ja joukkotyökalupakki - HelpMyIMG,text/html; charset=utf-8,false,200,0,0,"Yhdistä, jaa, pakkaa, muunna ja käsittele valokuvia suoraan selaimessasi. 100 % offline-tilassa WebAssemblyn kautta. Ilmainen, rajoittamaton ja erittäin turvallinen.",,,165,1,true
21,https://helpmyimg.com/de/wasserzeichen/,©️ Mein Bild mit einem Wasserzeichen versehen - HelpMyIMG,text/html; charset=utf-8,false,200,0,0,"Kombinieren, teilen, komprimieren, konvertieren und verarbeiten Sie Fotos direkt in Ihrem Browser. 100 % offline über WebAssembly. Kostenlos, unbegrenzt und äußerst sicher.",,,172,1,true
21,https://helpmyimg.com/tr/instagram-icin-boyutlandir/,Instagram Çevrimiçi için Görüntüyü Yeniden Boyutlandır - Kırpmaya Gerek Yok - HelpMyIMG,text/html; charset=utf-8,false,200,0,0,"Fotoğrafları doğrudan tarayıcınızda birleştirin, bölün, sıkıştırın, dönüştürün ve işleyin. WebAssembly aracılığıyla %100 çevrimdışı. Ücretsiz, sınırsız ve son derece güvenli.",,,174,1,true
21,https://helpmyimg.com/ms/mampat-imej-50kb/,Mampatkan Imej kepada 50KB - Pemampatan WebGPU Pintar - HelpMyIMG,text/html; charset=utf-8,false,200,0,0,"Gabungkan, belah, mampatkan, tukar dan proses foto terus dalam penyemak imbas anda. 100% di luar talian melalui WebAssembly. Percuma, tidak terhad dan sangat selamat.",,,166,1,true
21,https://helpmyimg.com/ms/tukar-webp-kepada-jpg/,Tukar WEBP kepada JPG Percuma - Penukar Imej - HelpMyIMG,text/html; charset=utf-8,false,200,0,0,"Gabungkan, belah, mampatkan, tukar dan proses foto terus dalam penyemak imbas anda. 100% di luar talian melalui WebAssembly. Percuma, tidak terhad dan sangat selamat.",,,166,1,true
21,https://helpmyimg.com/uk/remove-background-from-logo/,Безкоштовно видалити фон з логотипа - Прозорий PNG Maker - HelpMyIMG,text/html; charset=utf-8,false,200,0,0,"Комбінуйте, розділяйте, стискайте, конвертуйте та обробляйте фотографії безпосередньо у вашому браузері. 100% офлайн через WebAssembly. Безкоштовний, необмежений і дуже безпечний.",,,179,1,true
21,https://helpmyimg.com/tl/magic-brush/,Manu-manong Brush - HelpMyIMG,text/html; charset=utf-8,false,200,0,0,"Pagsamahin, hatiin, i-compress, i-convert, at iproseso ang mga larawan nang direkta sa iyong browser. 100% offline sa pamamagitan ng WebAssembly. Libre, walang limitasyon, at lubos na secure.",,,191,1,true
21,https://helpmyimg.com/vi/doi-kich-thuoc/,Đổi kích thước Hình ảnh to 4x6 Miễn phí - HelpMyIMG,text/html; charset=utf-8,false,200,0,0,"Kết hợp, tách, nén, chuyển đổi và xử lý ảnh trực tiếp trong trình duyệt của bạn. Ngoại tuyến 100% qua WebAssugging. Miễn phí, không giới hạn và có tính bảo mật cao.",,,164,1,true
21,https://helpmyimg.com/fr/pipette-couleur/,Studio Photo Professionnel & Boîte à Outils - HelpMyIMG,text/html; charset=utf-8,false,200,0,0,"Combinez, divisez, compressez, convertissez et traitez des photos directement dans votre navigateur. 100% hors ligne via WebAssembly. Gratuit, illimité et hautement sécurisé.",,,174,1,true
21,https://helpmyimg.com/fr/pivoter-image/,Studio Photo Professionnel & Boîte à Outils - HelpMyIMG,text/html; charset=utf-8,false,200,0,0,"Combinez, divisez, compressez, convertissez et traitez des photos directement dans votre navigateur. 100% hors ligne via WebAssembly. Gratuit, illimité et hautement sécurisé.",,,174,1,true
21,https://helpmyimg.com/hu/tvoltsa-el-a-htteret-a-logrl/,Háttér eltávolítása a Logo Free - Transparent PNG Maker programból - HelpMyIMG,text/html; charset=utf-8,false,200,0,0,"Kombinálja, osztja fel, tömörítse, konvertálja és dolgozza fel a fényképeket közvetlenül a böngészőben. 100%-ban offline a WebAssembly segítségével. Ingyenes, korlátlan és rendkívül biztonságos.",,,194,1,true
21,https://helpmyimg.com/hu/fejlett-szerkeszto/,Professzionális fotóstúdió és tömeges eszközkészlet - HelpMyIMG,text/html; charset=utf-8,false,200,0,0,"Kombinálja, osztja fel, tömörítse, konvertálja és dolgozza fel a fényképeket közvetlenül a böngészőben. 100%-ban offline a WebAssembly segítségével. Ingyenes, korlátlan és rendkívül biztonságos.",,,194,1,true
21,https://helpmyimg.com/el/ydatografima/,©️ Υδατογράφημα στην εικόνα μου - HelpMyIMG,text/html; charset=utf-8,false,200,0,0,"Συνδυάστε, διαχωρίστε, συμπιέστε, μετατρέψτε και επεξεργαστείτε φωτογραφίες απευθείας στο πρόγραμμα περιήγησής σας. 100% εκτός σύνδεσης μέσω WebAssembly. Δωρεάν, απεριόριστη και εξαιρετικά ασφαλής.",,,197,1,true
21,https://helpmyimg.com/uk/stysnuty-zobrazhennya/,Стиснути Зображення to 200KB Безкоштовно - HelpMyIMG,text/html; charset=utf-8,false,200,0,0,"Комбінуйте, розділяйте, стискайте, конвертуйте та обробляйте фотографії безпосередньо у вашому браузері. 100% офлайн через WebAssembly. Безкоштовний, необмежений і дуже безпечний.",,,179,1,true
21,https://helpmyimg.com/ru/izmenit-fon/,"Биометрический паспорт, фото фона, смена цвета онлайн - HelpMyIMG",text/html; charset=utf-8,false,200,0,0,"Объединяйте, разделяйте, сжимайте, конвертируйте и обрабатывайте фотографии прямо в браузере. 100% автономный режим через WebAssembly. Бесплатно, безлимитно и очень безопасно.",,,175,1,true
21,https://helpmyimg.com/ms/menukar-latar-belakang-foto-kepada-putih/,Tukar Latar Belakang Foto kepada Putih - Sedia Amazon & E-dagang - HelpMyIMG,text/html; charset=utf-8,false,200,0,0,"Gabungkan, belah, mampatkan, tukar dan proses foto terus dalam penyemak imbas anda. 100% di luar talian melalui WebAssembly. Percuma, tidak terhad dan sangat selamat.",,,166,1,true
21,https://helpmyimg.com/hi/watermark-lagao/,©️ वॉटरमार्क मेरी छवि - HelpMyIMG,text/html; charset=utf-8,false,200,0,0,"फ़ोटो को सीधे अपने ब्राउज़र में संयोजित करें, विभाजित करें, संपीड़ित करें, रूपांतरित करें और संसाधित करें। WebAssembly के माध्यम से 100% ऑफ़लाइन। मुफ़्त, असीमित और अत्यधिक सुरक्षित।",,,181,1,true
21,https://helpmyimg.com/uk/resize-photo-to-passport-size/,Змініть розмір фотографії до розміру паспорта - Visa & ID Maker - HelpMyIMG,text/html; charset=utf-8,false,200,0,0,"Комбінуйте, розділяйте, стискайте, конвертуйте та обробляйте фотографії безпосередньо у вашому браузері. 100% офлайн через WebAssembly. Безкоштовний, необмежений і дуже безпечний.",,,179,1,true
21,https://helpmyimg.com/ms/ubah-saiz-gambar-kepada-saiz-pasport/,Ubah Saiz Foto kepada Saiz Pasport - Pembuat Visa & ID - HelpMyIMG,text/html; charset=utf-8,false,200,0,0,"Gabungkan, belah, mampatkan, tukar dan proses foto terus dalam penyemak imbas anda. 100% di luar talian melalui WebAssembly. Percuma, tidak terhad dan sangat selamat.",,,166,1,true
21,https://helpmyimg.com/ru/blur-license-plate/,Размытие номерного знака онлайн - автоматический цензор конфиденциальности - HelpMyIMG,text/html; charset=utf-8,false,200,0,0,"Объединяйте, разделяйте, сжимайте, конвертируйте и обрабатывайте фотографии прямо в браузере. 100% автономный режим через WebAssembly. Бесплатно, безлимитно и очень безопасно.",,,175,1,true
21,https://helpmyimg.com/tr/fotoraf-arka-plann-beyaza-evir/,Fotoğraf Arka Planını Beyaz Olarak Değiştirin - Amazon ve E-ticarete Hazır - HelpMyIMG,text/html; charset=utf-8,false,200,0,0,"Fotoğrafları doğrudan tarayıcınızda birleştirin, bölün, sıkıştırın, dönüştürün ve işleyin. WebAssembly aracılığıyla %100 çevrimdışı. Ücretsiz, sınırsız ve son derece güvenli.",,,174,1,true
21,https://helpmyimg.com/vi/i-nn-nh-sang-mu-trng/,Thay đổi nền ảnh thành màu trắng - Sẵn sàng cho Amazon và thương mại điện tử - HelpMyIMG,text/html; charset=utf-8,false,200,0,0,"Kết hợp, tách, nén, chuyển đổi và xử lý ảnh trực tiếp trong trình duyệt của bạn. Ngoại tuyến 100% qua WebAssugging. Miễn phí, không giới hạn và có tính bảo mật cao.",,,164,1,true
21,https://helpmyimg.com/tl/i-convert-larawan/,I-convert WEBP to JPG Libre - HelpMyIMG,text/html; charset=utf-8,false,200,0,0,"Pagsamahin, hatiin, i-compress, i-convert, at iproseso ang mga larawan nang direkta sa iyong browser. 100% offline sa pamamagitan ng WebAssembly. Libre, walang limitasyon, at lubos na secure.",,,191,1,true
21,https://helpmyimg.com/de/bild-komprimieren/,Komprimieren Bild to 200KB Kostenlos - HelpMyIMG,text/html; charset=utf-8,false,200,0,0,"Kombinieren, teilen, komprimieren, konvertieren und verarbeiten Sie Fotos direkt in Ihrem Browser. 100 % offline über WebAssembly. Kostenlos, unbegrenzt und äußerst sicher.",,,172,1,true
21,https://helpmyimg.com/ms/pangkas-imej/,Studio Foto Profesional & Kit Alat Pukal - HelpMyIMG,text/html; charset=utf-8,false,200,0,0,"Gabungkan, belah, mampatkan, tukar dan proses foto terus dalam penyemak imbas anda. 100% di luar talian melalui WebAssembly. Percuma, tidak terhad dan sangat selamat.",,,166,1,true
21,https://helpmyimg.com/pl/kompresja-obrazu-100kb/,Kompresuj obraz do 100 KB online bezpłatnie — szybko i prywatnie - HelpMyIMG,text/html; charset=utf-8,false,200,0,0,"Łącz, dziel, kompresuj, konwertuj i przetwarzaj zdjęcia bezpośrednio w przeglądarce. 100% offline poprzez WebAssembly. Bezpłatny, nieograniczony i wysoce bezpieczny.",,,165,1,true
21,https://helpmyimg.com/es/comprimir-imagen-a-200kb/,Comprimir imagen a 200 KB: reductor de alta calidad - HelpMyIMG,text/html; charset=utf-8,false,200,0,0,"Combine, divida, comprima, convierta y procese fotografías directamente en su navegador. 100% sin conexión a través de WebAssembly. Gratis, ilimitado y muy seguro.",,,163,1,true
21,https://helpmyimg.com/hi/resize-photo-to-passport-size/,फोटो का आकार पासपोर्ट आकार में बदलें - वीज़ा और आईडी निर्माता - HelpMyIMG,text/html; charset=utf-8,false,200,0,0,"फ़ोटो को सीधे अपने ब्राउज़र में संयोजित करें, विभाजित करें, संपीड़ित करें, रूपांतरित करें और संसाधित करें। WebAssembly के माध्यम से 100% ऑफ़लाइन। मुफ़्त, असीमित और अत्यधिक सुरक्षित।",,,181,1,true
21,https://helpmyimg.com/de/fortgeschrittener-editor/,Professionelles All-in-One Fotostudio & Toolkit - HelpMyIMG,text/html; charset=utf-8,false,200,0,0,"Kombinieren, teilen, komprimieren, konvertieren und verarbeiten Sie Fotos direkt in Ihrem Browser. 100 % offline über WebAssembly. Kostenlos, unbegrenzt und äußerst sicher.",,,172,1,true
21,https://helpmyimg.com/cs/oriznuti-obrazku/,Profesionální fotografické studio a sada nástrojů pro hromadné zpracování - HelpMyIMG,text/html; charset=utf-8,false,200,0,0,"Kombinujte, rozdělujte, komprimujte, převádějte a zpracovávajte fotografie přímo ve vašem prohlížeči.100% offline přes WebAssembly.Zdarma, neomezené a vysoce bezpečné.",,,167,1,true
21,https://helpmyimg.com/es/selector-de-color/,Estudio Fotográfico Profesional Todo en Uno - HelpMyIMG,text/html; charset=utf-8,false,200,0,0,"Combine, divida, comprima, convierta y procese fotografías directamente en su navegador. 100% sin conexión a través de WebAssembly. Gratis, ilimitado y muy seguro.",,,163,1,true
21,https://helpmyimg.com/ru/razmyt-litso/,Профессиональная фотостудия «Все в одном» - HelpMyIMG,text/html; charset=utf-8,false,200,0,0,"Объединяйте, разделяйте, сжимайте, конвертируйте и обрабатывайте фотографии прямо в браузере. 100% автономный режим через WebAssembly. Бесплатно, безлимитно и очень безопасно.",,,175,1,true
21,https://helpmyimg.com/hi/background-badlo/,बायोमेट्रिक पासपोर्ट फोटो पृष्ठभूमि रंग परिवर्तक ऑनलाइन - HelpMyIMG,text/html; charset=utf-8,false,200,0,0,"फ़ोटो को सीधे अपने ब्राउज़र में संयोजित करें, विभाजित करें, संपीड़ित करें, रूपांतरित करें और संसाधित करें। WebAssembly के माध्यम से 100% ऑफ़लाइन। मुफ़्त, असीमित और अत्यधिक सुरक्षित।",,,181,1,true
21,https://helpmyimg.com/fi/hmrt-rekisterikilpi/,Sumenna rekisterikilpi verkossa - Auto Privacy Sensori - HelpMyIMG,text/html; charset=utf-8,false,200,0,0,"Yhdistä, jaa, pakkaa, muunna ja käsittele valokuvia suoraan selaimessasi. 100 % offline-tilassa WebAssemblyn kautta. Ilmainen, rajoittamaton ja erittäin turvallinen.",,,165,1,true
21,https://helpmyimg.com/vi/dong-dau-anh/,©️ Hình mờ hình ảnh của tôi - HelpMyIMG,text/html; charset=utf-8,false,200,0,0,"Kết hợp, tách, nén, chuyển đổi và xử lý ảnh trực tiếp trong trình duyệt của bạn. Ngoại tuyến 100% qua WebAssugging. Miễn phí, không giới hạn và có tính bảo mật cao.",,,164,1,true
21,https://helpmyimg.com/fi/muuta-valokuvan-tausta-valkoiseksi/,Muuta valokuvan tausta valkoiseksi – valmis Amazonin ja verkkokaupan käyttöön - HelpMyIMG,text/html; charset=utf-8,false,200,0,0,"Yhdistä, jaa, pakkaa, muunna ja käsittele valokuvia suoraan selaimessasi. 100 % offline-tilassa WebAssemblyn kautta. Ilmainen, rajoittamaton ja erittäin turvallinen.",,,165,1,true
21,https://helpmyimg.com/ru/povernut-izobrazhenie/,Профессиональная фотостудия «Все в одном» - HelpMyIMG,text/html; charset=utf-8,false,200,0,0,"Объединяйте, разделяйте, сжимайте, конвертируйте и обрабатывайте фотографии прямо в браузере. 100% автономный режим через WebAssembly. Бесплатно, безлимитно и очень безопасно.",,,175,1,true
21,https://helpmyimg.com/tl/i-rotate-larawan/,Propesyonal na Photo Studio at Bulk Toolkit - HelpMyIMG,text/html; charset=utf-8,false,200,0,0,"Pagsamahin, hatiin, i-compress, i-convert, at iproseso ang mga larawan nang direkta sa iyong browser. 100% offline sa pamamagitan ng WebAssembly. Libre, walang limitasyon, at lubos na secure.",,,191,1,true
21,https://helpmyimg.com/cs/prevod-obrazku/,Převést WEBP to JPG Zdarma - HelpMyIMG,text/html; charset=utf-8,false,200,0,0,"Kombinujte, rozdělujte, komprimujte, převádějte a zpracovávajte fotografie přímo ve vašem prohlížeči.100% offline přes WebAssembly.Zdarma, neomezené a vysoce bezpečné.",,,167,1,true
21,https://helpmyimg.com/tr/arka-plan-degistir/,Biyometrik Pasaport Fotoğrafı Arka Plan Renk Değiştirici Çevrimiçi - HelpMyIMG,text/html; charset=utf-8,false,200,0,0,"Fotoğrafları doğrudan tarayıcınızda birleştirin, bölün, sıkıştırın, dönüştürün ve işleyin. WebAssembly aracılığıyla %100 çevrimdışı. Ücretsiz, sınırsız ve son derece güvenli.",,,174,1,true
21,https://helpmyimg.com/el/sympiesi-se-50kb/,Συμπίεση εικόνας σε 50 KB - Έξυπνη συμπίεση WebGPU - HelpMyIMG,text/html; charset=utf-8,false,200,0,0,"Συνδυάστε, διαχωρίστε, συμπιέστε, μετατρέψτε και επεξεργαστείτε φωτογραφίες απευθείας στο πρόγραμμα περιήγησής σας. 100% εκτός σύνδεσης μέσω WebAssembly. Δωρεάν, απεριόριστη και εξαιρετικά ασφαλής.",,,197,1,true
21,https://helpmyimg.com/ms/alih-keluar-latar-belakang-daripada-logo/,Alih Keluar Latar Belakang daripada Logo Percuma - Pembuat PNG Lutsinar - HelpMyIMG,text/html; charset=utf-8,false,200,0,0,"Gabungkan, belah, mampatkan, tukar dan proses foto terus dalam penyemak imbas anda. 100% di luar talian melalui WebAssembly. Percuma, tidak terhad dan sangat selamat.",,,166,1,true
21,https://helpmyimg.com/ru/remove-background-from-logo/,Удалить фон из логотипа бесплатно — Создатель PNG с прозрачным фоном - HelpMyIMG,text/html; charset=utf-8,false,200,0,0,"Объединяйте, разделяйте, сжимайте, конвертируйте и обрабатывайте фотографии прямо в браузере. 100% автономный режим через WebAssembly. Бесплатно, безлимитно и очень безопасно.",,,175,1,true
21,https://helpmyimg.com/vi/nen-anh-100kb/,Nén hình ảnh trực tuyến miễn phí xuống 100KB - Nhanh chóng và riêng tư - HelpMyIMG,text/html; charset=utf-8,false,200,0,0,"Kết hợp, tách, nén, chuyển đổi và xử lý ảnh trực tiếp trong trình duyệt của bạn. Ngoại tuyến 100% qua WebAssugging. Miễn phí, không giới hạn và có tính bảo mật cao.",,,164,1,true
21,https://helpmyimg.com/vi/trinh-chinh-sua/,Studio ảnh chuyên nghiệp & Bộ công cụ hàng loạt - HelpMyIMG,text/html; charset=utf-8,false,200,0,0,"Kết hợp, tách, nén, chuyển đổi và xử lý ảnh trực tiếp trong trình duyệt của bạn. Ngoại tuyến 100% qua WebAssugging. Miễn phí, không giới hạn và có tính bảo mật cao.",,,164,1,true
21,https://helpmyimg.com/ms/foto-tera-air-kumpulan/,Foto Teratai Air Berkumpulan - Penambah Logo Pukal - HelpMyIMG,text/html; charset=utf-8,false,200,0,0,"Gabungkan, belah, mampatkan, tukar dan proses foto terus dalam penyemak imbas anda. 100% di luar talian melalui WebAssembly. Percuma, tidak terhad dan sangat selamat.",,,166,1,true
21,https://helpmyimg.com/de/hintergrund-entfernen/,✂️ Hintergrund entfernen - HelpMyIMG,text/html; charset=utf-8,false,200,0,0,"Kombinieren, teilen, komprimieren, konvertieren und verarbeiten Sie Fotos direkt in Ihrem Browser. 100 % offline über WebAssembly. Kostenlos, unbegrenzt und äußerst sicher.",,,172,1,true
21,https://helpmyimg.com/vi/bin-s-xe-m/,Làm mờ biển số xe trực tuyến - Tự động kiểm duyệt quyền riêng tư - HelpMyIMG,text/html; charset=utf-8,false,200,0,0,"Kết hợp, tách, nén, chuyển đổi và xử lý ảnh trực tiếp trong trình duyệt của bạn. Ngoại tuyến 100% qua WebAssugging. Miễn phí, không giới hạn và có tính bảo mật cao.",,,164,1,true
21,https://helpmyimg.com/de/magic-brush/,Manueller Pinsel - HelpMyIMG,text/html; charset=utf-8,false,200,0,0,"Kombinieren, teilen, komprimieren, konvertieren und verarbeiten Sie Fotos direkt in Ihrem Browser. 100 % offline über WebAssembly. Kostenlos, unbegrenzt und äußerst sicher.",,,172,1,true
21,https://helpmyimg.com/tl/resize-image-for-instagram/,I-resize para sa Instagram - HelpMyIMG,text/html; charset=utf-8,false,200,0,0,"Pagsamahin, hatiin, i-compress, i-convert, at iproseso ang mga larawan nang direkta sa iyong browser. 100% offline sa pamamagitan ng WebAssembly. Libre, walang limitasyon, at lubos na secure.",,,191,1,true
21,https://helpmyimg.com/es/marca-de-agua/,©️ Marca de agua en mi imagen - HelpMyIMG,text/html; charset=utf-8,false,200,0,0,"Combine, divida, comprima, convierta y procese fotografías directamente en su navegador. 100% sin conexión a través de WebAssembly. Gratis, ilimitado y muy seguro.",,,163,1,true
21,https://helpmyimg.com/hu/kep-tomorites-50kb/,Kép tömörítése 50 KB-ra – Intelligens WebGPU-tömörítés - HelpMyIMG,text/html; charset=utf-8,false,200,0,0,"Kombinálja, osztja fel, tömörítse, konvertálja és dolgozza fel a fényképeket közvetlenül a böngészőben. 100%-ban offline a WebAssembly segítségével. Ingyenes, korlátlan és rendkívül biztonságos.",,,194,1,true
21,https://helpmyimg.com/pl/kompresja-obrazu-50kb/,Kompresuj obraz do 50 KB — inteligentna kompresja WebGPU - HelpMyIMG,text/html; charset=utf-8,false,200,0,0,"Łącz, dziel, kompresuj, konwertuj i przetwarzaj zdjęcia bezpośrednio w przeglądarce. 100% offline poprzez WebAssembly. Bezpłatny, nieograniczony i wysoce bezpieczny.",,,165,1,true
21,https://helpmyimg.com/hu/ktegelt-vzjel-fotk/,Batch Watermark Photos - Tömeges Logo Adder - HelpMyIMG,text/html; charset=utf-8,false,200,0,0,"Kombinálja, osztja fel, tömörítse, konvertálja és dolgozza fel a fényképeket közvetlenül a böngészőben. 100%-ban offline a WebAssembly segítségével. Ingyenes, korlátlan és rendkívül biztonságos.",,,194,1,true
21,https://helpmyimg.com/fr/changer-fond/,Changeur de couleur de fond de photo de passeport biométrique en ligne - HelpMyIMG,text/html; charset=utf-8,false,200,0,0,"Combinez, divisez, compressez, convertissez et traitez des photos directement dans votre navigateur. 100% hors ligne via WebAssembly. Gratuit, illimité et hautement sécurisé.",,,174,1,true
21,https://helpmyimg.com/de/gesicht-verwischen/,Professionelles All-in-One Fotostudio & Toolkit - HelpMyIMG,text/html; charset=utf-8,false,200,0,0,"Kombinieren, teilen, komprimieren, konvertieren und verarbeiten Sie Fotos direkt in Ihrem Browser. 100 % offline über WebAssembly. Kostenlos, unbegrenzt und äußerst sicher.",,,172,1,true
21,https://helpmyimg.com/uk/rozshyrenyy-redaktor/,Професійна фотостудія та набір інструментів - HelpMyIMG,text/html; charset=utf-8,false,200,0,0,"Комбінуйте, розділяйте, стискайте, конвертуйте та обробляйте фотографії безпосередньо у вашому браузері. 100% офлайн через WebAssembly. Безкоштовний, необмежений і дуже безпечний.",,,179,1,true
21,https://helpmyimg.com/cs/zmnit-pozad-fotografie-na-bl/,Změnit fotografické pozadí na bílé – připraveno pro Amazon a elektronický obchod - HelpMyIMG,text/html; charset=utf-8,false,200,0,0,"Kombinujte, rozdělujte, komprimujte, převádějte a zpracovávajte fotografie přímo ve vašem prohlížeči.100% offline přes WebAssembly.Zdarma, neomezené a vysoce bezpečné.",,,167,1,true
21,https://helpmyimg.com/hu/magic-brush/,Kézi Ecset - HelpMyIMG,text/html; charset=utf-8,false,200,0,0,"Kombinálja, osztja fel, tömörítse, konvertálja és dolgozza fel a fényképeket közvetlenül a böngészőben. 100%-ban offline a WebAssembly segítségével. Ingyenes, korlátlan és rendkívül biztonságos.",,,194,1,true
21,https://helpmyimg.com/uk/vydalyty-tlo/,✂️ Видалити Фон - HelpMyIMG,text/html; charset=utf-8,false,200,0,0,"Комбінуйте, розділяйте, стискайте, конвертуйте та обробляйте фотографії безпосередньо у вашому браузері. 100% офлайн через WebAssembly. Безкоштовний, необмежений і дуже безпечний.",,,179,1,true
21,https://helpmyimg.com/pl/wsadowe-zdjcia-ze-znakiem-wodnym/,Zdjęcia wsadowe ze znakiem wodnym — zbiorczy dodatek do logo - HelpMyIMG,text/html; charset=utf-8,false,200,0,0,"Łącz, dziel, kompresuj, konwertuj i przetwarzaj zdjęcia bezpośrednio w przeglądarce. 100% offline poprzez WebAssembly. Bezpłatny, nieograniczony i wysoce bezpieczny.",,,165,1,true
21,https://helpmyimg.com/ms/pemilih-warna/,Studio Foto Profesional & Kit Alat Pukal - HelpMyIMG,text/html; charset=utf-8,false,200,0,0,"Gabungkan, belah, mampatkan, tukar dan proses foto terus dalam penyemak imbas anda. 100% di luar talian melalui WebAssembly. Percuma, tidak terhad dan sangat selamat.",,,166,1,true
21,https://helpmyimg.com/ms/ubah-saiz-imej/,Ubah Saiz Imej to 4x6 Percuma - HelpMyIMG,text/html; charset=utf-8,false,200,0,0,"Gabungkan, belah, mampatkan, tukar dan proses foto terus dalam penyemak imbas anda. 100% di luar talian melalui WebAssembly. Percuma, tidak terhad dan sangat selamat.",,,166,1,true
21,https://helpmyimg.com/es/eliminar-el-fondo-del-logo/,Eliminar fondo del logotipo gratis - Creador de PNG transparente - HelpMyIMG,text/html; charset=utf-8,false,200,0,0,"Combine, divida, comprima, convierta y procese fotografías directamente en su navegador. 100% sin conexión a través de WebAssembly. Gratis, ilimitado y muy seguro.",,,163,1,true
21,https://helpmyimg.com/fi/poista-tausta-logosta/,Poista tausta Logo Free - Transparent PNG Maker - HelpMyIMG,text/html; charset=utf-8,false,200,0,0,"Yhdistä, jaa, pakkaa, muunna ja käsittele valokuvia suoraan selaimessasi. 100 % offline-tilassa WebAssemblyn kautta. Ilmainen, rajoittamaton ja erittäin turvallinen.",,,165,1,true
21,https://helpmyimg.com/es/comprimir-imagen-a-50kb/,Comprimir imagen a 50 KB: compresión WebGPU inteligente - HelpMyIMG,text/html; charset=utf-8,false,200,0,0,"Combine, divida, comprima, convierta y procese fotografías directamente en su navegador. 100% sin conexión a través de WebAssembly. Gratis, ilimitado y muy seguro.",,,163,1,true
21,https://helpmyimg.com/es/cambiar-el-fondo-de-la-foto-a-blanco/,Cambie el fondo de la foto a blanco: listo para Amazon y comercio electrónico - HelpMyIMG,text/html; charset=utf-8,false,200,0,0,"Combine, divida, comprima, convierta y procese fotografías directamente en su navegador. 100% sin conexión a través de WebAssembly. Gratis, ilimitado y muy seguro.",,,163,1,true
21,https://helpmyimg.com/hi/image-compress-50kb/,छवि को 50KB तक संपीड़ित करें - स्मार्ट वेबजीपीयू संपीड़न - HelpMyIMG,text/html; charset=utf-8,false,200,0,0,"फ़ोटो को सीधे अपने ब्राउज़र में संयोजित करें, विभाजित करें, संपीड़ित करें, रूपांतरित करें और संसाधित करें। WebAssembly के माध्यम से 100% ऑफ़लाइन। मुफ़्त, असीमित और अत्यधिक सुरक्षित।",,,181,1,true
21,https://helpmyimg.com/uk/rozmyty-oblychchya/,Професійна фотостудія та набір інструментів - HelpMyIMG,text/html; charset=utf-8,false,200,0,0,"Комбінуйте, розділяйте, стискайте, конвертуйте та обробляйте фотографії безпосередньо у вашому браузері. 100% офлайн через WebAssembly. Безкоштовний, необмежений і дуже безпечний.",,,179,1,true
21,https://helpmyimg.com/fi/kehittynyt-editori/,Ammattimainen valokuvastudio ja joukkotyökalupakki - HelpMyIMG,text/html; charset=utf-8,false,200,0,0,"Yhdistä, jaa, pakkaa, muunna ja käsittele valokuvia suoraan selaimessasi. 100 % offline-tilassa WebAssemblyn kautta. Ilmainen, rajoittamaton ja erittäin turvallinen.",,,165,1,true
21,https://helpmyimg.com/ru/change-photo-background-to-white/,Изменение фона фотографии на белый — поддержка Amazon и электронной коммерции - HelpMyIMG,text/html; charset=utf-8,false,200,0,0,"Объединяйте, разделяйте, сжимайте, конвертируйте и обрабатывайте фотографии прямо в браузере. 100% автономный режим через WebAssembly. Бесплатно, безлимитно и очень безопасно.",,,175,1,true
21,https://helpmyimg.com/vi/doi-nen/,Sinh trắc học Ảnh hộ chiếu Đổi màu nền trực tuyến - HelpMyIMG,text/html; charset=utf-8,false,200,0,0,"Kết hợp, tách, nén, chuyển đổi và xử lý ảnh trực tiếp trong trình duyệt của bạn. Ngoại tuyến 100% qua WebAssugging. Miễn phí, không giới hạn và có tính bảo mật cao.",,,164,1,true
21,https://helpmyimg.com/tl/watermark/,©️ Watermark Aking Larawan - HelpMyIMG,text/html; charset=utf-8,false,200,0,0,"Pagsamahin, hatiin, i-compress, i-convert, at iproseso ang mga larawan nang direkta sa iyong browser. 100% offline sa pamamagitan ng WebAssembly. Libre, walang limitasyon, at lubos na secure.",,,191,1,true
21,https://helpmyimg.com/hi/200kb/,छवि को 200KB तक संपीड़ित करें - उच्च गुणवत्ता वाला रेड्यूसर - HelpMyIMG,text/html; charset=utf-8,false,200,0,0,"फ़ोटो को सीधे अपने ब्राउज़र में संयोजित करें, विभाजित करें, संपीड़ित करें, रूपांतरित करें और संसाधित करें। WebAssembly के माध्यम से 100% ऑफ़लाइन। मुफ़्त, असीमित और अत्यधिक सुरक्षित।",,,181,1,true
21,https://helpmyimg.com/vi/chuyn-webp-sang-jpg/,Chuyển đổi WEBP sang JPG miễn phí - Chuyển đổi hình ảnh - HelpMyIMG,text/html; charset=utf-8,false,200,0,0,"Kết hợp, tách, nén, chuyển đổi và xử lý ảnh trực tiếp trong trình duyệt của bạn. Ngoại tuyến 100% qua WebAssugging. Miễn phí, không giới hạn và có tính bảo mật cao.",,,164,1,true
21,https://helpmyimg.com/ms/tukar-latar-belakang/,Penukar Warna Latar Belakang Foto Pasport Biometrik Dalam Talian - HelpMyIMG,text/html; charset=utf-8,false,200,0,0,"Gabungkan, belah, mampatkan, tukar dan proses foto terus dalam penyemak imbas anda. 100% di luar talian melalui WebAssembly. Percuma, tidak terhad dan sangat selamat.",,,166,1,true
21,https://helpmyimg.com/es/cambiar-el-tamao-de-la-foto-al-tamao-pasaporte/,Cambiar el tamaño de la foto al tamaño de pasaporte - Visa & ID Maker - HelpMyIMG,text/html; charset=utf-8,false,200,0,0,"Combine, divida, comprima, convierta y procese fotografías directamente en su navegador. 100% sin conexión a través de WebAssembly. Gratis, ilimitado y muy seguro.",,,163,1,true
21,https://helpmyimg.com/vi/nn-nh-xung-200kb/,Nén hình ảnh xuống 200KB - Giảm chất lượng cao - HelpMyIMG,text/html; charset=utf-8,false,200,0,0,"Kết hợp, tách, nén, chuyển đổi và xử lý ảnh trực tiếp trong trình duyệt của bạn. Ngoại tuyến 100% qua WebAssugging. Miễn phí, không giới hạn và có tính bảo mật cao.",,,164,1,true
21,https://helpmyimg.com/vi/doi-kich-thuoc-instagram/,Thay đổi kích thước hình ảnh cho Instagram trực tuyến - Không cần cắt xén - HelpMyIMG,text/html; charset=utf-8,false,200,0,0,"Kết hợp, tách, nén, chuyển đổi và xử lý ảnh trực tiếp trong trình duyệt của bạn. Ngoại tuyến 100% qua WebAssugging. Miễn phí, không giới hạn và có tính bảo mật cao.",,,164,1,true
21,https://helpmyimg.com/es/eliminar-persona-de-la-foto/,Eliminar persona de la foto - Borrador de Photobomb gratuito - HelpMyIMG,text/html; charset=utf-8,false,200,0,0,"Combine, divida, comprima, convierta y procese fotografías directamente en su navegador. 100% sin conexión a través de WebAssembly. Gratis, ilimitado y muy seguro.",,,163,1,true
21,https://helpmyimg.com/tr/resim-sikistir/,Sıkıştır Resim to 200KB Ücretsiz - HelpMyIMG,text/html; charset=utf-8,false,200,0,0,"Fotoğrafları doğrudan tarayıcınızda birleştirin, bölün, sıkıştırın, dönüştürün ve işleyin. WebAssembly aracılığıyla %100 çevrimdışı. Ücretsiz, sınırsız ve son derece güvenli.",,,174,1,true
21,https://helpmyimg.com/el/perikopi-eikonas/,Επαγγελματικό Photo Studio & Bulk Toolkit - HelpMyIMG,text/html; charset=utf-8,false,200,0,0,"Συνδυάστε, διαχωρίστε, συμπιέστε, μετατρέψτε και επεξεργαστείτε φωτογραφίες απευθείας στο πρόγραμμα περιήγησής σας. 100% εκτός σύνδεσης μέσω WebAssembly. Δωρεάν, απεριόριστη και εξαιρετικά ασφαλής.",,,197,1,true
21,https://helpmyimg.com/fi/pakkaa-kuva/,Pakkaa Kuva to 200KB Ilmainen - HelpMyIMG,text/html; charset=utf-8,false,200,0,0,"Yhdistä, jaa, pakkaa, muunna ja käsittele valokuvia suoraan selaimessasi. 100 % offline-tilassa WebAssemblyn kautta. Ilmainen, rajoittamaton ja erittäin turvallinen.",,,165,1,true
21,https://helpmyimg.com/fi/muunna-kuva/,Muunna WEBP to JPG Ilmainen - HelpMyIMG,text/html; charset=utf-8,false,200,0,0,"Yhdistä, jaa, pakkaa, muunna ja käsittele valokuvia suoraan selaimessasi. 100 % offline-tilassa WebAssemblyn kautta. Ilmainen, rajoittamaton ja erittäin turvallinen.",,,165,1,true
21,https://helpmyimg.com/pl/zmien-tlo/,Zmieniacz koloru tła zdjęcia paszportu biometrycznego online - HelpMyIMG,text/html; charset=utf-8,false,200,0,0,"Łącz, dziel, kompresuj, konwertuj i przetwarzaj zdjęcia bezpośrednio w przeglądarce. 100% offline poprzez WebAssembly. Bezpłatny, nieograniczony i wysoce bezpieczny.",,,165,1,true
21,https://helpmyimg.com/cs/zmnit-velikost-fotografie-na-velikost-pasu/,Změna velikosti fotografie na velikost pasu – Visa & ID Maker - HelpMyIMG,text/html; charset=utf-8,false,200,0,0,"Kombinujte, rozdělujte, komprimujte, převádějte a zpracovávajte fotografie přímo ve vašem prohlížeči.100% offline přes WebAssembly.Zdarma, neomezené a vysoce bezpečné.",,,167,1,true
21,https://helpmyimg.com/tr/fotoraf-pasaport-boyutuna-gre-yeniden-boyutlandr/,Fotoğrafı Pasaport Boyutuna Yeniden Boyutlandır - Vize ve Kimlik Oluşturucu - HelpMyIMG,text/html; charset=utf-8,false,200,0,0,"Fotoğrafları doğrudan tarayıcınızda birleştirin, bölün, sıkıştırın, dönüştürün ve işleyin. WebAssembly aracılığıyla %100 çevrimdışı. Ücretsiz, sınırsız ve son derece güvenli.",,,174,1,true
21,https://helpmyimg.com/pl/zmiana-rozmiaru/,Zmień rozmiar Obraz to 4x6 Za darmo - HelpMyIMG,text/html; charset=utf-8,false,200,0,0,"Łącz, dziel, kompresuj, konwertuj i przetwarzaj zdjęcia bezpośrednio w przeglądarce. 100% offline poprzez WebAssembly. Bezpłatny, nieograniczony i wysoce bezpieczny.",,,165,1,true
21,https://helpmyimg.com/vi/xoay-anh/,Studio ảnh chuyên nghiệp & Bộ công cụ hàng loạt - HelpMyIMG,text/html; charset=utf-8,false,200,0,0,"Kết hợp, tách, nén, chuyển đổi và xử lý ảnh trực tiếp trong trình duyệt của bạn. Ngoại tuyến 100% qua WebAssugging. Miễn phí, không giới hạn và có tính bảo mật cao.",,,164,1,true
21,https://helpmyimg.com/el/batch-watermark-photos/,Μαζικές φωτογραφίες υδατογραφήματος - Μαζική προσθήκη λογότυπων - HelpMyIMG,text/html; charset=utf-8,false,200,0,0,"Συνδυάστε, διαχωρίστε, συμπιέστε, μετατρέψτε και επεξεργαστείτε φωτογραφίες απευθείας στο πρόγραμμα περιήγησής σας. 100% εκτός σύνδεσης μέσω WebAssembly. Δωρεάν, απεριόριστη και εξαιρετικά ασφαλής.",,,197,1,true
21,https://helpmyimg.com/fr/compresser-image-100ko/,Compresser l'image à 100 Ko en ligne gratuitement - Rapide et privé - HelpMyIMG,text/html; charset=utf-8,false,200,0,0,"Combinez, divisez, compressez, convertissez et traitez des photos directement dans votre navigateur. 100% hors ligne via WebAssembly. Gratuit, illimité et hautement sécurisé.",,,174,1,true
21,https://helpmyimg.com/vi/nen-anh/,Nén Hình ảnh to 200KB Miễn phí - HelpMyIMG,text/html; charset=utf-8,false,200,0,0,"Kết hợp, tách, nén, chuyển đổi và xử lý ảnh trực tiếp trong trình duyệt của bạn. Ngoại tuyến 100% qua WebAssugging. Miễn phí, không giới hạn và có tính bảo mật cao.",,,164,1,true
21,https://helpmyimg.com/pl/zmie-rozmiar-zdjcia-na-rozmiar-paszportowy/,Zmień rozmiar zdjęcia na rozmiar paszportu - narzędzie do tworzenia wiz i dokumentów tożsamości - HelpMyIMG,text/html; charset=utf-8,false,200,0,0,"Łącz, dziel, kompresuj, konwertuj i przetwarzaj zdjęcia bezpośrednio w przeglądarce. 100% offline poprzez WebAssembly. Bezpłatny, nieograniczony i wysoce bezpieczny.",,,165,1,true
21,https://helpmyimg.com/pl/rozmycie-twarzy/,Profesjonalne studio fotograficzne i zestaw narzędzi zbiorczych - HelpMyIMG,text/html; charset=utf-8,false,200,0,0,"Łącz, dziel, kompresuj, konwertuj i przetwarzaj zdjęcia bezpośrednio w przeglądarce. 100% offline poprzez WebAssembly. Bezpłatny, nieograniczony i wysoce bezpieczny.",,,165,1,true
21,https://helpmyimg.com/uk/webp-jpg/,Безкоштовно конвертуйте WEBP у JPG - конвертер зображень - HelpMyIMG,text/html; charset=utf-8,false,200,0,0,"Комбінуйте, розділяйте, стискайте, конвертуйте та обробляйте фотографії безпосередньо у вашому браузері. 100% офлайн через WebAssembly. Безкоштовний, необмежений і дуже безпечний.",,,179,1,true
21,https://helpmyimg.com/fr/convertir-image/,Convertir WEBP to JPG Gratuit - HelpMyIMG,text/html; charset=utf-8,false,200,0,0,"Combinez, divisez, compressez, convertissez et traitez des photos directement dans votre navigateur. 100% hors ligne via WebAssembly. Gratuit, illimité et hautement sécurisé.",,,174,1,true
21,https://helpmyimg.com/el/allagi-megethous/,Αλλαγή μεγέθους Εικόνα to 4x6 Δωρεάν - HelpMyIMG,text/html; charset=utf-8,false,200,0,0,"Συνδυάστε, διαχωρίστε, συμπιέστε, μετατρέψτε και επεξεργαστείτε φωτογραφίες απευθείας στο πρόγραμμα περιήγησής σας. 100% εκτός σύνδεσης μέσω WebAssembly. Δωρεάν, απεριόριστη και εξαιρετικά ασφαλής.",,,197,1,true
21,https://helpmyimg.com/el/resize-photo-to-passport-size/,Αλλαγή μεγέθους φωτογραφίας σε μέγεθος διαβατηρίου - Visa & ID Maker - HelpMyIMG,text/html; charset=utf-8,false,200,0,0,"Συνδυάστε, διαχωρίστε, συμπιέστε, μετατρέψτε και επεξεργαστείτε φωτογραφίες απευθείας στο πρόγραμμα περιήγησής σας. 100% εκτός σύνδεσης μέσω WebAssembly. Δωρεάν, απεριόριστη και εξαιρετικά ασφαλής.",,,197,1,true
21,https://helpmyimg.com/ru/szhat-izobrazhenie-50kb/,Сжатие изображения до 50 КБ — интеллектуальное сжатие WebGPU - HelpMyIMG,text/html; charset=utf-8,false,200,0,0,"Объединяйте, разделяйте, сжимайте, конвертируйте и обрабатывайте фотографии прямо в браузере. 100% автономный режим через WebAssembly. Бесплатно, безлимитно и очень безопасно.",,,175,1,true
21,https://helpmyimg.com/vi/xa-nn-khi-logo/,Xóa nền khỏi Logo miễn phí - Transparent PNG Maker - HelpMyIMG,text/html; charset=utf-8,false,200,0,0,"Kết hợp, tách, nén, chuyển đổi và xử lý ảnh trực tiếp trong trình duyệt của bạn. Ngoại tuyến 100% qua WebAssugging. Miễn phí, không giới hạn và có tính bảo mật cao.",,,164,1,true
21,https://helpmyimg.com/pl/zamazana-tablica-rejestracyjna/,Zamazanie tablicy rejestracyjnej online — automatyczna cenzura prywatności - HelpMyIMG,text/html; charset=utf-8,false,200,0,0,"Łącz, dziel, kompresuj, konwertuj i przetwarzaj zdjęcia bezpośrednio w przeglądarce. 100% offline poprzez WebAssembly. Bezpłatny, nieograniczony i wysoce bezpieczny.",,,165,1,true
21,https://helpmyimg.com/uk/zminyty-tlo/,Зміна кольору тла біометричної фотографії паспорта онлайн - HelpMyIMG,text/html; charset=utf-8,false,200,0,0,"Комбінуйте, розділяйте, стискайте, конвертуйте та обробляйте фотографії безпосередньо у вашому браузері. 100% офлайн через WebAssembly. Безкоштовний, необмежений і дуже безпечний.",,,179,1,true
21,https://helpmyimg.com/ru/remove-person-from-photo/,Удалить человека с фотографии — бесплатный ластик для фотобомбы - HelpMyIMG,text/html; charset=utf-8,false,200,0,0,"Объединяйте, разделяйте, сжимайте, конвертируйте и обрабатывайте фотографии прямо в браузере. 100% автономный режим через WebAssembly. Бесплатно, безлимитно и очень безопасно.",,,175,1,true
21,https://helpmyimg.com/ru/obrezat-izobrazhenie/,Профессиональная фотостудия «Все в одном» - HelpMyIMG,text/html; charset=utf-8,false,200,0,0,"Объединяйте, разделяйте, сжимайте, конвертируйте и обрабатывайте фотографии прямо в браузере. 100% автономный режим через WebAssembly. Бесплатно, безлимитно и очень безопасно.",,,175,1,true
21,https://helpmyimg.com/tl/i-compress-larawan/,I-compress Larawan to 200KB Libre - HelpMyIMG,text/html; charset=utf-8,false,200,0,0,"Pagsamahin, hatiin, i-compress, i-convert, at iproseso ang mga larawan nang direkta sa iyong browser. 100% offline sa pamamagitan ng WebAssembly. Libre, walang limitasyon, at lubos na secure.",,,191,1,true
21,https://helpmyimg.com/ms/mampatkan-imej-kepada-200kb/,Mampatkan Imej kepada 200KB - Pengurangan Kualiti Tinggi - HelpMyIMG,text/html; charset=utf-8,false,200,0,0,"Gabungkan, belah, mampatkan, tukar dan proses foto terus dalam penyemak imbas anda. 100% di luar talian melalui WebAssembly. Percuma, tidak terhad dan sangat selamat.",,,166,1,true
21,https://helpmyimg.com/ms/editor-reka-bentuk/,Studio Foto Profesional & Kit Alat Pukal - HelpMyIMG,text/html; charset=utf-8,false,200,0,0,"Gabungkan, belah, mampatkan, tukar dan proses foto terus dalam penyemak imbas anda. 100% di luar talian melalui WebAssembly. Percuma, tidak terhad dan sangat selamat.",,,166,1,true
21,https://helpmyimg.com/hu/instagram-atmeretezes/,Kép átméretezése az Instagram Online számára – nincs szükség vágásra - HelpMyIMG,text/html; charset=utf-8,false,200,0,0,"Kombinálja, osztja fel, tömörítse, konvertálja és dolgozza fel a fényképeket közvetlenül a böngészőben. 100%-ban offline a WebAssembly segítségével. Ingyenes, korlátlan és rendkívül biztonságos.",,,194,1,true
21,https://helpmyimg.com/hu/kep-konvertalas/,Konvertálás WEBP to JPG Ingyenes - HelpMyIMG,text/html; charset=utf-8,false,200,0,0,"Kombinálja, osztja fel, tömörítse, konvertálja és dolgozza fel a fényképeket közvetlenül a böngészőben. 100%-ban offline a WebAssembly segítségével. Ingyenes, korlátlan és rendkívül biztonságos.",,,194,1,true
21,https://helpmyimg.com/fr/compresser-image/,Compresser Image to 200KB Gratuit - HelpMyIMG,text/html; charset=utf-8,false,200,0,0,"Combinez, divisez, compressez, convertissez et traitez des photos directement dans votre navigateur. 100% hors ligne via WebAssembly. Gratuit, illimité et hautement sécurisé.",,,174,1,true
21,https://helpmyimg.com/vi/xa-ngi-khi-nh/,Xóa người khỏi ảnh - Công cụ xóa Photobomb miễn phí - HelpMyIMG,text/html; charset=utf-8,false,200,0,0,"Kết hợp, tách, nén, chuyển đổi và xử lý ảnh trực tiếp trong trình duyệt của bạn. Ngoại tuyến 100% qua WebAssugging. Miễn phí, không giới hạn và có tính bảo mật cao.",,,164,1,true
21,https://helpmyimg.com/pl/usu-to-z-logo/,Usuń tło z logo za darmo - przezroczysty kreator PNG - HelpMyIMG,text/html; charset=utf-8,false,200,0,0,"Łącz, dziel, kompresuj, konwertuj i przetwarzaj zdjęcia bezpośrednio w przeglądarce. 100% offline poprzez WebAssembly. Bezpłatny, nieograniczony i wysoce bezpieczny.",,,165,1,true
21,https://helpmyimg.com/el/epilogi-chromatos/,Επαγγελματικό Photo Studio & Bulk Toolkit - HelpMyIMG,text/html; charset=utf-8,false,200,0,0,"Συνδυάστε, διαχωρίστε, συμπιέστε, μετατρέψτε και επεξεργαστείτε φωτογραφίες απευθείας στο πρόγραμμα περιήγησής σας. 100% εκτός σύνδεσης μέσω WebAssembly. Δωρεάν, απεριόριστη και εξαιρετικά ασφαλής.",,,197,1,true
21,https://helpmyimg.com/fr/flouter-la-plaque-dimmatriculation/,Flou de plaque d'immatriculation en ligne - Censure automatique de la confidentialité - HelpMyIMG,text/html; charset=utf-8,false,200,0,0,"Combinez, divisez, compressez, convertissez et traitez des photos directement dans votre navigateur. 100% hors ligne via WebAssembly. Gratuit, illimité et hautement sécurisé.",,,174,1,true
21,https://helpmyimg.com/vi/magic-brush/,Cọ Thủ Công - HelpMyIMG,text/html; charset=utf-8,false,200,0,0,"Kết hợp, tách, nén, chuyển đổi và xử lý ảnh trực tiếp trong trình duyệt của bạn. Ngoại tuyến 100% qua WebAssugging. Miễn phí, không giới hạn và có tính bảo mật cao.",,,164,1,true
21,https://helpmyimg.com/el/peristrafi-eikonas/,Επαγγελματικό Photo Studio & Bulk Toolkit - HelpMyIMG,text/html; charset=utf-8,false,200,0,0,"Συνδυάστε, διαχωρίστε, συμπιέστε, μετατρέψτε και επεξεργαστείτε φωτογραφίες απευθείας στο πρόγραμμα περιήγησής σας. 100% εκτός σύνδεσης μέσω WebAssembly. Δωρεάν, απεριόριστη και εξαιρετικά ασφαλής.",,,197,1,true
21,https://helpmyimg.com/pl/obroc-obraz/,Profesjonalne studio fotograficzne i zestaw narzędzi zbiorczych - HelpMyIMG,text/html; charset=utf-8,false,200,0,0,"Łącz, dziel, kompresuj, konwertuj i przetwarzaj zdjęcia bezpośrednio w przeglądarce. 100% offline poprzez WebAssembly. Bezpłatny, nieograniczony i wysoce bezpieczny.",,,165,1,true
21,https://helpmyimg.com/de/bild-fuer-instagram-skalieren/,Bildgröße für Instagram online ändern – kein Zuschneiden erforderlich - HelpMyIMG,text/html; charset=utf-8,false,200,0,0,"Kombinieren, teilen, komprimieren, konvertieren und verarbeiten Sie Fotos direkt in Ihrem Browser. 100 % offline über WebAssembly. Kostenlos, unbegrenzt und äußerst sicher.",,,172,1,true
21,https://helpmyimg.com/tl/removelogo/,Alisin ang logo - HelpMyIMG,text/html; charset=utf-8,false,200,0,0,"Pagsamahin, hatiin, i-compress, i-convert, at iproseso ang mga larawan nang direkta sa iyong browser. 100% offline sa pamamagitan ng WebAssembly. Libre, walang limitasyon, at lubos na secure.",,,191,1,true
21,https://helpmyimg.com/hi/image-convert/,बदलें WEBP to JPG मुफ़्त - HelpMyIMG,text/html; charset=utf-8,false,200,0,0,"फ़ोटो को सीधे अपने ब्राउज़र में संयोजित करें, विभाजित करें, संपीड़ित करें, रूपांतरित करें और संसाधित करें। WebAssembly के माध्यम से 100% ऑफ़लाइन। मुफ़्त, असीमित और अत्यधिक सुरक्षित।",,,181,1,true
21,https://helpmyimg.com/hi/remove-background-from-logo/,लोगो से पृष्ठभूमि हटाएँ मुफ़्त - पारदर्शी पीएनजी निर्माता - HelpMyIMG,text/html; charset=utf-8,false,200,0,0,"फ़ोटो को सीधे अपने ब्राउज़र में संयोजित करें, विभाजित करें, संपीड़ित करें, रूपांतरित करें और संसाधित करें। WebAssembly के माध्यम से 100% ऑफ़लाइन। मुफ़्त, असीमित और अत्यधिक सुरक्षित।",,,181,1,true
21,https://helpmyimg.com/ru/udalit-fon/,✂️ Удалить Фон - HelpMyIMG,text/html; charset=utf-8,false,200,0,0,"Объединяйте, разделяйте, сжимайте, конвертируйте и обрабатывайте фотографии прямо в браузере. 100% автономный режим через WebAssembly. Бесплатно, безлимитно и очень безопасно.",,,175,1,true
21,https://helpmyimg.com/ms/tanda-air/,©️ Tera Air Imej Saya - HelpMyIMG,text/html; charset=utf-8,false,200,0,0,"Gabungkan, belah, mampatkan, tukar dan proses foto terus dalam penyemak imbas anda. 100% di luar talian melalui WebAssembly. Percuma, tidak terhad dan sangat selamat.",,,166,1,true
21,https://helpmyimg.com/hi/image-crop/,पेशेवर ऑल-इन-वन फ़ोटो स्टूडियो और बल्क एडिटर - HelpMyIMG,text/html; charset=utf-8,false,200,0,0,"फ़ोटो को सीधे अपने ब्राउज़र में संयोजित करें, विभाजित करें, संपीड़ित करें, रूपांतरित करें और संसाधित करें। WebAssembly के माध्यम से 100% ऑफ़लाइन। मुफ़्त, असीमित और अत्यधिक सुरक्षित।",,,181,1,true
21,https://helpmyimg.com/uk/vodyanyy-znak/,©️ Водяний знак My Image - HelpMyIMG,text/html; charset=utf-8,false,200,0,0,"Комбінуйте, розділяйте, стискайте, конвертуйте та обробляйте фотографії безпосередньо у вашому браузері. 100% офлайн через WebAssembly. Безкоштовний, необмежений і дуже безпечний.",,,179,1,true
21,https://helpmyimg.com/el/sympiesi-se-100kb/,Συμπίεση εικόνας σε 100 KB Δωρεάν Online - Γρήγορη και ιδιωτική - HelpMyIMG,text/html; charset=utf-8,false,200,0,0,"Συνδυάστε, διαχωρίστε, συμπιέστε, μετατρέψτε και επεξεργαστείτε φωτογραφίες απευθείας στο πρόγραμμα περιήγησής σας. 100% εκτός σύνδεσης μέσω WebAssembly. Δωρεάν, απεριόριστη και εξαιρετικά ασφαλής.",,,197,1,true
21,https://helpmyimg.com/fr/redimensionner-image/,Redimensionner Image to 4x6 Gratuit - HelpMyIMG,text/html; charset=utf-8,false,200,0,0,"Combinez, divisez, compressez, convertissez et traitez des photos directement dans votre navigateur. 100% hors ligne via WebAssembly. Gratuit, illimité et hautement sécurisé.",,,174,1,true
21,https://helpmyimg.com/pl/zmiana-rozmiaru-instagram/,Zmień rozmiar obrazu w serwisie Instagram Online — bez konieczności przycinania - HelpMyIMG,text/html; charset=utf-8,false,200,0,0,"Łącz, dziel, kompresuj, konwertuj i przetwarzaj zdjęcia bezpośrednio w przeglądarce. 100% offline poprzez WebAssembly. Bezpłatny, nieograniczony i wysoce bezpieczny.",,,165,1,true
21,https://helpmyimg.com/tl/i-compress-larawan-100kb/,I-compress ang larawan sa 100KB - HelpMyIMG,text/html; charset=utf-8,false,200,0,0,"Pagsamahin, hatiin, i-compress, i-convert, at iproseso ang mga larawan nang direkta sa iyong browser. 100% offline sa pamamagitan ng WebAssembly. Libre, walang limitasyon, at lubos na secure.",,,191,1,true
21,https://helpmyimg.com/es/matrcula-borrosa/,Desenfoque de matrícula en línea - Censor automático de privacidad - HelpMyIMG,text/html; charset=utf-8,false,200,0,0,"Combine, divida, comprima, convierta y procese fotografías directamente en su navegador. 100% sin conexión a través de WebAssembly. Gratis, ilimitado y muy seguro.",,,163,1,true
21,https://helpmyimg.com/tl/alisin-background/,✂️ Alisin ang Background - HelpMyIMG,text/html; charset=utf-8,false,200,0,0,"Pagsamahin, hatiin, i-compress, i-convert, at iproseso ang mga larawan nang direkta sa iyong browser. 100% offline sa pamamagitan ng WebAssembly. Libre, walang limitasyon, at lubos na secure.",,,191,1,true
21,https://helpmyimg.com/tl/removeperson/,Alisin ang tao - HelpMyIMG,text/html; charset=utf-8,false,200,0,0,"Pagsamahin, hatiin, i-compress, i-convert, at iproseso ang mga larawan nang direkta sa iyong browser. 100% offline sa pamamagitan ng WebAssembly. Libre, walang limitasyon, at lubos na secure.",,,191,1,true
21,https://helpmyimg.com/vi/xoa-nen/,✂️ Xóa Nền AI - HelpMyIMG,text/html; charset=utf-8,false,200,0,0,"Kết hợp, tách, nén, chuyển đổi và xử lý ảnh trực tiếp trong trình duyệt của bạn. Ngoại tuyến 100% qua WebAssugging. Miễn phí, không giới hạn và có tính bảo mật cao.",,,164,1,true
21,https://helpmyimg.com/es/quitar-fondo/,✂️ Quitar Fondo - HelpMyIMG,text/html; charset=utf-8,false,200,0,0,"Combine, divida, comprima, convierta y procese fotografías directamente en su navegador. 100% sin conexión a través de WebAssembly. Gratis, ilimitado y muy seguro.",,,163,1,true
21,https://helpmyimg.com/el/tholo-prosopo/,Επαγγελματικό Photo Studio & Bulk Toolkit - HelpMyIMG,text/html; charset=utf-8,false,200,0,0,"Συνδυάστε, διαχωρίστε, συμπιέστε, μετατρέψτε και επεξεργαστείτε φωτογραφίες απευθείας στο πρόγραμμα περιήγησής σας. 100% εκτός σύνδεσης μέσω WebAssembly. Δωρεάν, απεριόριστη και εξαιρετικά ασφαλής.",,,197,1,true
21,https://helpmyimg.com/tr/filigran/,©️ Resmimi Filigranla - HelpMyIMG,text/html; charset=utf-8,false,200,0,0,"Fotoğrafları doğrudan tarayıcınızda birleştirin, bölün, sıkıştırın, dönüştürün ve işleyin. WebAssembly aracılığıyla %100 çevrimdışı. Ücretsiz, sınırsız ve son derece güvenli.",,,174,1,true
21,https://helpmyimg.com/tr/resim-sikistir-100kb/,Görüntüyü Çevrimiçi Olarak 100 KB'ye Sıkıştırın - Hızlı ve Özel - HelpMyIMG,text/html; charset=utf-8,false,200,0,0,"Fotoğrafları doğrudan tarayıcınızda birleştirin, bölün, sıkıştırın, dönüştürün ve işleyin. WebAssembly aracılığıyla %100 çevrimdışı. Ücretsiz, sınırsız ve son derece güvenli.",,,174,1,true
21,https://helpmyimg.com/de/farbauswahl/,Professionelles All-in-One Fotostudio & Toolkit - HelpMyIMG,text/html; charset=utf-8,false,200,0,0,"Kombinieren, teilen, komprimieren, konvertieren und verarbeiten Sie Fotos direkt in Ihrem Browser. 100 % offline über WebAssembly. Kostenlos, unbegrenzt und äußerst sicher.",,,172,1,true
21,https://helpmyimg.com/uk/200/,Стиснути зображення до 200 КБ - високоякісне скорочення - HelpMyIMG,text/html; charset=utf-8,false,200,0,0,"Комбінуйте, розділяйте, стискайте, конвертуйте та обробляйте фотографії безпосередньо у вашому браузері. 100% офлайн через WebAssembly. Безкоштовний, необмежений і дуже безпечний.",,,179,1,true
21,https://helpmyimg.com/vi/chon-mau/,Studio ảnh chuyên nghiệp & Bộ công cụ hàng loạt - HelpMyIMG,text/html; charset=utf-8,false,200,0,0,"Kết hợp, tách, nén, chuyển đổi và xử lý ảnh trực tiếp trong trình duyệt của bạn. Ngoại tuyến 100% qua WebAssugging. Miễn phí, không giới hạn và có tính bảo mật cao.",,,164,1,true
21,https://helpmyimg.com/el/200-kb/,Συμπίεση εικόνας σε 200KB - Reducer υψηλής ποιότητας - HelpMyIMG,text/html; charset=utf-8,false,200,0,0,"Συνδυάστε, διαχωρίστε, συμπιέστε, μετατρέψτε και επεξεργαστείτε φωτογραφίες απευθείας στο πρόγραμμα περιήγησής σας. 100% εκτός σύνδεσης μέσω WebAssembly. Δωρεάν, απεριόριστη και εξαιρετικά ασφαλής.",,,197,1,true
21,https://helpmyimg.com/fr/rogner-image/,Studio Photo Professionnel & Boîte à Outils - HelpMyIMG,text/html; charset=utf-8,false,200,0,0,"Combinez, divisez, compressez, convertissez et traitez des photos directement dans votre navigateur. 100% hors ligne via WebAssembly. Gratuit, illimité et hautement sécurisé.",,,174,1,true
21,https://helpmyimg.com/uk/change-photo-background-to-white/,Змініть фон фотографії на білий - готовий до Amazon і електронної комерції - HelpMyIMG,text/html; charset=utf-8,false,200,0,0,"Комбінуйте, розділяйте, стискайте, конвертуйте та обробляйте фотографії безпосередньо у вашому браузері. 100% офлайн через WebAssembly. Безкоштовний, необмежений і дуже безпечний.",,,179,1,true
21,https://helpmyimg.com/de/bild-drehen/,Professionelles All-in-One Fotostudio & Toolkit - HelpMyIMG,text/html; charset=utf-8,false,200,0,0,"Kombinieren, teilen, komprimieren, konvertieren und verarbeiten Sie Fotos direkt in Ihrem Browser. 100 % offline über WebAssembly. Kostenlos, unbegrenzt und äußerst sicher.",,,172,1,true
21,https://helpmyimg.com/tr/arka-plan-kaldir/,✂️ Arka Planı Sil - HelpMyIMG,text/html; charset=utf-8,false,200,0,0,"Fotoğrafları doğrudan tarayıcınızda birleştirin, bölün, sıkıştırın, dönüştürün ve işleyin. WebAssembly aracılığıyla %100 çevrimdışı. Ücretsiz, sınırsız ve son derece güvenli.",,,174,1,true
21,https://helpmyimg.com/tl/colorwhite/,Gawing puti ang background - HelpMyIMG,text/html; charset=utf-8,false,200,0,0,"Pagsamahin, hatiin, i-compress, i-convert, at iproseso ang mga larawan nang direkta sa iyong browser. 100% offline sa pamamagitan ng WebAssembly. Libre, walang limitasyon, at lubos na secure.",,,191,1,true
21,https://helpmyimg.com/fr/compresser-limage-200-ko/,Compresser l'image à 200 Ko - Réducteur de haute qualité - HelpMyIMG,text/html; charset=utf-8,false,200,0,0,"Combinez, divisez, compressez, convertissez et traitez des photos directement dans votre navigateur. 100% hors ligne via WebAssembly. Gratuit, illimité et hautement sécurisé.",,,174,1,true
21,https://helpmyimg.com/es/editor-de-diseno/,Estudio Fotográfico Profesional Todo en Uno - HelpMyIMG,text/html; charset=utf-8,false,200,0,0,"Combine, divida, comprima, convierta y procese fotografías directamente en su navegador. 100% sin conexión a través de WebAssembly. Gratis, ilimitado y muy seguro.",,,163,1,true
21,https://helpmyimg.com/ru/vodyanoy-znak/,©️ Водяной знак «Мое изображение» - HelpMyIMG,text/html; charset=utf-8,false,200,0,0,"Объединяйте, разделяйте, сжимайте, конвертируйте и обрабатывайте фотографии прямо в браузере. 100% автономный режим через WebAssembly. Бесплатно, безлимитно и очень безопасно.",,,175,1,true
21,https://helpmyimg.com/tl/palitan-background/,Palitan ng Kulay ng Background ng Biometric Passport Online - HelpMyIMG,text/html; charset=utf-8,false,200,0,0,"Pagsamahin, hatiin, i-compress, i-convert, at iproseso ang mga larawan nang direkta sa iyong browser. 100% offline sa pamamagitan ng WebAssembly. Libre, walang limitasyon, at lubos na secure.",,,191,1,true
21,https://helpmyimg.com/cs/komprese-na-100kb/,Komprimujte obrázek na 100 kB online zdarma – rychle a v soukromí - HelpMyIMG,text/html; charset=utf-8,false,200,0,0,"Kombinujte, rozdělujte, komprimujte, převádějte a zpracovávajte fotografie přímo ve vašem prohlížeči.100% offline přes WebAssembly.Zdarma, neomezené a vysoce bezpečné.",,,167,1,true
21,https://helpmyimg.com/ms/mampat-imej-100kb/,Mampatkan Imej kepada 100KB Percuma Dalam Talian - Pantas & Peribadi - HelpMyIMG,text/html; charset=utf-8,false,200,0,0,"Gabungkan, belah, mampatkan, tukar dan proses foto terus dalam penyemak imbas anda. 100% di luar talian melalui WebAssembly. Percuma, tidak terhad dan sangat selamat.",,,166,1,true
21,https://helpmyimg.com/es/redimensionar-para-instagram/,Cambiar el tamaño de la imagen para Instagram en línea: no es necesario recortar - HelpMyIMG,text/html; charset=utf-8,false,200,0,0,"Combine, divida, comprima, convierta y procese fotografías directamente en su navegador. 100% sin conexión a través de WebAssembly. Gratis, ilimitado y muy seguro.",,,163,1,true
21,https://helpmyimg.com/hi/background-hatao/,✂️ बैकग्राउंड हटाएं - HelpMyIMG,text/html; charset=utf-8,false,200,0,0,"फ़ोटो को सीधे अपने ब्राउज़र में संयोजित करें, विभाजित करें, संपीड़ित करें, रूपांतरित करें और संसाधित करें। WebAssembly के माध्यम से 100% ऑफ़लाइन। मुफ़्त, असीमित और अत्यधिक सुरक्षित।",,,181,1,true
21,https://helpmyimg.com/uk/zminyty-rozmir/,Змінити розмір Зображення to 4x6 Безкоштовно - HelpMyIMG,text/html; charset=utf-8,false,200,0,0,"Комбінуйте, розділяйте, стискайте, конвертуйте та обробляйте фотографії безпосередньо у вашому браузері. 100% офлайн через WebAssembly. Безкоштовний, необмежений і дуже безпечний.",,,179,1,true
21,https://helpmyimg.com/fi/poista-henkil-valokuvasta/,Poista henkilö valokuvasta - ilmainen Photobomb Eraser - HelpMyIMG,text/html; charset=utf-8,false,200,0,0,"Yhdistä, jaa, pakkaa, muunna ja käsittele valokuvia suoraan selaimessasi. 100 % offline-tilassa WebAssemblyn kautta. Ilmainen, rajoittamaton ja erittäin turvallinen.",,,165,1,true
21,https://helpmyimg.com/hu/kep-vagas/,Professzionális fotóstúdió és tömeges eszközkészlet - HelpMyIMG,text/html; charset=utf-8,false,200,0,0,"Kombinálja, osztja fel, tömörítse, konvertálja és dolgozza fel a fényképeket közvetlenül a böngészőben. 100%-ban offline a WebAssembly segítségével. Ingyenes, korlátlan és rendkívül biztonságos.",,,194,1,true
21,https://helpmyimg.com/fi/poista-tausta/,✂️ Poista Tausta - HelpMyIMG,text/html; charset=utf-8,false,200,0,0,"Yhdistä, jaa, pakkaa, muunna ja käsittele valokuvia suoraan selaimessasi. 100 % offline-tilassa WebAssemblyn kautta. Ilmainen, rajoittamaton ja erittäin turvallinen.",,,165,1,true
21,https://helpmyimg.com/el/afairesi-fontou/,✂️ Αφαίρεση Φόντου - HelpMyIMG,text/html; charset=utf-8,false,200,0,0,"Συνδυάστε, διαχωρίστε, συμπιέστε, μετατρέψτε και επεξεργαστείτε φωτογραφίες απευθείας στο πρόγραμμα περιήγησής σας. 100% εκτός σύνδεσης μέσω WebAssembly. Δωρεάν, απεριόριστη και εξαιρετικά ασφαλής.",,,197,1,true
21,https://helpmyimg.com/hi/change-photo-background-to-white/,फोटो पृष्ठभूमि को सफेद में बदलें - अमेज़ॅन और ई-कॉमर्स तैयार - HelpMyIMG,text/html; charset=utf-8,false,200,0,0,"फ़ोटो को सीधे अपने ब्राउज़र में संयोजित करें, विभाजित करें, संपीड़ित करें, रूपांतरित करें और संसाधित करें। WebAssembly के माध्यम से 100% ऑफ़लाइन। मुफ़्त, असीमित और अत्यधिक सुरक्षित।",,,181,1,true
21,https://helpmyimg.com/fi/muuntaa-webp-jpgksi/,Muunna WEBP JPG:ksi ilmaiseksi - Image Converter - HelpMyIMG,text/html; charset=utf-8,false,200,0,0,"Yhdistä, jaa, pakkaa, muunna ja käsittele valokuvia suoraan selaimessasi. 100 % offline-tilassa WebAssemblyn kautta. Ilmainen, rajoittamaton ja erittäin turvallinen.",,,165,1,true
21,https://helpmyimg.com/hi/design-editor/,पेशेवर ऑल-इन-वन फ़ोटो स्टूडियो और बल्क एडिटर - HelpMyIMG,text/html; charset=utf-8,false,200,0,0,"फ़ोटो को सीधे अपने ब्राउज़र में संयोजित करें, विभाजित करें, संपीड़ित करें, रूपांतरित करें और संसाधित करें। WebAssembly के माध्यम से 100% ऑफ़लाइन। मुफ़्त, असीमित और अत्यधिक सुरक्षित।",,,181,1,true
21,https://helpmyimg.com/fr/photos-en-filigrane-par-lots/,Photos en filigrane par lots - Additionneur de logo en masse - HelpMyIMG,text/html; charset=utf-8,false,200,0,0,"Combinez, divisez, compressez, convertissez et traitez des photos directement dans votre navigateur. 100% hors ligne via WebAssembly. Gratuit, illimité et hautement sécurisé.",,,174,1,true
21,https://helpmyimg.com/pl/konwersja-obrazu/,Konwertuj WEBP to JPG Za darmo - HelpMyIMG,text/html; charset=utf-8,false,200,0,0,"Łącz, dziel, kompresuj, konwertuj i przetwarzaj zdjęcia bezpośrednio w przeglądarce. 100% offline poprzez WebAssembly. Bezpłatny, nieograniczony i wysoce bezpieczny.",,,165,1,true
21,https://helpmyimg.com/ru/konvertirovat-izobrazhenie/,Конвертировать WEBP to JPG Бесплатно - HelpMyIMG,text/html; charset=utf-8,false,200,0,0,"Объединяйте, разделяйте, сжимайте, конвертируйте и обрабатывайте фотографии прямо в браузере. 100% автономный режим через WebAssembly. Бесплатно, безлимитно и очень безопасно.",,,175,1,true
21,https://helpmyimg.com/ru/magic-brush/,Ручная кисть - HelpMyIMG,text/html; charset=utf-8,false,200,0,0,"Объединяйте, разделяйте, сжимайте, конвертируйте и обрабатывайте фотографии прямо в браузере. 100% автономный режим через WebAssembly. Бесплатно, безлимитно и очень безопасно.",,,175,1,true
21,https://helpmyimg.com/fi/kierita-kuva/,Ammattimainen valokuvastudio ja joukkotyökalupakki - HelpMyIMG,text/html; charset=utf-8,false,200,0,0,"Yhdistä, jaa, pakkaa, muunna ja käsittele valokuvia suoraan selaimessasi. 100 % offline-tilassa WebAssemblyn kautta. Ilmainen, rajoittamaton ja erittäin turvallinen.",,,165,1,true
21,https://helpmyimg.com/tr/resim-kirp/,Profesyonel Fotoğraf Stüdyosu ve Toplu Araç Seti - HelpMyIMG,text/html; charset=utf-8,false,200,0,0,"Fotoğrafları doğrudan tarayıcınızda birleştirin, bölün, sıkıştırın, dönüştürün ve işleyin. WebAssembly aracılığıyla %100 çevrimdışı. Ücretsiz, sınırsız ve son derece güvenli.",,,174,1,true
21,https://helpmyimg.com/el/sympiesi-eikonas/,Συμπίεση Εικόνα to 200KB Δωρεάν - HelpMyIMG,text/html; charset=utf-8,false,200,0,0,"Συνδυάστε, διαχωρίστε, συμπιέστε, μετατρέψτε και επεξεργαστείτε φωτογραφίες απευθείας στο πρόγραμμα περιήγησής σας. 100% εκτός σύνδεσης μέσω WebAssembly. Δωρεάν, απεριόριστη και εξαιρετικά ασφαλής.",,,197,1,true
21,https://helpmyimg.com/fr/filigrane/,©️ Filigraner mon image - HelpMyIMG,text/html; charset=utf-8,false,200,0,0,"Combinez, divisez, compressez, convertissez et traitez des photos directement dans votre navigateur. 100% hors ligne via WebAssembly. Gratuit, illimité et hautement sécurisé.",,,174,1,true
21,https://helpmyimg.com/el/remove-background-from-logo/,Κατάργηση φόντου από το Logo Free - Transparent PNG Maker - HelpMyIMG,text/html; charset=utf-8,false,200,0,0,"Συνδυάστε, διαχωρίστε, συμπιέστε, μετατρέψτε και επεξεργαστείτε φωτογραφίες απευθείας στο πρόγραμμα περιήγησής σας. 100% εκτός σύνδεσης μέσω WebAssembly. Δωρεάν, απεριόριστη και εξαιρετικά ασφαλής.",,,197,1,true
21,https://helpmyimg.com/ru/vybor-tsveta/,Профессиональная фотостудия «Все в одном» - HelpMyIMG,text/html; charset=utf-8,false,200,0,0,"Объединяйте, разделяйте, сжимайте, конвертируйте и обрабатывайте фотографии прямо в браузере. 100% автономный режим через WebAssembly. Бесплатно, безлимитно и очень безопасно.",,,175,1,true
21,https://helpmyimg.com/pl/przekonwertuj-webp-na-jpg/,Konwertuj WEBP na JPG za darmo - Konwerter obrazów - HelpMyIMG,text/html; charset=utf-8,false,200,0,0,"Łącz, dziel, kompresuj, konwertuj i przetwarzaj zdjęcia bezpośrednio w przeglądarce. 100% offline poprzez WebAssembly. Bezpłatny, nieograniczony i wysoce bezpieczny.",,,165,1,true
21,https://helpmyimg.com/ms/alih-keluar-orang-daripada-foto/,Alih Keluar Orang daripada Foto - Pemadam Photobomb Percuma - HelpMyIMG,text/html; charset=utf-8,false,200,0,0,"Gabungkan, belah, mampatkan, tukar dan proses foto terus dalam penyemak imbas anda. 100% di luar talian melalui WebAssembly. Percuma, tidak terhad dan sangat selamat.",,,166,1,true
21,https://helpmyimg.com/es/comprimir-imagen/,Comprima imágenes a 100 KB en línea gratis (lotes de 20 a 50 fotos) - HelpMyIMG,text/html; charset=utf-8,false,200,0,0,"Combine, divida, comprima, convierta y procese fotografías directamente en su navegador. 100% sin conexión a través de WebAssembly. Gratis, ilimitado y muy seguro.",,,163,1,true
21,https://helpmyimg.com/uk/batch-watermark-photos/,Пакетні фотографії з водяними знаками - масовий додавач логотипів - HelpMyIMG,text/html; charset=utf-8,false,200,0,0,"Комбінуйте, розділяйте, стискайте, конвертуйте та обробляйте фотографії безпосередньо у вашому браузері. 100% офлайн через WebAssembly. Безкоштовний, необмежений і дуже безпечний.",,,179,1,true
21,https://helpmyimg.com/tl/resizepassport/,I-resize para sa passport - HelpMyIMG,text/html; charset=utf-8,false,200,0,0,"Pagsamahin, hatiin, i-compress, i-convert, at iproseso ang mga larawan nang direkta sa iyong browser. 100% offline sa pamamagitan ng WebAssembly. Libre, walang limitasyon, at lubos na secure.",,,191,1,true
21,https://helpmyimg.com/de/hintergrund-aendern/,Biometrische Passfoto-Hintergrund-Farbwechsler online - HelpMyIMG,text/html; charset=utf-8,false,200,0,0,"Kombinieren, teilen, komprimieren, konvertieren und verarbeiten Sie Fotos direkt in Ihrem Browser. 100 % offline über WebAssembly. Kostenlos, unbegrenzt und äußerst sicher.",,,172,1,true
21,https://helpmyimg.com/es/convertir-webp-a-jpg/,Convierta WEBP a JPG gratis - Convertidor de imágenes - HelpMyIMG,text/html; charset=utf-8,false,200,0,0,"Combine, divida, comprima, convierta y procese fotografías directamente en su navegador. 100% sin conexión a través de WebAssembly. Gratis, ilimitado y muy seguro.",,,163,1,true
21,https://helpmyimg.com/uk/vybir-koloru/,Професійна фотостудія та набір інструментів - HelpMyIMG,text/html; charset=utf-8,false,200,0,0,"Комбінуйте, розділяйте, стискайте, конвертуйте та обробляйте фотографії безпосередньо у вашому браузері. 100% офлайн через WebAssembly. Безкоштовний, необмежений і дуже безпечний.",,,179,1,true
21,https://helpmyimg.com/hu/kep-tomorites/,Tömörítés Kép to 200KB Ingyenes - HelpMyIMG,text/html; charset=utf-8,false,200,0,0,"Kombinálja, osztja fel, tömörítse, konvertálja és dolgozza fel a fényképeket közvetlenül a böngészőben. 100%-ban offline a WebAssembly segítségével. Ingyenes, korlátlan és rendkívül biztonságos.",,,194,1,true
21,https://helpmyimg.com/cs/komprese-obrazku/,Komprimovat Obrázek to 200KB Zdarma - HelpMyIMG,text/html; charset=utf-8,false,200,0,0,"Kombinujte, rozdělujte, komprimujte, převádějte a zpracovávajte fotografie přímo ve vašem prohlížeči.100% offline přes WebAssembly.Zdarma, neomezené a vysoce bezpečné.",,,167,1,true
21,https://helpmyimg.com/fr/changer-le-fond-de-la-photo-en-blanc/,Changez l'arrière-plan de la photo en blanc - Prêt pour Amazon et le commerce électronique - HelpMyIMG,text/html; charset=utf-8,false,200,0,0,"Combinez, divisez, compressez, convertissez et traitez des photos directement dans votre navigateur. 100% hors ligne via WebAssembly. Gratuit, illimité et hautement sécurisé.",,,174,1,true
21,https://helpmyimg.com/tl/convertwebp/,I-convert ang WEBP sa JPG - HelpMyIMG,text/html; charset=utf-8,false,200,0,0,"Pagsamahin, hatiin, i-compress, i-convert, at iproseso ang mga larawan nang direkta sa iyong browser. 100% offline sa pamamagitan ng WebAssembly. Libre, walang limitasyon, at lubos na secure.",,,191,1,true
21,https://helpmyimg.com/fr/supprimer-larrireplan-du-logo/,Supprimer l'arrière-plan du logo gratuitement - Créateur PNG transparent - HelpMyIMG,text/html; charset=utf-8,false,200,0,0,"Combinez, divisez, compressez, convertissez et traitez des photos directement dans votre navigateur. 100% hors ligne via WebAssembly. Gratuit, illimité et hautement sécurisé.",,,174,1,true
21,https://helpmyimg.com/de/ndern-sie-den-fotohintergrund-in-wei/,Ändern Sie den Fotohintergrund in Weiß – bereit für Amazon und E-Commerce - HelpMyIMG,text/html; charset=utf-8,false,200,0,0,"Kombinieren, teilen, komprimieren, konvertieren und verarbeiten Sie Fotos direkt in Ihrem Browser. 100 % offline über WebAssembly. Kostenlos, unbegrenzt und äußerst sicher.",,,172,1,true
21,https://helpmyimg.com/el/blur-license-plate/,Blur License Plate Online - Auto Privacy Censor - HelpMyIMG,text/html; charset=utf-8,false,200,0,0,"Συνδυάστε, διαχωρίστε, συμπιέστε, μετατρέψτε και επεξεργαστείτε φωτογραφίες απευθείας στο πρόγραμμα περιήγησής σας. 100% εκτός σύνδεσης μέσω WebAssembly. Δωρεάν, απεριόριστη και εξαιρετικά ασφαλής.",,,197,1,true
21,https://helpmyimg.com/el/magic-brush/,Πινέλο - HelpMyIMG,text/html; charset=utf-8,false,200,0,0,"Συνδυάστε, διαχωρίστε, συμπιέστε, μετατρέψτε και επεξεργαστείτε φωτογραφίες απευθείας στο πρόγραμμα περιήγησής σας. 100% εκτός σύνδεσης μέσω WebAssembly. Δωρεάν, απεριόριστη και εξαιρετικά ασφαλής.",,,197,1,true
21,https://helpmyimg.com/hu/kep-tomorites-100kb/,Tömörítse a képet 100 KB-ra online ingyenes – gyors és privát - HelpMyIMG,text/html; charset=utf-8,false,200,0,0,"Kombinálja, osztja fel, tömörítse, konvertálja és dolgozza fel a fényképeket közvetlenül a böngészőben. 100%-ban offline a WebAssembly segítségével. Ingyenes, korlátlan és rendkívül biztonságos.",,,194,1,true
21,https://helpmyimg.com/pl/usu-osob-ze-zdjcia/,Usuń osobę ze zdjęcia — bezpłatna gumka do fotobomb - HelpMyIMG,text/html; charset=utf-8,false,200,0,0,"Łącz, dziel, kompresuj, konwertuj i przetwarzaj zdjęcia bezpośrednio w przeglądarce. 100% offline poprzez WebAssembly. Bezpłatny, nieograniczony i wysoce bezpieczny.",,,165,1,true
21,https://helpmyimg.com/de/nummernschild-verwischen/,Kfz-Kennzeichen online verwischen – Auto Privacy Censor - HelpMyIMG,text/html; charset=utf-8,false,200,0,0,"Kombinieren, teilen, komprimieren, konvertieren und verarbeiten Sie Fotos direkt in Ihrem Browser. 100 % offline über WebAssembly. Kostenlos, unbegrenzt und äußerst sicher.",,,172,1,true
21,https://helpmyimg.com/cs/odstraneni-pozadi/,✂️ Odstranit Pozadí - HelpMyIMG,text/html; charset=utf-8,false,200,0,0,"Kombinujte, rozdělujte, komprimujte, převádějte a zpracovávajte fotografie přímo ve vašem prohlížeči.100% offline přes WebAssembly.Zdarma, neomezené a vysoce bezpečné.",,,167,1,true
21,https://helpmyimg.com/fr/convertir-webp-en-jpg/,Convertir WEBP en JPG gratuitement - Convertisseur d'images - HelpMyIMG,text/html; charset=utf-8,false,200,0,0,"Combinez, divisez, compressez, convertissez et traitez des photos directement dans votre navigateur. 100% hors ligne via WebAssembly. Gratuit, illimité et hautement sécurisé.",,,174,1,true
21,https://helpmyimg.com/es/fotos-de-marca-de-agua-por-lotes/,Fotos de marcas de agua por lotes: sumador de logotipos a granel - HelpMyIMG,text/html; charset=utf-8,false,200,0,0,"Combine, divida, comprima, convierta y procese fotografías directamente en su navegador. 100% sin conexión a través de WebAssembly. Gratis, ilimitado y muy seguro.",,,163,1,true
21,https://helpmyimg.com/tr/grnty-200kbye-sktr/,Görüntüyü 200 KB'a Sıkıştır - Yüksek Kaliteli Düşürücü - HelpMyIMG,text/html; charset=utf-8,false,200,0,0,"Fotoğrafları doğrudan tarayıcınızda birleştirin, bölün, sıkıştırın, dönüştürün ve işleyin. WebAssembly aracılığıyla %100 çevrimdışı. Ücretsiz, sınırsız ve son derece güvenli.",,,174,1,true
21,https://helpmyimg.com/cs/komprimovat-obrzek-na-200-kb/,Komprimujte obrázek na 200 kB – vysoce kvalitní redukce - HelpMyIMG,text/html; charset=utf-8,false,200,0,0,"Kombinujte, rozdělujte, komprimujte, převádějte a zpracovávajte fotografie přímo ve vašem prohlížeči.100% offline přes WebAssembly.Zdarma, neomezené a vysoce bezpečné.",,,167,1,true
21,https://helpmyimg.com/ms/putar-imej/,Studio Foto Profesional & Kit Alat Pukal - HelpMyIMG,text/html; charset=utf-8,false,200,0,0,"Gabungkan, belah, mampatkan, tukar dan proses foto terus dalam penyemak imbas anda. 100% di luar talian melalui WebAssembly. Percuma, tidak terhad dan sangat selamat.",,,166,1,true
21,https://helpmyimg.com/ru/izmenit-razmer/,Изменить размер Изображение to 4x6 Бесплатно - HelpMyIMG,text/html; charset=utf-8,false,200,0,0,"Объединяйте, разделяйте, сжимайте, конвертируйте и обрабатывайте фотографии прямо в браузере. 100% автономный режим через WebAssembly. Бесплатно, безлимитно и очень безопасно.",,,175,1,true
21,https://helpmyimg.com/hu/hatter-eltavolitas/,✂️ Háttér Eltávolítása - HelpMyIMG,text/html; charset=utf-8,false,200,0,0,"Kombinálja, osztja fel, tömörítse, konvertálja és dolgozza fel a fényképeket közvetlenül a böngészőben. 100%-ban offline a WebAssembly segítségével. Ingyenes, korlátlan és rendkívül biztonságos.",,,194,1,true
21,https://helpmyimg.com/es/difuminar-rostro/,Estudio Fotográfico Profesional Todo en Uno - HelpMyIMG,text/html; charset=utf-8,false,200,0,0,"Combine, divida, comprima, convierta y procese fotografías directamente en su navegador. 100% sin conexión a través de WebAssembly. Gratis, ilimitado y muy seguro.",,,163,1,true
21,https://helpmyimg.com/es/recortar-imagen/,Estudio Fotográfico Profesional Todo en Uno - HelpMyIMG,text/html; charset=utf-8,false,200,0,0,"Combine, divida, comprima, convierta y procese fotografías directamente en su navegador. 100% sin conexión a través de WebAssembly. Gratis, ilimitado y muy seguro.",,,163,1,true
21,https://helpmyimg.com/hu/elmosdott-rendszm/,Elmosódott rendszámtábla online – Auto Privacy Censor - HelpMyIMG,text/html; charset=utf-8,false,200,0,0,"Kombinálja, osztja fel, tömörítse, konvertálja és dolgozza fel a fényképeket közvetlenül a böngészőben. 100%-ban offline a WebAssembly segítségével. Ingyenes, korlátlan és rendkívül biztonságos.",,,194,1,true
21,https://helpmyimg.com/tl/advanced-na-editor/,Propesyonal na Photo Studio at Bulk Toolkit - HelpMyIMG,text/html; charset=utf-8,false,200,0,0,"Pagsamahin, hatiin, i-compress, i-convert, at iproseso ang mga larawan nang direkta sa iyong browser. 100% offline sa pamamagitan ng WebAssembly. Libre, walang limitasyon, at lubos na secure.",,,191,1,true
21,https://helpmyimg.com/cs/dvkov-fotografie-vodoznaku/,Batch Watermark Photos - Bulk Logo Adder - HelpMyIMG,text/html; charset=utf-8,false,200,0,0,"Kombinujte, rozdělujte, komprimujte, převádějte a zpracovávajte fotografie přímo ve vašem prohlížeči.100% offline přes WebAssembly.Zdarma, neomezené a vysoce bezpečné.",,,167,1,true
21,https://helpmyimg.com/hi/convert-webp-to-jpg/,WEBP को JPG में निःशुल्क कनवर्ट करें - छवि कनवर्टर - HelpMyIMG,text/html; charset=utf-8,false,200,0,0,"फ़ोटो को सीधे अपने ब्राउज़र में संयोजित करें, विभाजित करें, संपीड़ित करें, रूपांतरित करें और संसाधित करें। WebAssembly के माध्यम से 100% ऑफ़लाइन। मुफ़्त, असीमित और अत्यधिक सुरक्षित।",,,181,1,true
21,https://helpmyimg.com/pl/wybieracz-kolorow/,Profesjonalne studio fotograficzne i zestaw narzędzi zbiorczych - HelpMyIMG,text/html; charset=utf-8,false,200,0,0,"Łącz, dziel, kompresuj, konwertuj i przetwarzaj zdjęcia bezpośrednio w przeglądarce. 100% offline poprzez WebAssembly. Bezpłatny, nieograniczony i wysoce bezpieczny.",,,165,1,true
21,https://helpmyimg.com/uk/stysnuty-do-50kb/,Стисніть зображення до 50 КБ - Smart WebGPU Compression - HelpMyIMG,text/html; charset=utf-8,false,200,0,0,"Комбінуйте, розділяйте, стискайте, конвертуйте та обробляйте фотографії безпосередньо у вашому браузері. 100% офлайн через WebAssembly. Безкоштовний, необмежений і дуже безпечний.",,,179,1,true
21,https://helpmyimg.com/cs/otoceni-obrazku/,Profesionální fotografické studio a sada nástrojů pro hromadné zpracování - HelpMyIMG,text/html; charset=utf-8,false,200,0,0,"Kombinujte, rozdělujte, komprimujte, převádějte a zpracovávajte fotografie přímo ve vašem prohlížeči.100% offline přes WebAssembly.Zdarma, neomezené a vysoce bezpečné.",,,167,1,true
21,https://helpmyimg.com/fi/pakkaa-kuvan-kokoon-200-kb/,Pakkaa kuva 200 kilotavuun - korkealaatuinen pienennys - HelpMyIMG,text/html; charset=utf-8,false,200,0,0,"Yhdistä, jaa, pakkaa, muunna ja käsittele valokuvia suoraan selaimessasi. 100 % offline-tilassa WebAssemblyn kautta. Ilmainen, rajoittamaton ja erittäin turvallinen.",,,165,1,true
21,https://helpmyimg.com/hu/a-fnykp-tmretezse-az-tlevl-mretre/,Fénykép átméretezése útlevélméretre – Visa & ID Maker - HelpMyIMG,text/html; charset=utf-8,false,200,0,0,"Kombinálja, osztja fel, tömörítse, konvertálja és dolgozza fel a fényképeket közvetlenül a böngészőben. 100%-ban offline a WebAssembly segítségével. Ingyenes, korlátlan és rendkívül biztonságos.",,,194,1,true
21,https://helpmyimg.com/vi/cat-anh/,Studio ảnh chuyên nghiệp & Bộ công cụ hàng loạt - HelpMyIMG,text/html; charset=utf-8,false,200,0,0,"Kết hợp, tách, nén, chuyển đổi và xử lý ảnh trực tiếp trong trình duyệt của bạn. Ngoại tuyến 100% qua WebAssugging. Miễn phí, không giới hạn và có tính bảo mật cao.",,,164,1,true
21,https://helpmyimg.com/fr/supprimer-fond/,✂️ Détourage IA - HelpMyIMG,text/html; charset=utf-8,false,200,0,0,"Combinez, divisez, compressez, convertissez et traitez des photos directement dans votre navigateur. 100% hors ligne via WebAssembly. Gratuit, illimité et hautement sécurisé.",,,174,1,true
21,https://helpmyimg.com/ms/magic-brush/,Berus Manual - HelpMyIMG,text/html; charset=utf-8,false,200,0,0,"Gabungkan, belah, mampatkan, tukar dan proses foto terus dalam penyemak imbas anda. 100% di luar talian melalui WebAssembly. Percuma, tidak terhad dan sangat selamat.",,,166,1,true
21,https://helpmyimg.com/tl/palabuin-ang-mukha/,Propesyonal na Photo Studio at Bulk Toolkit - HelpMyIMG,text/html; charset=utf-8,false,200,0,0,"Pagsamahin, hatiin, i-compress, i-convert, at iproseso ang mga larawan nang direkta sa iyong browser. 100% offline sa pamamagitan ng WebAssembly. Libre, walang limitasyon, at lubos na secure.",,,191,1,true
21,https://helpmyimg.com/vi/nen-anh-50kb/,Nén hình ảnh xuống 50KB - Nén WebGPU thông minh - HelpMyIMG,text/html; charset=utf-8,false,200,0,0,"Kết hợp, tách, nén, chuyển đổi và xử lý ảnh trực tiếp trong trình duyệt của bạn. Ngoại tuyến 100% qua WebAssugging. Miễn phí, không giới hạn và có tính bảo mật cao.",,,164,1,true
21,https://helpmyimg.com/fr/editeur-avance/,Studio Photo Professionnel & Boîte à Outils - HelpMyIMG,text/html; charset=utf-8,false,200,0,0,"Combinez, divisez, compressez, convertissez et traitez des photos directement dans votre navigateur. 100% hors ligne via WebAssembly. Gratuit, illimité et hautement sécurisé.",,,174,1,true
21,https://helpmyimg.com/ms/ubah-saiz-instagram/,Ubah Saiz Imej untuk Instagram Dalam Talian - Tiada Pemotongan Diperlukan - HelpMyIMG,text/html; charset=utf-8,false,200,0,0,"Gabungkan, belah, mampatkan, tukar dan proses foto terus dalam penyemak imbas anda. 100% di luar talian melalui WebAssembly. Percuma, tidak terhad dan sangat selamat.",,,166,1,true
21,https://helpmyimg.com/ru/szhat-izobrazhenie-100kb/,Сжимайте изображение до 100 КБ онлайн бесплатно — быстро и конфиденциально - HelpMyIMG,text/html; charset=utf-8,false,200,0,0,"Объединяйте, разделяйте, сжимайте, конвертируйте и обрабатывайте фотографии прямо в браузере. 100% автономный режим через WebAssembly. Бесплатно, безлимитно и очень безопасно.",,,175,1,true
21,https://helpmyimg.com/hu/hatter-modositas/,Biometrikus útlevélfotó háttérszínváltó online - HelpMyIMG,text/html; charset=utf-8,false,200,0,0,"Kombinálja, osztja fel, tömörítse, konvertálja és dolgozza fel a fényképeket közvetlenül a böngészőben. 100%-ban offline a WebAssembly segítségével. Ingyenes, korlátlan és rendkívül biztonságos.",,,194,1,true
21,https://helpmyimg.com/cs/zmena-velikosti-instagram/,Změna velikosti obrázku pro Instagram online – není potřeba žádné oříznutí - HelpMyIMG,text/html; charset=utf-8,false,200,0,0,"Kombinujte, rozdělujte, komprimujte, převádějte a zpracovávajte fotografie přímo ve vašem prohlížeči.100% offline přes WebAssembly.Zdarma, neomezené a vysoce bezpečné.",,,167,1,true
21,https://helpmyimg.com/es/convertir-imagen/,Convierta 30 fotos a WEBP en línea gratis (procesamiento por lotes y ZIP) - HelpMyIMG,text/html; charset=utf-8,false,200,0,0,"Combine, divida, comprima, convierta y procese fotografías directamente en su navegador. 100% sin conexión a través de WebAssembly. Gratis, ilimitado y muy seguro.",,,163,1,true
21,https://helpmyimg.com/cs/vyber-barev/,Profesionální fotografické studio a sada nástrojů pro hromadné zpracování - HelpMyIMG,text/html; charset=utf-8,false,200,0,0,"Kombinujte, rozdělujte, komprimujte, převádějte a zpracovávajte fotografie přímo ve vašem prohlížeči.100% offline přes WebAssembly.Zdarma, neomezené a vysoce bezpečné.",,,167,1,true
21,https://helpmyimg.com/hu/szinvalaszto/,Professzionális fotóstúdió és tömeges eszközkészlet - HelpMyIMG,text/html; charset=utf-8,false,200,0,0,"Kombinálja, osztja fel, tömörítse, konvertálja és dolgozza fel a fényképeket közvetlenül a böngészőben. 100%-ban offline a WebAssembly segítségével. Ingyenes, korlátlan és rendkívül biztonságos.",,,194,1,true
21,https://helpmyimg.com/uk/konvertuvaty-zobrazhennya/,Конвертувати WEBP to JPG Безкоштовно - HelpMyIMG,text/html; charset=utf-8,false,200,0,0,"Комбінуйте, розділяйте, стискайте, конвертуйте та обробляйте фотографії безпосередньо у вашому браузері. 100% офлайн через WebAssembly. Безкоштовний, необмежений і дуже безпечний.",,,179,1,true
21,https://helpmyimg.com/pl/znak-wodny/,©️ Znak wodny mojego obrazu - HelpMyIMG,text/html; charset=utf-8,false,200,0,0,"Łącz, dziel, kompresuj, konwertuj i przetwarzaj zdjęcia bezpośrednio w przeglądarce. 100% offline poprzez WebAssembly. Bezpłatny, nieograniczony i wysoce bezpieczny.",,,165,1,true
21,https://helpmyimg.com/cs/komprese-na-50kb/,Komprimujte obrázek na 50 kB – Inteligentní komprese WebGPU - HelpMyIMG,text/html; charset=utf-8,false,200,0,0,"Kombinujte, rozdělujte, komprimujte, převádějte a zpracovávajte fotografie přímo ve vašem prohlížeči.100% offline přes WebAssembly.Zdarma, neomezené a vysoce bezpečné.",,,167,1,true
21,https://helpmyimg.com/el/metatropi-eikonas/,Μετατροπή WEBP to JPG Δωρεάν - HelpMyIMG,text/html; charset=utf-8,false,200,0,0,"Συνδυάστε, διαχωρίστε, συμπιέστε, μετατρέψτε και επεξεργαστείτε φωτογραφίες απευθείας στο πρόγραμμα περιήγησής σας. 100% εκτός σύνδεσης μέσω WebAssembly. Δωρεάν, απεριόριστη και εξαιρετικά ασφαλής.",,,197,1,true
21,https://helpmyimg.com/fr/flouter-visage/,Studio Photo Professionnel & Boîte à Outils - HelpMyIMG,text/html; charset=utf-8,false,200,0,0,"Combinez, divisez, compressez, convertissez et traitez des photos directement dans votre navigateur. 100% hors ligne via WebAssembly. Gratuit, illimité et hautement sécurisé.",,,174,1,true
21,https://helpmyimg.com/cs/rozmazat-oblicej/,Profesionální fotografické studio a sada nástrojů pro hromadné zpracování - HelpMyIMG,text/html; charset=utf-8,false,200,0,0,"Kombinujte, rozdělujte, komprimujte, převádějte a zpracovávajte fotografie přímo ve vašem prohlížeči.100% offline přes WebAssembly.Zdarma, neomezené a vysoce bezpečné.",,,167,1,true
21,https://helpmyimg.com/de/bild-auf-50kb-komprimieren/,Bild auf 50 KB komprimieren – Intelligente WebGPU-Komprimierung - HelpMyIMG,text/html; charset=utf-8,false,200,0,0,"Kombinieren, teilen, komprimieren, konvertieren und verarbeiten Sie Fotos direkt in Ihrem Browser. 100 % offline über WebAssembly. Kostenlos, unbegrenzt und äußerst sicher.",,,172,1,true
21,https://helpmyimg.com/tr/logodan-arka-plan-kaldr/,Logodan Arka Planı Kaldırma Ücretsiz - Şeffaf PNG Oluşturucu - HelpMyIMG,text/html; charset=utf-8,false,200,0,0,"Fotoğrafları doğrudan tarayıcınızda birleştirin, bölün, sıkıştırın, dönüştürün ve işleyin. WebAssembly aracılığıyla %100 çevrimdışı. Ücretsiz, sınırsız ve son derece güvenli.",,,174,1,true
21,https://helpmyimg.com/tr/kiiyi-fotoraftan-kaldr/,Fotoğraftan Kişiyi Kaldır - Ücretsiz Fotoğraf Bombası Silgisi - HelpMyIMG,text/html; charset=utf-8,false,200,0,0,"Fotoğrafları doğrudan tarayıcınızda birleştirin, bölün, sıkıştırın, dönüştürün ve işleyin. WebAssembly aracılığıyla %100 çevrimdışı. Ücretsiz, sınırsız ve son derece güvenli.",,,174,1,true
21,https://helpmyimg.com/es/comprimir-imagen-a-100kb/,Comprime imágenes a 100 KB en línea gratis: rápido y privado - HelpMyIMG,text/html; charset=utf-8,false,200,0,0,"Combine, divida, comprima, convierta y procese fotografías directamente en su navegador. 100% sin conexión a través de WebAssembly. Gratis, ilimitado y muy seguro.",,,163,1,true
21,https://helpmyimg.com/hu/vizjel/,©️ Vízjel Saját kép - HelpMyIMG,text/html; charset=utf-8,false,200,0,0,"Kombinálja, osztja fel, tömörítse, konvertálja és dolgozza fel a fényképeket közvetlenül a böngészőben. 100%-ban offline a WebAssembly segítségével. Ingyenes, korlátlan és rendkívül biztonságos.",,,194,1,true
21,https://helpmyimg.com/tr/toplu-filigran-fotoraflar/,Toplu Filigran Fotoğrafları - Toplu Logo Ekleyici - HelpMyIMG,text/html; charset=utf-8,false,200,0,0,"Fotoğrafları doğrudan tarayıcınızda birleştirin, bölün, sıkıştırın, dönüştürün ve işleyin. WebAssembly aracılığıyla %100 çevrimdışı. Ücretsiz, sınırsız ve son derece güvenli.",,,174,1,true
21,https://helpmyimg.com/el/allagi-megethous-instagram/,Αλλαγή μεγέθους εικόνας για το Instagram Online - Δεν απαιτείται περικοπή - HelpMyIMG,text/html; charset=utf-8,false,200,0,0,"Συνδυάστε, διαχωρίστε, συμπιέστε, μετατρέψτε και επεξεργαστείτε φωτογραφίες απευθείας στο πρόγραμμα περιήγησής σας. 100% εκτός σύνδεσης μέσω WebAssembly. Δωρεάν, απεριόριστη και εξαιρετικά ασφαλής.",,,197,1,true
21,https://helpmyimg.com/cs/magic-brush/,Ruční Štětec - HelpMyIMG,text/html; charset=utf-8,false,200,0,0,"Kombinujte, rozdělujte, komprimujte, převádějte a zpracovávajte fotografie přímo ve vašem prohlížeči.100% offline přes WebAssembly.Zdarma, neomezené a vysoce bezpečné.",,,167,1,true
21,https://helpmyimg.com/hu/konvertlja-a-webpt-jpgbe/,A WEBP konvertálása JPG formátumba ingyenes - Képkonverter - HelpMyIMG,text/html; charset=utf-8,false,200,0,0,"Kombinálja, osztja fel, tömörítse, konvertálja és dolgozza fel a fényképeket közvetlenül a böngészőben. 100%-ban offline a WebAssembly segítségével. Ingyenes, korlátlan és rendkívül biztonságos.",,,194,1,true
21,https://helpmyimg.com/de/bild-auf-100kb-komprimieren/,Komprimieren Sie das Bild online kostenlos auf 100 KB – schnell und privat - HelpMyIMG,text/html; charset=utf-8,false,200,0,0,"Kombinieren, teilen, komprimieren, konvertieren und verarbeiten Sie Fotos direkt in Ihrem Browser. 100 % offline über WebAssembly. Kostenlos, unbegrenzt und äußerst sicher.",,,172,1,true
21,https://helpmyimg.com/hi/image-rotate/,पेशेवर ऑल-इन-वन फ़ोटो स्टूडियो और बल्क एडिटर - HelpMyIMG,text/html; charset=utf-8,false,200,0,0,"फ़ोटो को सीधे अपने ब्राउज़र में संयोजित करें, विभाजित करें, संपीड़ित करें, रूपांतरित करें और संसाधित करें। WebAssembly के माध्यम से 100% ऑफ़लाइन। मुफ़्त, असीमित और अत्यधिक सुरक्षित।",,,181,1,true
21,https://helpmyimg.com/fi/vesileima/,©️ Vesileima Kuvani - HelpMyIMG,text/html; charset=utf-8,false,200,0,0,"Yhdistä, jaa, pakkaa, muunna ja käsittele valokuvia suoraan selaimessasi. 100 % offline-tilassa WebAssemblyn kautta. Ilmainen, rajoittamaton ja erittäin turvallinen.",,,165,1,true
21,https://helpmyimg.com/fi/ern-vesileimakuvia/,Erävesileimakuvat - Bulk Logo Adder - HelpMyIMG,text/html; charset=utf-8,false,200,0,0,"Yhdistä, jaa, pakkaa, muunna ja käsittele valokuvia suoraan selaimessasi. 100 % offline-tilassa WebAssemblyn kautta. Ilmainen, rajoittamaton ja erittäin turvallinen.",,,165,1,true
21,https://helpmyimg.com/ru/jpg/,Конвертировать WEBP в JPG бесплатно — конвертер изображений - HelpMyIMG,text/html; charset=utf-8,false,200,0,0,"Объединяйте, разделяйте, сжимайте, конвертируйте и обрабатывайте фотографии прямо в браузере. 100% автономный режим через WebAssembly. Бесплатно, безлимитно и очень безопасно.",,,175,1,true
21,https://helpmyimg.com/fr/redimensionner-la-photo-au-format-passeport/,Redimensionner la photo au format du passeport - Visa & ID Maker - HelpMyIMG,text/html; charset=utf-8,false,200,0,0,"Combinez, divisez, compressez, convertissez et traitez des photos directement dans votre navigateur. 100% hors ligne via WebAssembly. Gratuit, illimité et hautement sécurisé.",,,174,1,true
21,https://helpmyimg.com/hu/tmrtse-a-kpet-200-kbra/,Kép tömörítése 200 KB-ra – Kiváló minőségű reduktor - HelpMyIMG,text/html; charset=utf-8,false,200,0,0,"Kombinálja, osztja fel, tömörítse, konvertálja és dolgozza fel a fényképeket közvetlenül a böngészőben. 100%-ban offline a WebAssembly segítségével. Ingyenes, korlátlan és rendkívül biztonságos.",,,194,1,true
21,https://helpmyimg.com/hi/image-resize/,आकार बदलें छवि to 4x6 मुफ़्त - HelpMyIMG,text/html; charset=utf-8,false,200,0,0,"फ़ोटो को सीधे अपने ब्राउज़र में संयोजित करें, विभाजित करें, संपीड़ित करें, रूपांतरित करें और संसाधित करें। WebAssembly के माध्यम से 100% ऑफ़लाइन। मुफ़्त, असीमित और अत्यधिक सुरक्षित।",,,181,1,true
21,https://helpmyimg.com/es/cambiar-fondo/,Cambiador de color de fondo de foto de pasaporte biométrico en línea - HelpMyIMG,text/html; charset=utf-8,false,200,0,0,"Combine, divida, comprima, convierta y procese fotografías directamente en su navegador. 100% sin conexión a través de WebAssembly. Gratis, ilimitado y muy seguro.",,,163,1,true
21,https://helpmyimg.com/hu/kep-forgatas/,Professzionális fotóstúdió és tömeges eszközkészlet - HelpMyIMG,text/html; charset=utf-8,false,200,0,0,"Kombinálja, osztja fel, tömörítse, konvertálja és dolgozza fel a fényképeket közvetlenül a böngészőben. 100%-ban offline a WebAssembly segítségével. Ingyenes, korlátlan és rendkívül biztonságos.",,,194,1,true
21,https://helpmyimg.com/ru/200/,Сжать изображение до 200 КБ — Высококачественный редуктор - HelpMyIMG,text/html; charset=utf-8,false,200,0,0,"Объединяйте, разделяйте, сжимайте, конвертируйте и обрабатывайте фотографии прямо в браузере. 100% автономный режим через WebAssembly. Бесплатно, безлимитно и очень безопасно.",,,175,1,true
21,https://helpmyimg.com/uk/obrizaty-zobrazhennya/,Професійна фотостудія та набір інструментів - HelpMyIMG,text/html; charset=utf-8,false,200,0,0,"Комбінуйте, розділяйте, стискайте, конвертуйте та обробляйте фотографії безпосередньо у вашому браузері. 100% офлайн через WebAssembly. Безкоштовний, необмежений і дуже безпечний.",,,179,1,true
21,https://helpmyimg.com/el/allagi-fontou/,Βιομετρική αλλαγή χρώματος φόντου φωτογραφιών διαβατηρίου σε απευθείας σύνδεση - HelpMyIMG,text/html; charset=utf-8,false,200,0,0,"Συνδυάστε, διαχωρίστε, συμπιέστε, μετατρέψτε και επεξεργαστείτε φωτογραφίες απευθείας στο πρόγραμμα περιήγησής σας. 100% εκτός σύνδεσης μέσω WebAssembly. Δωρεάν, απεριόριστη και εξαιρετικά ασφαλής.",,,197,1,true
21,https://helpmyimg.com/hi/image-compress-100kb/,छवि को 100KB तक ऑनलाइन निःशुल्क संपीड़ित करें - तेज़ और निजी - HelpMyIMG,text/html; charset=utf-8,false,200,0,0,"फ़ोटो को सीधे अपने ब्राउज़र में संयोजित करें, विभाजित करें, संपीड़ित करें, रूपांतरित करें और संसाधित करें। WebAssembly के माध्यम से 100% ऑफ़लाइन। मुफ़्त, असीमित और अत्यधिक सुरक्षित।",,,181,1,true
21,https://helpmyimg.com/tr/renk-secici/,Profesyonel Fotoğraf Stüdyosu ve Toplu Araç Seti - HelpMyIMG,text/html; charset=utf-8,false,200,0,0,"Fotoğrafları doğrudan tarayıcınızda birleştirin, bölün, sıkıştırın, dönüştürün ve işleyin. WebAssembly aracılığıyla %100 çevrimdışı. Ücretsiz, sınırsız ve son derece güvenli.",,,174,1,true
21,https://helpmyimg.com/ms/kabur-wajah/,Studio Foto Profesional & Kit Alat Pukal - HelpMyIMG,text/html; charset=utf-8,false,200,0,0,"Gabungkan, belah, mampatkan, tukar dan proses foto terus dalam penyemak imbas anda. 100% di luar talian melalui WebAssembly. Percuma, tidak terhad dan sangat selamat.",,,166,1,true
21,https://helpmyimg.com/fi/muuta-kokoa/,Muuta kokoa Kuva to 4x6 Ilmainen - HelpMyIMG,text/html; charset=utf-8,false,200,0,0,"Yhdistä, jaa, pakkaa, muunna ja käsittele valokuvia suoraan selaimessasi. 100 % offline-tilassa WebAssemblyn kautta. Ilmainen, rajoittamaton ja erittäin turvallinen.",,,165,1,true
21,https://helpmyimg.com/ru/szhat-izobrazhenie/,Сжатие Изображение to 200KB Бесплатно - HelpMyIMG,text/html; charset=utf-8,false,200,0,0,"Объединяйте, разделяйте, сжимайте, конвертируйте и обрабатывайте фотографии прямо в браузере. 100% автономный режим через WebAssembly. Бесплатно, безлимитно и очень безопасно.",,,175,1,true
21,https://helpmyimg.com/fi/muuta-valokuvan-kokoa-passin-kokoon/,Muuta valokuvan kokoa passin kokoon - Visa & ID Maker - HelpMyIMG,text/html; charset=utf-8,false,200,0,0,"Yhdistä, jaa, pakkaa, muunna ja käsittele valokuvia suoraan selaimessasi. 100 % offline-tilassa WebAssemblyn kautta. Ilmainen, rajoittamaton ja erittäin turvallinen.",,,165,1,true
21,https://helpmyimg.com/uk/magic-brush/,Ручний пензель - HelpMyIMG,text/html; charset=utf-8,false,200,0,0,"Комбінуйте, розділяйте, стискайте, конвертуйте та обробляйте фотографії безпосередньо у вашому браузері. 100% офлайн через WebAssembly. Безкоштовний, необмежений і дуже безпечний.",,,179,1,true
21,https://helpmyimg.com/tl/i-crop-larawan/,Propesyonal na Photo Studio at Bulk Toolkit - HelpMyIMG,text/html; charset=utf-8,false,200,0,0,"Pagsamahin, hatiin, i-compress, i-convert, at iproseso ang mga larawan nang direkta sa iyong browser. 100% offline sa pamamagitan ng WebAssembly. Libre, walang limitasyon, at lubos na secure.",,,191,1,true
21,https://helpmyimg.com/hu/arc-elmosasa/,Professzionális fotóstúdió és tömeges eszközkészlet - HelpMyIMG,text/html; charset=utf-8,false,200,0,0,"Kombinálja, osztja fel, tömörítse, konvertálja és dolgozza fel a fényképeket közvetlenül a böngészőben. 100%-ban offline a WebAssembly segítségével. Ingyenes, korlátlan és rendkívül biztonságos.",,,194,1,true
21,https://helpmyimg.com/de/bild-auf-200-kb-komprimieren/,Bild auf 200 KB komprimieren – Hochwertige Reduzierung - HelpMyIMG,text/html; charset=utf-8,false,200,0,0,"Kombinieren, teilen, komprimieren, konvertieren und verarbeiten Sie Fotos direkt in Ihrem Browser. 100 % offline über WebAssembly. Kostenlos, unbegrenzt und äußerst sicher.",,,172,1,true
21,https://helpmyimg.com/vi/chuyen-doi-anh/,Chuyển đổi WEBP to JPG Miễn phí - HelpMyIMG,text/html; charset=utf-8,false,200,0,0,"Kết hợp, tách, nén, chuyển đổi và xử lý ảnh trực tiếp trong trình duyệt của bạn. Ngoại tuyến 100% qua WebAssugging. Miễn phí, không giới hạn và có tính bảo mật cao.",,,164,1,true
21,https://helpmyimg.com/tr/gelismis-editor/,Profesyonel Fotoğraf Stüdyosu ve Toplu Araç Seti - HelpMyIMG,text/html; charset=utf-8,false,200,0,0,"Fotoğrafları doğrudan tarayıcınızda birleştirin, bölün, sıkıştırın, dönüştürün ve işleyin. WebAssembly aracılığıyla %100 çevrimdışı. Ücretsiz, sınırsız ve son derece güvenli.",,,174,1,true
21,https://helpmyimg.com/es/magic-brush/,Pincel Manual - HelpMyIMG,text/html; charset=utf-8,false,200,0,0,"Combine, divida, comprima, convierta y procese fotografías directamente en su navegador. 100% sin conexión a través de WebAssembly. Gratis, ilimitado y muy seguro.",,,163,1,true
21,https://helpmyimg.com/fi/rajaa-kuva/,Ammattimainen valokuvastudio ja joukkotyökalupakki - HelpMyIMG,text/html; charset=utf-8,false,200,0,0,"Yhdistä, jaa, pakkaa, muunna ja käsittele valokuvia suoraan selaimessasi. 100 % offline-tilassa WebAssemblyn kautta. Ilmainen, rajoittamaton ja erittäin turvallinen.",,,165,1,true
21,https://helpmyimg.com/tl/baguhin-sukat/,I-resize Larawan to 4x6 Libre - HelpMyIMG,text/html; charset=utf-8,false,200,0,0,"Pagsamahin, hatiin, i-compress, i-convert, at iproseso ang mga larawan nang direkta sa iyong browser. 100% offline sa pamamagitan ng WebAssembly. Libre, walang limitasyon, at lubos na secure.",,,191,1,true
21,https://helpmyimg.com/pl/usun-tlo/,✂️ Usuń Tło - HelpMyIMG,text/html; charset=utf-8,false,200,0,0,"Łącz, dziel, kompresuj, konwertuj i przetwarzaj zdjęcia bezpośrednio w przeglądarce. 100% offline poprzez WebAssembly. Bezpłatny, nieograniczony i wysoce bezpieczny.",,,165,1,true
21,https://helpmyimg.com/de/person-aus-foto-entfernen/,Person aus Foto entfernen – Kostenloser Photobomb Eraser - HelpMyIMG,text/html; charset=utf-8,false,200,0,0,"Kombinieren, teilen, komprimieren, konvertieren und verarbeiten Sie Fotos direkt in Ihrem Browser. 100 % offline über WebAssembly. Kostenlos, unbegrenzt und äußerst sicher.",,,172,1,true
21,https://helpmyimg.com/el/webp-jpg/,Μετατροπή WEBP σε JPG Δωρεάν - Μετατροπέας εικόνων - HelpMyIMG,text/html; charset=utf-8,false,200,0,0,"Συνδυάστε, διαχωρίστε, συμπιέστε, μετατρέψτε και επεξεργαστείτε φωτογραφίες απευθείας στο πρόγραμμα περιήγησής σας. 100% εκτός σύνδεσης μέσω WebAssembly. Δωρεάν, απεριόριστη και εξαιρετικά ασφαλής.",,,197,1,true
21,https://helpmyimg.com/tl/compress200kb/,I-compress ang larawan sa 200KB - HelpMyIMG,text/html; charset=utf-8,false,200,0,0,"Pagsamahin, hatiin, i-compress, i-convert, at iproseso ang mga larawan nang direkta sa iyong browser. 100% offline sa pamamagitan ng WebAssembly. Libre, walang limitasyon, at lubos na secure.",,,191,1,true
21,https://helpmyimg.com/el/remove-person-from-photo/,Κατάργηση ατόμου από τη φωτογραφία - Δωρεάν γόμα Photobomb - HelpMyIMG,text/html; charset=utf-8,false,200,0,0,"Συνδυάστε, διαχωρίστε, συμπιέστε, μετατρέψτε και επεξεργαστείτε φωτογραφίες απευθείας στο πρόγραμμα περιήγησής σας. 100% εκτός σύνδεσης μέσω WebAssembly. Δωρεάν, απεριόριστη και εξαιρετικά ασφαλής.",,,197,1,true
21,https://helpmyimg.com/de/konvertieren-sie-webp-in-jpg/,Konvertieren Sie WEBP kostenlos in JPG – Bildkonverter - HelpMyIMG,text/html; charset=utf-8,false,200,0,0,"Kombinieren, teilen, komprimieren, konvertieren und verarbeiten Sie Fotos direkt in Ihrem Browser. 100 % offline über WebAssembly. Kostenlos, unbegrenzt und äußerst sicher.",,,172,1,true
21,https://helpmyimg.com/fr/magic-brush/,Pinceau Manuel - HelpMyIMG,text/html; charset=utf-8,false,200,0,0,"Combinez, divisez, compressez, convertissez et traitez des photos directement dans votre navigateur. 100% hors ligne via WebAssembly. Gratuit, illimité et hautement sécurisé.",,,174,1,true
21,https://helpmyimg.com/fi/muuta-kokoa-instagram/,Muuta kuvan kokoa Instagram Onlinea varten - Rajausta ei vaadita - HelpMyIMG,text/html; charset=utf-8,false,200,0,0,"Yhdistä, jaa, pakkaa, muunna ja käsittele valokuvia suoraan selaimessasi. 100 % offline-tilassa WebAssemblyn kautta. Ilmainen, rajoittamaton ja erittäin turvallinen.",,,165,1,true
21,https://helpmyimg.com/hu/kep-atmeretezes/,Átméretezés Kép to 4x6 Ingyenes - HelpMyIMG,text/html; charset=utf-8,false,200,0,0,"Kombinálja, osztja fel, tömörítse, konvertálja és dolgozza fel a fényképeket közvetlenül a böngészőben. 100%-ban offline a WebAssembly segítségével. Ingyenes, korlátlan és rendkívül biztonságos.",,,194,1,true
21,https://helpmyimg.com/uk/blur-license-plate/,Розмивання номерного знака в Інтернеті - автоматичний цензор конфіденційності - HelpMyIMG,text/html; charset=utf-8,false,200,0,0,"Комбінуйте, розділяйте, стискайте, конвертуйте та обробляйте фотографії безпосередньо у вашому браузері. 100% офлайн через WebAssembly. Безкоштовний, необмежений і дуже безпечний.",,,179,1,true
21,https://helpmyimg.com/cs/pokrocily-editor/,Profesionální fotografické studio a sada nástrojů pro hromadné zpracování - HelpMyIMG,text/html; charset=utf-8,false,200,0,0,"Kombinujte, rozdělujte, komprimujte, převádějte a zpracovávajte fotografie přímo ve vašem prohlížeči.100% offline přes WebAssembly.Zdarma, neomezené a vysoce bezpečné.",,,167,1,true
21,https://helpmyimg.com/hu/szemly-eltvoltsa-a-fnykprl/,Személy eltávolítása a fényképről - Ingyenes Photobomb Eraser - HelpMyIMG,text/html; charset=utf-8,false,200,0,0,"Kombinálja, osztja fel, tömörítse, konvertálja és dolgozza fel a fényképeket közvetlenül a böngészőben. 100%-ban offline a WebAssembly segítségével. Ingyenes, korlátlan és rendkívül biztonságos.",,,194,1,true
21,https://helpmyimg.com/tl/blurplate/,I-blur ang plaka - HelpMyIMG,text/html; charset=utf-8,false,200,0,0,"Pagsamahin, hatiin, i-compress, i-convert, at iproseso ang mga larawan nang direkta sa iyong browser. 100% offline sa pamamagitan ng WebAssembly. Libre, walang limitasyon, at lubos na secure.",,,191,1,true
21,https://helpmyimg.com/de/bild-zuschneiden/,Professionelles All-in-One Fotostudio & Toolkit - HelpMyIMG,text/html; charset=utf-8,false,200,0,0,"Kombinieren, teilen, komprimieren, konvertieren und verarbeiten Sie Fotos direkt in Ihrem Browser. 100 % offline über WebAssembly. Kostenlos, unbegrenzt und äußerst sicher.",,,172,1,true
21,https://helpmyimg.com/uk/zminyty-rozmir-instagram/,Змініть розмір зображення для Instagram онлайн – обрізання не потрібне - HelpMyIMG,text/html; charset=utf-8,false,200,0,0,"Комбінуйте, розділяйте, стискайте, конвертуйте та обробляйте фотографії безпосередньо у вашому браузері. 100% офлайн через WebAssembly. Безкоштовний, необмежений і дуже безпечний.",,,179,1,true
21,https://helpmyimg.com/vi/lam-mo-khuon-mat/,Studio ảnh chuyên nghiệp & Bộ công cụ hàng loạt - HelpMyIMG,text/html; charset=utf-8,false,200,0,0,"Kết hợp, tách, nén, chuyển đổi và xử lý ảnh trực tiếp trong trình duyệt của bạn. Ngoại tuyến 100% qua WebAssugging. Miễn phí, không giới hạn và có tính bảo mật cao.",,,164,1,true
21,https://helpmyimg.com/ms/tukar-imej/,Tukar Format WEBP to JPG Percuma - HelpMyIMG,text/html; charset=utf-8,false,200,0,0,"Gabungkan, belah, mampatkan, tukar dan proses foto terus dalam penyemak imbas anda. 100% di luar talian melalui WebAssembly. Percuma, tidak terhad dan sangat selamat.",,,166,1,true
21,https://helpmyimg.com/cs/vodoznak/,©️ Vodoznak Můj obrázek - HelpMyIMG,text/html; charset=utf-8,false,200,0,0,"Kombinujte, rozdělujte, komprimujte, převádějte a zpracovávajte fotografie přímo ve vašem prohlížeči.100% offline přes WebAssembly.Zdarma, neomezené a vysoce bezpečné.",,,167,1,true
21,https://helpmyimg.com/cs/odstranit-osobu-z-fotografie/,Odebrat osobu z fotografie - bezplatná guma Photobomb - HelpMyIMG,text/html; charset=utf-8,false,200,0,0,"Kombinujte, rozdělujte, komprimujte, převádějte a zpracovávajte fotografie přímo ve vašem prohlížeči.100% offline přes WebAssembly.Zdarma, neomezené a vysoce bezpečné.",,,167,1,true
21,https://helpmyimg.com/ms/buang-latar-belakang/,✂️ Buang Latar Belakang - HelpMyIMG,text/html; charset=utf-8,false,200,0,0,"Gabungkan, belah, mampatkan, tukar dan proses foto terus dalam penyemak imbas anda. 100% di luar talian melalui WebAssembly. Percuma, tidak terhad dan sangat selamat.",,,166,1,true
21,https://helpmyimg.com/de/bild-skalieren/,Größe ändern Bild to 4x6 Kostenlos - HelpMyIMG,text/html; charset=utf-8,false,200,0,0,"Kombinieren, teilen, komprimieren, konvertieren und verarbeiten Sie Fotos direkt in Ihrem Browser. 100 % offline über WebAssembly. Kostenlos, unbegrenzt und äußerst sicher.",,,172,1,true
21,https://helpmyimg.com/tr/yuz-bulaniklastirma/,Profesyonel Fotoğraf Stüdyosu ve Toplu Araç Seti - HelpMyIMG,text/html; charset=utf-8,false,200,0,0,"Fotoğrafları doğrudan tarayıcınızda birleştirin, bölün, sıkıştırın, dönüştürün ve işleyin. WebAssembly aracılığıyla %100 çevrimdışı. Ücretsiz, sınırsız ve son derece güvenli.",,,174,1,true
21,https://helpmyimg.com/fi/pakkaa-100kb/,Pakkaa kuva 100 kilotavuun verkossa ilmaiseksi - nopea ja yksityinen - HelpMyIMG,text/html; charset=utf-8,false,200,0,0,"Yhdistä, jaa, pakkaa, muunna ja käsittele valokuvia suoraan selaimessasi. 100 % offline-tilassa WebAssemblyn kautta. Ilmainen, rajoittamaton ja erittäin turvallinen.",,,165,1,true
21,https://helpmyimg.com/ms/mampat-imej/,Mampat Imej to 200KB Percuma - HelpMyIMG,text/html; charset=utf-8,false,200,0,0,"Gabungkan, belah, mampatkan, tukar dan proses foto terus dalam penyemak imbas anda. 100% di luar talian melalui WebAssembly. Percuma, tidak terhad dan sangat selamat.",,,166,1,true
21,https://helpmyimg.com/el/change-photo-background-to-white/,Αλλάξτε το φόντο φωτογραφιών σε λευκό - Έτοιμος για το Amazon και το ηλεκτρονικό εμπόριο - HelpMyIMG,text/html; charset=utf-8,false,200,0,0,"Συνδυάστε, διαχωρίστε, συμπιέστε, μετατρέψτε και επεξεργαστείτε φωτογραφίες απευθείας στο πρόγραμμα περιήγησής σας. 100% εκτός σύνδεσης μέσω WebAssembly. Δωρεάν, απεριόριστη και εξαιρετικά ασφαλής.",,,197,1,true
21,https://helpmyimg.com/cs/odstranit-pozad-z-loga/,Odebrat pozadí z loga zdarma - Transparentní PNG Maker - HelpMyIMG,text/html; charset=utf-8,false,200,0,0,"Kombinujte, rozdělujte, komprimujte, převádějte a zpracovávajte fotografie přímo ve vašem prohlížeči.100% offline přes WebAssembly.Zdarma, neomezené a vysoce bezpečné.",,,167,1,true
21,https://helpmyimg.com/pl/skompresuj-obraz-do-200kb/,Kompresuj obraz do 200 KB — redukcja wysokiej jakości - HelpMyIMG,text/html; charset=utf-8,false,200,0,0,"Łącz, dziel, kompresuj, konwertuj i przetwarzaj zdjęcia bezpośrednio w przeglądarce. 100% offline poprzez WebAssembly. Bezpłatny, nieograniczony i wysoce bezpieczny.",,,165,1,true
21,https://helpmyimg.com/de/bild-konvertieren/,Konvertieren WEBP to JPG Kostenlos - HelpMyIMG,text/html; charset=utf-8,false,200,0,0,"Kombinieren, teilen, komprimieren, konvertieren und verarbeiten Sie Fotos direkt in Ihrem Browser. 100 % offline über WebAssembly. Kostenlos, unbegrenzt und äußerst sicher.",,,172,1,true
20,https://helpmyimg.com/el/schetika/,Σχετικά με εμάς - HelpMyIMG,text/html; charset=utf-8,false,200,0,0,"Πιστεύουμε ότι η ισχυρή τεχνητή νοημοσύνη δεν πρέπει να κλειδώνεται πίσω από ακριβούς τοίχους πληρωμής ή διακομιστές cloud που παρεμποδίζουν το απόρρητο. Το HelpMyIMG είναι ο ταχύτερος, 100% εκτός σύνδεσης, πρώτος επεξεργαστής εικόνας AI στον κόσμο που εκτελείται εξ ολοκλήρου στο πρόγραμμα περιήγησής σας.",,,306,1,true
20,https://helpmyimg.com/hi/bhashayein/,समर्थित भाषाएँ - HelpMyIMG,text/html; charset=utf-8,false,200,0,0,"हमारा मानना ​​है कि शक्तिशाली AI हर जगह, हर किसी के लिए सुलभ होना चाहिए। यही कारण है कि हेल्पमायआईएमजी को मूल रूप से 30 विभिन्न भाषाओं में स्थानीयकृत किया गया है।",,,162,1,true
20,https://helpmyimg.com/es/acerca-de/,Sobre nosotros - HelpMyIMG,text/html; charset=utf-8,false,200,0,0,"Creemos que la IA poderosa no debería encerrarse detrás de costosos muros de pago o servidores en la nube que invadan la privacidad. HelpMyIMG es el editor de imágenes de IA más rápido del mundo, 100% fuera de línea y que prioriza la privacidad y se ejecuta completamente dentro de su navegador.",,,295,1,true
20,https://helpmyimg.com/vi/bao-mat/,Bảo mật & Tin cậy - HelpMyIMG,text/html; charset=utf-8,false,200,0,0,"Trải nghiệm chỉnh sửa hình ảnh AI riêng tư 100% được cung cấp bởi WebAssugging cục bộ. Chúng tôi không thể xem, lưu trữ hoặc bán ảnh của bạn vì chúng không bao giờ đến được máy chủ của chúng tôi.",,,195,1,true
20,https://helpmyimg.com/es/seguridad/,Seguridad y confianza - HelpMyIMG,text/html; charset=utf-8,false,200,0,0,"Experimente la edición de imágenes con IA 100% privada impulsada por WebAssembly local. No podemos ver, almacenar ni vender sus fotos porque nunca llegan a nuestros servidores.",,,176,1,true
20,https://helpmyimg.com/he/odot/,אודותינו - HelpMyIMG,text/html; charset=utf-8,false,200,0,0,"אנו מאמינים שאין לנעול AI רב עוצמה מאחורי חומות תשלום יקרות או שרתי ענן פולשני פרטיות. HelpMyIMG הוא עורך תמונות הבינה המלאכותית המהירה בעולם, 100% במצב לא מקוון, הראשון בפרטיות, הפועל כולו בתוך הדפדפן שלך.",,,206,1,true
20,https://helpmyimg.com/pt/termos/,Termos de Serviço - HelpMyIMG,text/html; charset=utf-8,false,200,0,0,"Bem-vindo ao HelpMyIMG. Ao acessar ou usar nosso site, ferramentas e serviços, você concorda em obedecer a estes Termos de Serviço. Leia-os com atenção, pois eles regem seus direitos e obrigações legais.",,,203,1,true
20,https://helpmyimg.com/pt/seguranca/,Segurança e confiança - HelpMyIMG,text/html; charset=utf-8,false,200,0,0,"Experimente edição de imagens de IA 100% privada com tecnologia WebAssembly local. Não podemos ver, armazenar ou vender suas fotos porque elas nunca chegam aos nossos servidores.",,,178,1,true
20,https://helpmyimg.com/hu/biztonsag/,Biztonság és bizalom - HelpMyIMG,text/html; charset=utf-8,false,200,0,0,"Tapasztalja meg a 100%-ban privát mesterséges intelligencia képszerkesztést a helyi WebAssembly segítségével. Nem láthatjuk, tárolhatjuk vagy értékesíthetjük fotóit, mert azok soha nem jutnak el szervereinkre.",,,209,1,true
20,https://helpmyimg.com/el/asfaleia/,Ασφάλεια & Εμπιστοσύνη - HelpMyIMG,text/html; charset=utf-8,false,200,0,0,"Απολαύστε 100% ιδιωτική επεξεργασία εικόνων AI με την υποστήριξη της τοπικής WebAssembly. Δεν μπορούμε να δούμε, να αποθηκεύσουμε ή να πουλήσουμε τις φωτογραφίες σας επειδή δεν φτάνουν ποτέ στους διακομιστές μας.",,,212,1,true
20,https://helpmyimg.com/en/about/,About Us - HelpMyIMG,text/html; charset=utf-8,false,200,0,0,"We believe powerful AI should not be locked behind expensive paywalls or privacy-invasive cloud servers. HelpMyIMG is the world's fastest, 100% offline, privacy-first AI image editor that runs entirely inside your browser.",,,222,1,true
20,https://helpmyimg.com/nl/beveiliging/,Veiligheid en vertrouwen - HelpMyIMG,text/html; charset=utf-8,false,200,0,0,"Ervaar 100% privé AI-beeldbewerking, mogelijk gemaakt door lokale WebAssembly. We kunnen uw foto's niet zien, opslaan of verkopen omdat ze onze servers nooit bereiken.",,,167,1,true
20,https://helpmyimg.com/cs/o-nas/,O nás - HelpMyIMG,text/html; charset=utf-8,false,200,0,0,"Věříme, že výkonná umělá inteligence by neměla být uzavřena za drahými paywally nebo cloudovými servery narušujícími soukromí. HelpMyIMG je světově nejrychlejší, 100% offline, AI obrazový editor založený na ochraně soukromí, který běží výhradně ve vašem prohlížeči.",,,265,1,true
20,https://helpmyimg.com/pl/warunki/,Warunki świadczenia usług - HelpMyIMG,text/html; charset=utf-8,false,200,0,0,"Witamy w HelpMyIMG. Wchodząc lub korzystając z naszej witryny internetowej, narzędzi i usług, wyrażasz zgodę na przestrzeganie niniejszych Warunków świadczenia usług. Przeczytaj je uważnie, ponieważ regulują one Twoje prawa i obowiązki.",,,236,1,true
20,https://helpmyimg.com/uk/konfidentsiynist/,Політика конфіденційності - HelpMyIMG,text/html; charset=utf-8,false,200,0,0,"У HelpMyIMG ми вважаємо конфіденційність основним правом людини. Ця Політика конфіденційності надзвичайно коротка щодо збору даних, оскільки ми навмисно майже нічого не збираємо. Нижче наведено детальну розбивку того, як наша архітектура захищає вас.",,,250,1,true
20,https://helpmyimg.com/ru/bezopasnost/,Безопасность и доверие - HelpMyIMG,text/html; charset=utf-8,false,200,0,0,"Испытайте 100% конфиденциальное редактирование изображений с помощью искусственного интеллекта с помощью локальной WebAssembly. Мы не можем видеть, хранить или продавать ваши фотографии, поскольку они никогда не попадают на наши серверы.",,,237,1,true
20,https://helpmyimg.com/el/glosses/,Υποστηριζόμενες γλώσσες - HelpMyIMG,text/html; charset=utf-8,false,200,0,0,"Πιστεύουμε ότι το ισχυρό AI πρέπει να είναι προσβάσιμο σε όλους, παντού. Αυτός είναι ο λόγος για τον οποίο το HelpMyIMG είναι εγγενώς προσαρμοσμένο σε 30 διαφορετικές γλώσσες.",,,175,1,true
20,https://helpmyimg.com/ms/keselamatan/,Keselamatan & Amanah - HelpMyIMG,text/html; charset=utf-8,false,200,0,0,"Alami 100% pengeditan imej AI peribadi yang dikuasakan oleh WebAssembly tempatan. Kami tidak dapat melihat, menyimpan atau menjual foto anda kerana ia tidak pernah sampai ke pelayan kami.",,,187,1,true
20,https://helpmyimg.com/hu/nyelvek/,Támogatott nyelvek - HelpMyIMG,text/html; charset=utf-8,false,200,0,0,"Hiszünk abban, hogy a hatékony mesterséges intelligencia mindenki számára elérhető legyen, mindenhol. Ez az oka annak, hogy a HelpMyIMG natívan 30 különböző nyelvre van lokalizálva.",,,181,1,true
20,https://helpmyimg.com/hi/shartein/,सेवा की शर्तें - HelpMyIMG,text/html; charset=utf-8,false,200,0,0,"HelpMyIMG में आपका स्वागत है। हमारी वेबसाइट, टूल और सेवाओं तक पहुंच या उपयोग करके, आप इन सेवा की शर्तों से बंधे होने के लिए सहमत हैं। कृपया उन्हें ध्यान से पढ़ें क्योंकि वे आपके कानूनी अधिकारों और दायित्वों को नियंत्रित करते हैं।",,,229,1,true
20,https://helpmyimg.com/tr/sikca-sorulan-sorular/,SSS - HelpMyIMG,text/html; charset=utf-8,false,200,0,0,"Gizliliğe öncelik veren yapay zeka araçlarımız, sınırlamalarımız, formatlarımız ve bunların doğrudan tarayıcınızda nasıl çalıştığı hakkında bilmeniz gereken her şey.",,,165,1,true
20,https://helpmyimg.com/fr/a-propos/,À propos de nous - HelpMyIMG,text/html; charset=utf-8,false,200,0,0,"Nous pensons que l’IA puissante ne devrait pas être enfermée derrière des paywalls coûteux ou des serveurs cloud envahissant la vie privée. HelpMyIMG est l'éditeur d'images IA le plus rapide au monde, 100 % hors ligne et axé sur la confidentialité, qui s'exécute entièrement dans votre navigateur.",,,297,1,true
20,https://helpmyimg.com/hu/gyik/,GYIK - HelpMyIMG,text/html; charset=utf-8,false,200,0,0,"Minden, amit tudnia kell az adatvédelem előtt álló mesterséges intelligencia eszközeinkről, korlátainkról, formátumainkról és ezek működéséről közvetlenül a böngészőben.",,,169,1,true
20,https://helpmyimg.com/ms/bahasa/,Bahasa yang Disokong - HelpMyIMG,text/html; charset=utf-8,false,200,0,0,"Kami percaya AI yang berkuasa harus boleh diakses oleh semua orang, di mana-mana sahaja. Itulah sebabnya HelpMyIMG disetempatkan secara asli ke dalam 30 bahasa yang berbeza.",,,173,1,true
20,https://helpmyimg.com/nl/voorwaarden/,Servicevoorwaarden - HelpMyIMG,text/html; charset=utf-8,false,200,0,0,"Welkom bij HelpMyIMG. Door onze website, tools en diensten te bezoeken of te gebruiken, gaat u ermee akkoord gebonden te zijn aan deze Servicevoorwaarden. Lees ze aandachtig door, aangezien ze uw wettelijke rechten en plichten regelen.",,,235,1,true
20,https://helpmyimg.com/no/vilkar/,Vilkår for bruk - HelpMyIMG,text/html; charset=utf-8,false,200,0,0,"Velkommen til HelpMyIMG. Ved å gå inn på eller bruke nettstedet vårt, verktøyene og tjenestene våre, godtar du å være bundet av disse vilkårene for bruk. Vennligst les dem nøye ettersom de styrer dine juridiske rettigheter og plikter.",,,234,1,true
20,https://helpmyimg.com/fr/confidentialite/,politique de confidentialité - HelpMyIMG,text/html; charset=utf-8,false,200,0,0,"Chez HelpMyIMG, nous considérons la vie privée comme un droit humain fondamental. Cette politique de confidentialité est particulièrement brève en ce qui concerne la collecte de données, car nous ne collectons délibérément presque rien. Vous trouverez ci-dessous une description détaillée de la manière dont notre architecture vous protège.",,,340,1,true
20,https://helpmyimg.com/da/om-os/,Om os - HelpMyIMG,text/html; charset=utf-8,false,200,0,0,"Vi mener, at kraftfuld kunstig intelligens ikke bør låses bag dyre betalingsmure eller privatlivsinvasive skyservere. HelpMyIMG er verdens hurtigste, 100 % offline, privatlivsførste AI-billededitor, der kører helt inde i din browser.",,,233,1,true
20,https://helpmyimg.com/vi/quyen-rieng-tu/,Chính sách bảo mật - HelpMyIMG,text/html; charset=utf-8,false,200,0,0,"Tại HelpMyIMG, chúng tôi coi quyền riêng tư là quyền cơ bản của con người. Chính sách quyền riêng tư này rất ngắn gọn về việc thu thập dữ liệu vì chúng tôi cố tình thu thập hầu như không có gì. Dưới đây là bảng phân tích chi tiết về cách kiến ​​trúc của chúng tôi bảo vệ bạn.",,,275,1,true
20,https://helpmyimg.com/ro/securitate/,Securitate și încredere - HelpMyIMG,text/html; charset=utf-8,false,200,0,0,"Experimentați editarea imaginilor 100% AI privată, alimentată de WebAssembly local. Nu putem vedea, stoca sau vinde fotografiile tale, deoarece acestea nu ajung niciodată la serverele noastre.",,,192,1,true
20,https://helpmyimg.com/ro/termeni/,Termeni și condiții - HelpMyIMG,text/html; charset=utf-8,false,200,0,0,"Bun venit la HelpMyIMG. Accesând sau utilizând site-ul nostru web, instrumentele și serviciile, sunteți de acord să respectați acești Termeni și condiții. Vă rugăm să le citiți cu atenție, deoarece acestea vă reglementează drepturile și obligațiile legale.",,,256,1,true
20,https://helpmyimg.com/ru/usloviya/,Условия использования - HelpMyIMG,text/html; charset=utf-8,false,200,0,0,"Добро пожаловать в ЛатарИД. Получая доступ к нашему веб-сайту, инструментам и услугам или используя их, вы соглашаетесь соблюдать настоящие Условия обслуживания. Пожалуйста, внимательно прочитайте их, поскольку они регулируют ваши законные права и обязанности.",,,260,1,true
20,https://helpmyimg.com/ro/despre-noi/,Despre noi - HelpMyIMG,text/html; charset=utf-8,false,200,0,0,"Credem că IA puternică nu ar trebui să fie blocată în spatele plăților costisitoare sau a serverelor cloud care invadează confidențialitatea. HelpMyIMG este cel mai rapid editor de imagini AI din lume, 100% offline, care are prioritate în confidențialitate, care rulează în întregime în browserul dvs.",,,301,1,true
20,https://helpmyimg.com/th/ngeuan-khai/,ข้อกำหนดในการให้บริการ - HelpMyIMG,text/html; charset=utf-8,false,200,0,0,ยินดีต้อนรับสู่ HelpMyIMG การเข้าถึงหรือใช้เว็บไซต์ เครื่องมือ และบริการของเรา แสดงว่าคุณตกลงที่จะผูกพันตามข้อกำหนดในการให้บริการเหล่านี้ โปรดอ่านอย่างละเอียดเนื่องจากสิ่งเหล่านั้นควบคุมสิทธิ์และภาระผูกพันตามกฎหมายของคุณ,,,220,1,true
20,https://helpmyimg.com/th/khwam-pen-suan-tua/,นโยบายความเป็นส่วนตัว - HelpMyIMG,text/html; charset=utf-8,false,200,0,0,ที่ HelpMyIMG เราถือว่าความเป็นส่วนตัวเป็นสิทธิมนุษยชนขั้นพื้นฐาน นโยบายความเป็นส่วนตัวนี้มีความสั้นเป็นพิเศษเกี่ยวกับการรวบรวมข้อมูลเนื่องจากเราจงใจรวบรวมแทบจะไม่มีอะไรเลย ด้านล่างนี้คือรายละเอียดว่าสถาปัตยกรรมของเราปกป้องคุณได้อย่างไร,,,236,1,true
20,https://helpmyimg.com/vi/dieu-khoan/,Điều khoản dịch vụ - HelpMyIMG,text/html; charset=utf-8,false,200,0,0,"Chào mừng đến với HelpMyIMG. Bằng cách truy cập hoặc sử dụng trang web, công cụ và dịch vụ của chúng tôi, bạn đồng ý bị ràng buộc bởi các Điều khoản dịch vụ này. Vui lòng đọc kỹ chúng vì chúng chi phối các quyền và nghĩa vụ pháp lý của bạn.",,,240,1,true
20,https://helpmyimg.com/th/khwam-plod-phai/,ความปลอดภัยและความน่าเชื่อถือ - HelpMyIMG,text/html; charset=utf-8,false,200,0,0,สัมผัสประสบการณ์การแก้ไขภาพ AI ส่วนตัว 100% ที่ขับเคลื่อนโดย WebAssembly ในพื้นที่ เราไม่สามารถดู จัดเก็บ หรือขายรูปภาพของคุณได้ เนื่องจากรูปภาพเหล่านั้นไม่สามารถเข้าถึงเซิร์ฟเวอร์ของเราได้,,,189,1,true
20,https://helpmyimg.com/it/lingue/,Lingue supportate - HelpMyIMG,text/html; charset=utf-8,false,200,0,0,"Crediamo che un’intelligenza artificiale potente debba essere accessibile a tutti, ovunque. Ecco perché HelpMyIMG è localizzato nativamente in 30 lingue diverse.",,,161,1,true
20,https://helpmyimg.com/el/aporrito/,Πολιτική Απορρήτου - HelpMyIMG,text/html; charset=utf-8,false,200,0,0,"Στη HelpMyIMG, θεωρούμε ότι το απόρρητο είναι θεμελιώδες ανθρώπινο δικαίωμα. Αυτή η Πολιτική Απορρήτου είναι μοναδικά σύντομη όσον αφορά τη συλλογή δεδομένων, επειδή σκοπίμως δεν συλλέγουμε σχεδόν τίποτα. Παρακάτω είναι μια λεπτομερής ανάλυση του τρόπου με τον οποίο σας προστατεύει η αρχιτεκτονική μας.",,,303,1,true
20,https://helpmyimg.com/ms/privasi/,Dasar Privasi - HelpMyIMG,text/html; charset=utf-8,false,200,0,0,"Di HelpMyIMG, kami menganggap privasi sebagai hak asasi manusia. Dasar Privasi ini secara unik pendek mengenai pengumpulan data kerana kami sengaja mengumpul hampir tiada apa-apa. Di bawah ialah pecahan terperinci tentang cara seni bina kami melindungi anda.",,,258,1,true
20,https://helpmyimg.com/id/kebijakan-privasi/,Kebijakan Privasi - HelpMyIMG,text/html; charset=utf-8,false,200,0,0,"Di HelpMyIMG, kami menganggap privasi sebagai hak asasi manusia yang mendasar. Kebijakan Privasi ini secara unik singkat mengenai pengumpulan data karena kami sengaja mengumpulkan hampir tidak ada apa pun. Di bawah ini adalah rincian rinci tentang bagaimana arsitektur kami melindungi Anda.",,,290,1,true
20,https://helpmyimg.com/hi/gopniyata/,गोपनीयता नीति - HelpMyIMG,text/html; charset=utf-8,false,200,0,0,"HelpMyIMG में, हम गोपनीयता को एक मौलिक मानव अधिकार मानते हैं। यह गोपनीयता नीति डेटा संग्रह के संबंध में विशिष्ट रूप से संक्षिप्त है क्योंकि हम जानबूझकर लगभग कुछ भी एकत्र नहीं करते हैं। नीचे इस बात का विस्तृत विवरण दिया गया है कि हमारी वास्तुकला आपकी सुरक्षा कैसे करती है।",,,271,1,true
20,https://helpmyimg.com/tl/seguridad/,Seguridad at Tiwala - HelpMyIMG,text/html; charset=utf-8,false,200,0,0,"Damhin ang 100% pribadong AI image editing na pinapagana ng lokal na WebAssembly. Hindi namin makita, maiimbak, o maibenta ang iyong mga larawan dahil hinding-hindi ito makakarating sa aming mga server.",,,202,1,true
20,https://helpmyimg.com/fi/turvallisuus/,Turvallisuus ja luottamus - HelpMyIMG,text/html; charset=utf-8,false,200,0,0,"Koe 100 % yksityinen tekoälykuvankäsittely paikallisen WebAssemblyn avulla. Emme voi nähdä, tallentaa tai myydä valokuviasi, koska ne eivät koskaan pääse palvelimillemme.",,,170,1,true
20,https://helpmyimg.com/no/om-oss/,Om oss - HelpMyIMG,text/html; charset=utf-8,false,200,0,0,"Vi mener kraftig AI ikke bør låses bak dyre betalingsmurer eller personverninvasive skyservere. HelpMyIMG er verdens raskeste, 100 % offline, personvernførste AI-bilderedigerer som kjører helt i nettleseren din.",,,211,1,true
20,https://helpmyimg.com/da/vilkar/,Servicevilkår - HelpMyIMG,text/html; charset=utf-8,false,200,0,0,"Velkommen til HelpMyIMG. Ved at tilgå eller bruge vores hjemmeside, værktøjer og tjenester accepterer du at være bundet af disse servicevilkår. Læs dem omhyggeligt, da de styrer dine juridiske rettigheder og forpligtelser.",,,222,1,true
20,https://helpmyimg.com/no/personvern/,Personvernerklæring - HelpMyIMG,text/html; charset=utf-8,false,200,0,0,Hos HelpMyIMG anser vi personvern som en grunnleggende menneskerettighet. Denne personvernerklæringen er unik kort når det gjelder datainnsamling fordi vi bevisst samler inn nesten ingenting. Nedenfor er en detaljert oversikt over hvordan arkitekturen vår beskytter deg.,,,270,1,true
20,https://helpmyimg.com/uk/pro-nas/,Про нас - HelpMyIMG,text/html; charset=utf-8,false,200,0,0,"Ми вважаємо, що потужний штучний інтелект не повинен бути замкнений за дорогими платними екранами або хмарними серверами, які порушують конфіденційність. HelpMyIMG — це найшвидший у світі 100% офлайн-редактор зображень зі штучним інтелектом, який повністю працює у вашому браузері.",,,281,1,true
20,https://helpmyimg.com/ru/chastiye-voprosy/,Часто задаваемые вопросы - HelpMyIMG,text/html; charset=utf-8,false,200,0,0,"Все, что вам нужно знать о наших инструментах ИИ, ориентированных на конфиденциальность, ограничениях, форматах и о том, как они работают, прямо в вашем браузере.",,,162,1,true
20,https://helpmyimg.com/hu/adatvedelem/,Adatvédelmi szabályzat - HelpMyIMG,text/html; charset=utf-8,false,200,0,0,"A HelpMyIMG-nél a magánélet védelmét alapvető emberi jognak tekintjük. Ez az adatvédelmi szabályzat egyedülállóan rövid az adatgyűjtést illetően, mivel szándékosan szinte semmit sem gyűjtünk. Az alábbiakban részletesen bemutatjuk, hogyan védi Önt architektúránk.",,,262,1,true
20,https://helpmyimg.com/fr/conditions/,Conditions d'utilisation - HelpMyIMG,text/html; charset=utf-8,false,200,0,0,"Bienvenue sur HelpMyIMG. En accédant ou en utilisant notre site Web, nos outils et nos services, vous acceptez d'être lié par les présentes conditions d'utilisation. Veuillez les lire attentivement car ils régissent vos droits et obligations légaux.",,,249,1,true
20,https://helpmyimg.com/nl/privacy/,Privacybeleid - HelpMyIMG,text/html; charset=utf-8,false,200,0,0,"Bij HelpMyIMG beschouwen we privacy als een fundamenteel mensenrecht. Dit privacybeleid is uniek kort met betrekking tot het verzamelen van gegevens, omdat we opzettelijk bijna niets verzamelen. Hieronder vindt u een gedetailleerd overzicht van hoe onze architectuur u beschermt.",,,279,1,true
20,https://helpmyimg.com/ms/terma/,Syarat Perkhidmatan - HelpMyIMG,text/html; charset=utf-8,false,200,0,0,"Selamat datang ke HelpMyIMG. Dengan mengakses atau menggunakan tapak web, alatan dan perkhidmatan kami, anda bersetuju untuk terikat dengan Syarat Perkhidmatan ini. Sila baca dengan teliti kerana ia mengawal hak dan kewajipan undang-undang anda.",,,245,1,true
20,https://helpmyimg.com/tl/mga-tuntunin/,Mga Tuntunin ng Serbisyo - HelpMyIMG,text/html; charset=utf-8,false,200,0,0,"Maligayang pagdating sa HelpMyIMG. Sa pamamagitan ng pag-access o paggamit sa aming website, mga tool, at serbisyo, sumasang-ayon kang sumailalim sa Mga Tuntunin ng Serbisyong ito. Pakibasa nang mabuti ang mga ito habang pinamamahalaan nila ang iyong mga legal na karapatan at obligasyon.",,,288,1,true
20,https://helpmyimg.com/de/sicherheit/,Sicherheit und Vertrauen - HelpMyIMG,text/html; charset=utf-8,false,200,0,0,"Erleben Sie 100 % private KI-Bildbearbeitung mit lokaler WebAssembly. Wir können Ihre Fotos nicht sehen, speichern oder verkaufen, da sie niemals unsere Server erreichen.",,,170,1,true
20,https://helpmyimg.com/tr/hakkimizda/,Hakkımızda - HelpMyIMG,text/html; charset=utf-8,false,200,0,0,"Güçlü yapay zekanın pahalı ödeme duvarlarının veya gizliliği ihlal eden bulut sunucularının arkasında kilitlenmemesi gerektiğine inanıyoruz. HelpMyIMG, tamamen tarayıcınızın içinde çalışan, dünyanın en hızlı, %100 çevrimdışı, gizliliğe öncelik veren yapay zeka resim düzenleyicisidir.",,,284,1,true
20,https://helpmyimg.com/it/sicurezza/,Sicurezza e fiducia - HelpMyIMG,text/html; charset=utf-8,false,200,0,0,"Sperimenta l'editing di immagini AI privato al 100% basato su WebAssembly locale. Non possiamo vedere, archiviare o vendere le tue foto perché non raggiungono mai i nostri server.",,,179,1,true
20,https://helpmyimg.com/uk/bezpeka/,Безпека та довіра - HelpMyIMG,text/html; charset=utf-8,false,200,0,0,"Відчуйте 100% приватне редагування зображень штучним інтелектом за допомогою локальної WebAssembly. Ми не можемо переглядати, зберігати чи продавати ваші фотографії, оскільки вони ніколи не потрапляють на наші сервери.",,,218,1,true
20,https://helpmyimg.com/cs/podminky/,Podmínky služby - HelpMyIMG,text/html; charset=utf-8,false,200,0,0,"Vítejte v HelpMyIMG. Přístupem nebo používáním našich webových stránek, nástrojů a služeb souhlasíte s tím, že budete vázáni těmito Podmínkami služby. Přečtěte si je prosím pozorně, protože upravují vaše zákonná práva a povinnosti.",,,231,1,true
20,https://helpmyimg.com/tl/privacy/,Patakaran sa Privacy - HelpMyIMG,text/html; charset=utf-8,false,200,0,0,"Sa HelpMyIMG, itinuturing namin ang privacy bilang isang pangunahing karapatang pantao. Ang Patakaran sa Privacy na ito ay katangi-tanging maikli patungkol sa pangongolekta ng data dahil sadyang halos wala kaming kinokolekta. Nasa ibaba ang isang detalyadong breakdown kung paano ka pinoprotektahan ng aming arkitektura.",,,320,1,true
20,https://helpmyimg.com/sv/om-oss/,Om oss - HelpMyIMG,text/html; charset=utf-8,false,200,0,0,"Vi anser att kraftfull AI inte bör låsas bakom dyra betalväggar eller integritetsinvasiva molnservrar. HelpMyIMG är världens snabbaste, 100 % offline, sekretessförsta AI-bildredigerare som körs helt i din webbläsare.",,,216,1,true
20,https://helpmyimg.com/pt/privacidade/,política de Privacidade - HelpMyIMG,text/html; charset=utf-8,false,200,0,0,"Na HelpMyIMG, consideramos a privacidade um direito humano fundamental. Esta Política de Privacidade é excepcionalmente curta no que diz respeito à coleta de dados porque não coletamos quase nada deliberadamente. Abaixo está uma análise detalhada de como nossa arquitetura protege você.",,,286,1,true
20,https://helpmyimg.com/pl/bezpieczenstwo/,Bezpieczeństwo i zaufanie - HelpMyIMG,text/html; charset=utf-8,false,200,0,0,"Doświadcz w 100% prywatnej edycji obrazów AI obsługiwanej przez lokalny zestaw WebAssembly. Nie możemy oglądać, przechowywać ani sprzedawać Twoich zdjęć, ponieważ nigdy nie docierają one na nasze serwery.",,,204,1,true
20,https://helpmyimg.com/pl/o-nas/,O nas - HelpMyIMG,text/html; charset=utf-8,false,200,0,0,"Uważamy, że potężna sztuczna inteligencja nie powinna być zamykana za drogimi ścianami płatniczymi lub serwerami chmurowymi naruszającymi prywatność. HelpMyIMG to najszybszy na świecie edytor obrazów AI, działający w 100% offline i zapewniający prywatność, który działa całkowicie w przeglądarce.",,,296,1,true
20,https://helpmyimg.com/fi/usein-kysytyt-kysymykset/,FAQ - HelpMyIMG,text/html; charset=utf-8,false,200,0,0,"Kaikki mitä sinun tulee tietää yksityisyydensuojan kannalta tärkeistä tekoälytyökaluistamme, rajoituksista, muodoista ja siitä, miten ne toimivat suoraan selaimessasi.",,,167,1,true
20,https://helpmyimg.com/fi/tietosuoja/,Tietosuojakäytäntö - HelpMyIMG,text/html; charset=utf-8,false,200,0,0,"HelpMyIMG:ssä pidämme yksityisyyttä perusihmisoikeutena. Tämä tietosuojakäytäntö on ainutlaatuisen lyhyt tiedonkeruun suhteen, koska emme tarkoituksella kerää juuri mitään. Alla on yksityiskohtainen erittely siitä, kuinka arkkitehtuurimme suojaa sinua.",,,252,1,true
20,https://helpmyimg.com/es/privacidad/,política de privacidad - HelpMyIMG,text/html; charset=utf-8,false,200,0,0,En HelpMyIMG consideramos la privacidad como un derecho humano fundamental. Esta Política de Privacidad es excepcionalmente breve en cuanto a la recopilación de datos porque no recopilamos casi nada deliberadamente. A continuación se muestra un desglose detallado de cómo nuestra arquitectura lo protege.,,,304,1,true
20,https://helpmyimg.com/id/tentang-kami/,Tentang Kami - HelpMyIMG,text/html; charset=utf-8,false,200,0,0,"Kami percaya AI yang kuat tidak boleh terkunci di balik paywall yang mahal atau server cloud yang melanggar privasi. HelpMyIMG adalah editor gambar AI tercepat, 100% offline, dan mengutamakan privasi di dunia yang berjalan sepenuhnya di dalam browser Anda.",,,256,1,true
20,https://helpmyimg.com/vi/gioi-thieu/,Về chúng tôi - HelpMyIMG,text/html; charset=utf-8,false,200,0,0,"Chúng tôi tin rằng AI mạnh mẽ không nên bị khóa sau các bức tường thanh toán đắt tiền hoặc các máy chủ đám mây xâm phạm quyền riêng tư. HelpMyIMG là trình chỉnh sửa hình ảnh AI đầu tiên về quyền riêng tư, ngoại tuyến 100%, nhanh nhất thế giới, chạy hoàn toàn bên trong trình duyệt của bạn.",,,289,1,true
20,https://helpmyimg.com/he/pratiyut/,מדיניות פרטיות - HelpMyIMG,text/html; charset=utf-8,false,200,0,0,"ב-HelpMyIMG, אנו רואים בפרטיות זכות אדם בסיסית. מדיניות פרטיות זו קצרה באופן ייחודי בנוגע לאיסוף נתונים מכיוון שאיננו אוספים כמעט דבר בכוונה. להלן פירוט מפורט של האופן שבו הארכיטקטורה שלנו מגינה עליך.",,,200,1,true
20,https://helpmyimg.com/de/ueber-uns/,Über uns - HelpMyIMG,text/html; charset=utf-8,false,200,0,0,"Wir glauben, dass leistungsstarke KI nicht hinter teuren Paywalls oder datenschutzschädigenden Cloud-Servern gesperrt werden sollte. HelpMyIMG ist der weltweit schnellste, 100 % offline arbeitende, datenschutzorientierte KI-Bildeditor, der vollständig in Ihrem Browser ausgeführt wird.",,,285,1,true
20,https://helpmyimg.com/fi/kayttoehdot/,Palveluehdot - HelpMyIMG,text/html; charset=utf-8,false,200,0,0,"Tervetuloa HelpMyIMG:hen. Avaamalla tai käyttämällä verkkosivustoamme, työkalujamme ja palveluitamme sitoudut noudattamaan näitä palveluehtoja. Lue ne huolellisesti, sillä ne säätelevät laillisia oikeuksiasi ja velvollisuuksiasi.",,,229,1,true
20,https://helpmyimg.com/da/privatliv/,Privatlivspolitik - HelpMyIMG,text/html; charset=utf-8,false,200,0,0,"Hos HelpMyIMG anser vi privatlivets fred for at være en grundlæggende menneskeret. Denne privatlivspolitik er entydigt kort med hensyn til dataindsamling, fordi vi bevidst indsamler næsten ingenting. Nedenfor er en detaljeret oversigt over, hvordan vores arkitektur beskytter dig.",,,280,1,true
20,https://helpmyimg.com/tr/gizlilik/,Gizlilik Politikası - HelpMyIMG,text/html; charset=utf-8,false,200,0,0,"HelpMyIMG olarak gizliliğin temel bir insan hakkı olduğunu düşünüyoruz. Bu Gizlilik Politikası, veri toplama konusunda benzersiz bir şekilde kısadır çünkü kasıtlı olarak neredeyse hiçbir şey toplamıyoruz. Aşağıda mimarimizin sizi nasıl koruduğunun ayrıntılı bir dökümü bulunmaktadır.",,,283,1,true
20,https://helpmyimg.com/hu/rolunk/,Rólunk - HelpMyIMG,text/html; charset=utf-8,false,200,0,0,"Meggyőződésünk, hogy a hatékony mesterséges intelligencia nem zárható be drága fizetőfalak vagy adatvédelmi invazív felhőszerverek mögé. A HelpMyIMG a világ leggyorsabb, 100%-ban offline, adatvédelmi szempontból első helyen álló mesterséges intelligencia képszerkesztője, amely teljes egészében a böngészőben fut.",,,313,1,true
20,https://helpmyimg.com/en/terms/,Terms of Service - HelpMyIMG,text/html; charset=utf-8,false,200,0,0,"Welcome to HelpMyIMG. By accessing or using our website, tools, and services, you agree to be bound by these Terms of Service. Please read them carefully as they govern your legal rights and obligations.",,,203,1,true
20,https://helpmyimg.com/sv/villkor/,Användarvillkor - HelpMyIMG,text/html; charset=utf-8,false,200,0,0,"Välkommen till HelpMyIMG. Genom att komma åt eller använda vår webbplats, verktyg och tjänster samtycker du till att vara bunden av dessa användarvillkor. Läs dem noggrant eftersom de styr dina lagliga rättigheter och skyldigheter.",,,231,1,true
20,https://helpmyimg.com/hu/feltetelek/,Szolgáltatási feltételek - HelpMyIMG,text/html; charset=utf-8,false,200,0,0,"Üdvözöljük a HelpMyIMG-ben. Weboldalunk, eszközeink és szolgáltatásaink elérésével vagy használatával Ön beleegyezik a jelen Szolgáltatási feltételek betartásába. Kérjük, figyelmesen olvassa el ezeket, mivel ezek szabályozzák az Ön törvényes jogait és kötelezettségeit.",,,269,1,true
20,https://helpmyimg.com/fr/securite/,Sécurité et confiance - HelpMyIMG,text/html; charset=utf-8,false,200,0,0,"Faites l'expérience de l'édition d'images IA 100 % privée optimisée par WebAssembly local. Nous ne pouvons pas voir, stocker ou vendre vos photos car elles n'atteignent jamais nos serveurs.",,,189,1,true
20,https://helpmyimg.com/id/keamanan/,Keamanan & Kepercayaan - HelpMyIMG,text/html; charset=utf-8,false,200,0,0,"Nikmati 100% pengeditan gambar AI pribadi yang didukung oleh WebAssembly lokal. Kami tidak dapat melihat, menyimpan, atau menjual foto Anda karena foto tersebut tidak pernah sampai ke server kami.",,,196,1,true
20,https://helpmyimg.com/en/privacy/,Privacy Policy - HelpMyIMG,text/html; charset=utf-8,false,200,0,0,"At HelpMyIMG, we consider privacy to be a fundamental human right. This Privacy Policy is uniquely short regarding data collection because we deliberately collect almost nothing. Below is a detailed breakdown of how our architecture protects you.",,,246,1,true
20,https://helpmyimg.com/ru/o-nas/,О нас - HelpMyIMG,text/html; charset=utf-8,false,200,0,0,"Мы считаем, что мощный ИИ не должен быть заперт за дорогостоящими платными сетями или облачными серверами, нарушающими конфиденциальность. HelpMyIMG — это самый быстрый в мире, 100% автономный редактор изображений с искусственным интеллектом, ориентированный на конфиденциальность, который полностью работает внутри вашего браузера.",,,332,1,true
20,https://helpmyimg.com/vi/cau-hoi-thuong-gap/,Câu hỏi thường gặp - HelpMyIMG,text/html; charset=utf-8,false,200,0,0,"Mọi thứ bạn cần biết về các công cụ, giới hạn, định dạng AI ưu tiên quyền riêng tư của chúng tôi cũng như cách chúng hoạt động trực tiếp trong trình duyệt của bạn.",,,163,1,true
20,https://helpmyimg.com/tl/tungkol-sa-amin/,Tungkol sa Amin - HelpMyIMG,text/html; charset=utf-8,false,200,0,0,"Naniniwala kami na ang makapangyarihang AI ay hindi dapat mai-lock sa likod ng mga mamahaling paywall o mga server ng cloud-invasive sa privacy. Ang HelpMyIMG ay ang pinakamabilis, 100% offline, privacy-first AI image editor na ganap na tumatakbo sa loob ng iyong browser.",,,272,1,true
20,https://helpmyimg.com/el/oroi/,Όροι Παροχής Υπηρεσιών - HelpMyIMG,text/html; charset=utf-8,false,200,0,0,"Καλώς ήρθατε στο HelpMyIMG. Με την πρόσβαση ή τη χρήση του ιστότοπού μας, των εργαλείων και των υπηρεσιών μας, συμφωνείτε να δεσμεύεστε από αυτούς τους Όρους Παροχής Υπηρεσιών. Διαβάστε τα προσεκτικά καθώς διέπουν τα νόμιμα δικαιώματα και τις υποχρεώσεις σας.",,,259,1,true
20,https://helpmyimg.com/de/datenschutz/,Datenschutzrichtlinie - HelpMyIMG,text/html; charset=utf-8,false,200,0,0,"Bei HelpMyIMG betrachten wir die Privatsphäre als ein grundlegendes Menschenrecht. Diese Datenschutzrichtlinie ist in Bezug auf die Datenerhebung einzigartig kurz, da wir bewusst fast nichts sammeln. Nachfolgend finden Sie eine detaillierte Aufschlüsselung, wie unsere Architektur Sie schützt.",,,293,1,true
20,https://helpmyimg.com/tr/sartlar/,Hizmet Şartları - HelpMyIMG,text/html; charset=utf-8,false,200,0,0,"HelpMyIMG'ye hoş geldiniz. Web sitemize, araçlarımıza ve hizmetlerimize erişerek veya bunları kullanarak bu Hizmet Koşullarına bağlı kalmayı kabul edersiniz. Yasal haklarınızı ve yükümlülüklerinizi düzenlediği için lütfen bunları dikkatlice okuyun.",,,248,1,true
20,https://helpmyimg.com/pt/sobre/,Sobre nós - HelpMyIMG,text/html; charset=utf-8,false,200,0,0,"Acreditamos que a IA poderosa não deve ser bloqueada por acessos pagos caros ou servidores em nuvem que invasem a privacidade. HelpMyIMG é o editor de imagens de IA mais rápido, 100% offline e com foco na privacidade do mundo, que roda inteiramente dentro do seu navegador.",,,273,1,true
20,https://helpmyimg.com/it/chi-siamo/,Chi siamo - HelpMyIMG,text/html; charset=utf-8,false,200,0,0,"Riteniamo che una potente intelligenza artificiale non debba essere rinchiusa dietro costosi paywall o server cloud invasivi della privacy. HelpMyIMG è l'editor di immagini AI più veloce al mondo, offline al 100%, con priorità alla privacy, che funziona interamente all'interno del tuo browser.",,,294,1,true
20,https://helpmyimg.com/cs/soukromi/,Zásady ochrany osobních údajů - HelpMyIMG,text/html; charset=utf-8,false,200,0,0,"V HelpMyIMG považujeme soukromí za základní lidské právo. Tyto zásady ochrany osobních údajů jsou jedinečně krátké, pokud jde o shromažďování údajů, protože záměrně neshromažďujeme téměř nic. Níže je podrobný rozpis toho, jak vás naše architektura chrání.",,,255,1,true
20,https://helpmyimg.com/uk/umovy/,Умови обслуговування - HelpMyIMG,text/html; charset=utf-8,false,200,0,0,"Ласкаво просимо до HelpMyIMG. Отримуючи доступ до нашого веб-сайту, інструментів і послуг або використовуючи їх, ви погоджуєтеся дотримуватися цих Умов надання послуг. Уважно прочитайте їх, оскільки вони регулюють ваші законні права та обов’язки.",,,246,1,true
20,https://helpmyimg.com/ru/konfidentsialnost/,политика конфиденциальности - HelpMyIMG,text/html; charset=utf-8,false,200,0,0,"В HelpMyIMG мы считаем неприкосновенность частной жизни фундаментальным правом человека. Эта Политика конфиденциальности является уникально короткой в ​​отношении сбора данных, поскольку мы намеренно почти ничего не собираем. Ниже приведено подробное описание того, как наша архитектура защищает вас.",,,300,1,true
20,https://helpmyimg.com/fr/faq/,FAQ - HelpMyIMG,text/html; charset=utf-8,false,200,0,0,"Tout ce que vous devez savoir sur nos outils d'IA axés sur la confidentialité, nos limites, nos formats et leur fonctionnement directement dans votre navigateur.",,,161,1,true
20,https://helpmyimg.com/nl/over-ons/,Over ons - HelpMyIMG,text/html; charset=utf-8,false,200,0,0,"Wij zijn van mening dat krachtige AI niet achter dure betaalmuren of privacy-invasieve cloudservers mag worden opgesloten. HelpMyIMG is 's werelds snelste, 100% offline, op privacy gerichte AI-beeldeditor die volledig in uw browser draait.",,,239,1,true
20,https://helpmyimg.com/de/bedingungen/,Nutzungsbedingungen - HelpMyIMG,text/html; charset=utf-8,false,200,0,0,"Willkommen bei HelpMyIMG. Durch den Zugriff auf oder die Nutzung unserer Website, Tools und Dienste erklären Sie sich mit diesen Nutzungsbedingungen einverstanden. Bitte lesen Sie sie sorgfältig durch, da sie Ihre gesetzlichen Rechte und Pflichten regeln.",,,255,1,true
20,https://helpmyimg.com/sv/integritet/,Sekretesspolicy - HelpMyIMG,text/html; charset=utf-8,false,200,0,0,På HelpMyIMG anser vi att integritet är en grundläggande mänsklig rättighet. Denna integritetspolicy är unikt kort när det gäller datainsamling eftersom vi medvetet samlar in nästan ingenting. Nedan följer en detaljerad sammanfattning av hur vår arkitektur skyddar dig.,,,269,1,true
20,https://helpmyimg.com/fi/tietoa-meista/,Tietoja meistä - HelpMyIMG,text/html; charset=utf-8,false,200,0,0,"Uskomme, että tehokasta tekoälyä ei pidä lukita kalliiden maksumuurin tai yksityisyyttä loukkaavien pilvipalvelimien taakse. HelpMyIMG on maailman nopein, 100 % offline-tilassa, yksityisyyden ensisijainen tekoälykuvankäsittelyohjelma, joka toimii kokonaan selaimesi sisällä.",,,274,1,true
20,https://helpmyimg.com/ar/khususia/,سياسة الخصوصية - HelpMyIMG,text/html; charset=utf-8,false,200,0,0,"At HelpMyIMG, we take your privacy extremely seriously. This Privacy Policy outlines our unique approach to data processing and how we ensure your complete confidentiality.",,,172,1,true
20,https://helpmyimg.com/hi/hamare-bare-mein/,हमारे बारे में - HelpMyIMG,text/html; charset=utf-8,false,200,0,0,"हमारा मानना है कि शक्तिशाली एआई को महंगे पेवॉल या गोपनीयता-आक्रामक क्लाउड सर्वर के पीछे बंद नहीं किया जाना चाहिए। HelpMyIMG दुनिया का सबसे तेज़, 100% ऑफ़लाइन, गोपनीयता-प्रथम AI छवि संपादक है जो पूरी तरह से आपके ब्राउज़र के अंदर चलता है।",,,236,1,true
20,https://helpmyimg.com/id/ketentuan-layanan/,Ketentuan Layanan - HelpMyIMG,text/html; charset=utf-8,false,200,0,0,"Selamat datang di HelpMyIMG. Dengan mengakses atau menggunakan situs web, alat, dan layanan kami, Anda setuju untuk terikat oleh Ketentuan Layanan ini. Harap membacanya dengan cermat karena ini mengatur hak dan kewajiban hukum Anda.",,,232,1,true
20,https://helpmyimg.com/hi/suraksha/,सुरक्षा एवं विश्वास - HelpMyIMG,text/html; charset=utf-8,false,200,0,0,"स्थानीय वेबअसेंबली द्वारा संचालित 100% निजी एआई छवि संपादन का अनुभव करें। हम आपकी तस्वीरें नहीं देख सकते, संग्रहीत नहीं कर सकते, या बेच नहीं सकते क्योंकि वे कभी भी हमारे सर्वर तक नहीं पहुंचतीं।",,,193,1,true
20,https://helpmyimg.com/he/tnaim/,תנאים והגבלות - HelpMyIMG,text/html; charset=utf-8,false,200,0,0,"ברוכים הבאים ל-HelpMyIMG. על ידי גישה או שימוש באתר, בכלים ובשירותים שלנו, אתה מסכים להיות כפוף לתנאים והגבלות אלה. אנא קרא אותם בעיון מכיוון שהם קובעים את הזכויות והחובות המשפטיות שלך.",,,185,1,true
20,https://helpmyimg.com/pl/prywatnosc/,Polityka prywatności - HelpMyIMG,text/html; charset=utf-8,false,200,0,0,"W HelpMyIMG uważamy prywatność za podstawowe prawo człowieka. Niniejsza Polityka prywatności jest wyjątkowo krótka w odniesieniu do gromadzenia danych, ponieważ celowo nie zbieramy prawie niczego. Poniżej znajduje się szczegółowy opis sposobu, w jaki nasza architektura Cię chroni.",,,281,1,true
20,https://helpmyimg.com/it/privacy/,Informativa sulla privacy - HelpMyIMG,text/html; charset=utf-8,false,200,0,0,In HelpMyIMG consideriamo la privacy un diritto umano fondamentale. La presente Informativa sulla privacy è particolarmente breve per quanto riguarda la raccolta dei dati perché non raccogliamo deliberatamente quasi nulla. Di seguito è riportata un'analisi dettagliata di come la nostra architettura ti protegge.,,,312,1,true
20,https://helpmyimg.com/ms/tentang-kami/,Tentang Kami - HelpMyIMG,text/html; charset=utf-8,false,200,0,0,"Kami percaya AI yang berkuasa tidak seharusnya dikunci di sebalik paywall mahal atau pelayan awan invasif privasi. HelpMyIMG ialah penyunting imej AI terpantas, 100% luar talian, privasi mengutamakan privasi yang berjalan sepenuhnya di dalam penyemak imbas anda.",,,262,1,true
20,https://helpmyimg.com/it/termini/,Termini di servizio - HelpMyIMG,text/html; charset=utf-8,false,200,0,0,"Benvenuti in HelpMyIMG. Accedendo o utilizzando il nostro sito Web, i nostri strumenti e i nostri servizi, accetti di essere vincolato dai presenti Termini di servizio. Si prega di leggerli attentamente poiché regolano i vostri diritti e obblighi legali.",,,254,1,true
20,https://helpmyimg.com/th/kieow-kab-rao/,เกี่ยวกับเรา - HelpMyIMG,text/html; charset=utf-8,false,200,0,0,เราเชื่อว่า AI อันทรงพลังไม่ควรถูกล็อกอยู่เบื้องหลังเพย์วอลล์ราคาแพงหรือเซิร์ฟเวอร์คลาวด์ที่รุกล้ำความเป็นส่วนตัว HelpMyIMG เป็นโปรแกรมแก้ไขรูปภาพ AI ออฟไลน์ 100% ที่เร็วที่สุดในโลกและเน้นความเป็นส่วนตัวซึ่งทำงานภายในเบราว์เซอร์ของคุณทั้งหมด,,,241,1,true
20,https://helpmyimg.com/tr/guvenlik/,Güvenlik ve Güven - HelpMyIMG,text/html; charset=utf-8,false,200,0,0,"Yerel WebAssembly tarafından desteklenen %100 özel yapay zeka görüntü düzenleme deneyimini yaşayın. Fotoğraflarınızı hiçbir zaman sunucularımıza ulaşmadığı için göremiyoruz, saklayamıyoruz veya satamıyoruz.",,,206,1,true
20,https://helpmyimg.com/ro/confidentialitate/,Politica de confidențialitate - HelpMyIMG,text/html; charset=utf-8,false,200,0,0,"La HelpMyIMG, considerăm că confidențialitatea este un drept fundamental al omului. Această politică de confidențialitate este deosebit de scurtă în ceea ce privește colectarea datelor, deoarece nu colectăm în mod deliberat aproape nimic. Mai jos este o detaliere a modului în care arhitectura noastră vă protejează.",,,316,1,true
20,https://helpmyimg.com/cs/bezpecnost/,Bezpečnost a důvěra - HelpMyIMG,text/html; charset=utf-8,false,200,0,0,"Vyzkoušejte 100% soukromou úpravu obrázků AI poháněnou místním WebAssembly. Vaše fotografie nemůžeme vidět, ukládat ani prodávat, protože se nikdy nedostanou na naše servery.",,,174,1,true
20,https://helpmyimg.com/es/terminos/,Términos de servicio - HelpMyIMG,text/html; charset=utf-8,false,200,0,0,"Bienvenido a HelpMyIMG. Al acceder o utilizar nuestro sitio web, herramientas y servicios, usted acepta estar sujeto a estos Términos de servicio. Léalos atentamente, ya que rigen sus derechos y obligaciones legales.",,,216,1,true
