PR,URL,Title,Content type,Is rendered page,HTTP status code,Organic traffic,Is valid Open Graph,Open Graph attributes,Open Graph values,Depth,Is indexable page,No. of all inlinks
31,https://helpmyimg.com/en/,HelpMyIMG | All Image Tools in One Place,text/html; charset=utf-8,false,200,0,false,"og:description
og:title","Combine, split, compress, convert, and process photos directly in your browser. 100% offline via WebAssembly. Free, unlimited, and highly secure.
HelpMyIMG | All Image Tools in One Place",0,true,541
26,https://helpmyimg.com/zh/,HelpMyIMG | 所有图像工具尽在一处,text/html; charset=utf-8,false,200,0,false,"og:description
og:title","直接在浏览器中组合、分割、压缩、转换和处理照片。通过 WebAssembly 100% 离线。免费、无限制且高度安全。
HelpMyIMG | 所有图像工具尽在一处",0,true,270
26,https://helpmyimg.com/fr/,HelpMyIMG | Tous les outils image en un seul endroit,text/html; charset=utf-8,false,200,0,false,"og:description
og:title","Combinez, divisez, compressez, convertissez et traitez des photos directement dans votre navigateur. 100% hors ligne via WebAssembly. Gratuit, illimité et hautement sécurisé.
HelpMyIMG | Tous les outils image en un seul endroit",0,true,270
26,https://helpmyimg.com/ru/,HelpMyIMG | Все инструменты для изображений в одном месте,text/html; charset=utf-8,false,200,0,false,"og:description
og:title","Объединяйте, разделяйте, сжимайте, конвертируйте и обрабатывайте фотографии прямо в браузере. 100% автономный режим через WebAssembly. Бесплатно, безлимитно и очень безопасно.
HelpMyIMG | Все инструменты для изображений в одном месте",0,true,270
26,https://helpmyimg.com/ms/,HelpMyIMG | Semua Alat Imej dalam Satu Tempat,text/html; charset=utf-8,false,200,0,false,"og:description
og:title","Gabungkan, belah, mampatkan, tukar dan proses foto terus dalam penyemak imbas anda. 100% di luar talian melalui WebAssembly. Percuma, tidak terhad dan sangat selamat.
HelpMyIMG | Semua Alat Imej dalam Satu Tempat",0,true,270
26,https://helpmyimg.com/hu/,HelpMyIMG | Minden képeszköz egy helyen,text/html; charset=utf-8,false,200,0,false,"og:description
og:title","Kombinálja, osztja fel, tömörítse, konvertálja és dolgozza fel a fényképeket közvetlenül a böngészőben. 100%-ban offline a WebAssembly segítségével. Ingyenes, korlátlan és rendkívül biztonságos.
HelpMyIMG | Minden képeszköz egy helyen",0,true,270
26,https://helpmyimg.com/el/,HelpMyIMG | Όλα τα εργαλεία εικόνας σε ένα μέρος,text/html; charset=utf-8,false,200,0,false,"og:description
og:title","Συνδυάστε, διαχωρίστε, συμπιέστε, μετατρέψτε και επεξεργαστείτε φωτογραφίες απευθείας στο πρόγραμμα περιήγησής σας. 100% εκτός σύνδεσης μέσω WebAssembly. Δωρεάν, απεριόριστη και εξαιρετικά ασφαλής.
HelpMyIMG | Όλα τα εργαλεία εικόνας σε ένα μέρος",0,true,270
26,https://helpmyimg.com/he/,HelpMyIMG | כל כלי התמונות במקום אחד,text/html; charset=utf-8,false,200,0,false,"og:description
og:title","שלב, פצל, דחס, המר ועבד תמונות ישירות בדפדפן שלך. 100% לא מקוון באמצעות WebAssembly. חינם, ללא הגבלה, ומאובטח מאוד.
HelpMyIMG | כל כלי התמונות במקום אחד",0,true,270
26,https://helpmyimg.com/fi/,HelpMyIMG | Kaikki kuvatyökalut yhdessä paikassa,text/html; charset=utf-8,false,200,0,false,"og:description
og:title","Yhdistä, jaa, pakkaa, muunna ja käsittele valokuvia suoraan selaimessasi. 100 % offline-tilassa WebAssemblyn kautta. Ilmainen, rajoittamaton ja erittäin turvallinen.
HelpMyIMG | Kaikki kuvatyökalut yhdessä paikassa",0,true,270
26,https://helpmyimg.com/id/,HelpMyIMG | Semua Alat Gambar dalam Satu Tempat,text/html; charset=utf-8,false,200,0,false,"og:description
og:title","Gabungkan, pisahkan, kompres, konversi, dan proses foto langsung di browser Anda. 100% offline melalui WebAssembly. Gratis, tidak terbatas, dan sangat aman.
HelpMyIMG | Semua Alat Gambar dalam Satu Tempat",0,true,270
26,https://helpmyimg.com/it/,HelpMyIMG | Tutti gli strumenti immagine in un unico posto,text/html; charset=utf-8,false,200,0,false,"og:description
og:title","Combina, dividi, comprimi, converti ed elabora le foto direttamente nel tuo browser. 100% offline tramite WebAssembly. Gratuito, illimitato e altamente sicuro.
HelpMyIMG | Tutti gli strumenti immagine in un unico posto",0,true,270
26,https://helpmyimg.com/da/,HelpMyIMG | Alle billedværktøjer på ét sted,text/html; charset=utf-8,false,200,0,false,"og:description
og:title","Kombiner, opdel, komprimer, konverter og bearbejd billeder direkte i din browser. 100 % offline via WebAssembly. Gratis, ubegrænset og meget sikker.
HelpMyIMG | Alle billedværktøjer på ét sted",0,true,270
26,https://helpmyimg.com/sv/,HelpMyIMG | Alla bildverktyg på ett ställe,text/html; charset=utf-8,false,200,0,false,"og:description
og:title","Kombinera, dela, komprimera, konvertera och bearbeta foton direkt i din webbläsare. 100 % offline via WebAssembly. Gratis, obegränsad och mycket säker.
HelpMyIMG | Alla bildverktyg på ett ställe",0,true,270
26,https://helpmyimg.com/tl/,HelpMyIMG | Lahat ng Tool sa Imahe sa Isang Lugar,text/html; charset=utf-8,false,200,0,false,"og:description
og:title","Pagsamahin, hatiin, i-compress, i-convert, at iproseso ang mga larawan nang direkta sa iyong browser. 100% offline sa pamamagitan ng WebAssembly. Libre, walang limitasyon, at lubos na secure.
HelpMyIMG | Lahat ng Tool sa Imahe sa Isang Lugar",0,true,270
26,https://helpmyimg.com/tr/,HelpMyIMG | Tüm görüntü araçları tek bir yerde,text/html; charset=utf-8,false,200,0,false,"og:description
og:title","Fotoğrafları doğrudan tarayıcınızda birleştirin, bölün, sıkıştırın, dönüştürün ve işleyin. WebAssembly aracılığıyla %100 çevrimdışı. Ücretsiz, sınırsız ve son derece güvenli.
HelpMyIMG | Tüm görüntü araçları tek bir yerde",0,true,270
26,https://helpmyimg.com/es/,HelpMyIMG | Todas las herramientas de imagen en un lugar,text/html; charset=utf-8,false,200,0,false,"og:description
og:title","Combine, divida, comprima, convierta y procese fotografías directamente en su navegador. 100% sin conexión a través de WebAssembly. Gratis, ilimitado y muy seguro.
HelpMyIMG | Todas las herramientas de imagen en un lugar",0,true,270
26,https://helpmyimg.com/ko/,HelpMyIMG | 모든 이미지 도구 한 곳에서,text/html; charset=utf-8,false,200,0,false,"og:description
og:title","브라우저에서 직접 사진을 결합, 분할, 압축, 변환 및 처리합니다. WebAssembly를 통해 100% 오프라인. 무료이며 무제한이며 매우 안전합니다.
HelpMyIMG | 모든 이미지 도구 한 곳에서",0,true,270
26,https://helpmyimg.com/de/,HelpMyIMG | Alle Bild-Tools an einem Ort,text/html; charset=utf-8,false,200,0,false,"og:description
og:title","Kombinieren, teilen, komprimieren, konvertieren und verarbeiten Sie Fotos direkt in Ihrem Browser. 100 % offline über WebAssembly. Kostenlos, unbegrenzt und äußerst sicher.
HelpMyIMG | Alle Bild-Tools an einem Ort",0,true,270
26,https://helpmyimg.com/pt/,HelpMyIMG | Todas as ferramentas de imagem em um só lugar,text/html; charset=utf-8,false,200,0,false,"og:description
og:title","Combine, divida, compacte, converta e processe fotos diretamente no seu navegador. 100% off-line via WebAssembly. Gratuito, ilimitado e altamente seguro.
HelpMyIMG | Todas as ferramentas de imagem em um só lugar",0,true,270
26,https://helpmyimg.com/ar/,HelpMyIMG | كل أدوات الصور في مكان واحد,text/html; charset=utf-8,false,200,0,false,"og:description
og:title","قم بدمج الصور وتقسيمها وضغطها وتحويلها ومعالجتها مباشرة في متصفحك.غير متصل بالإنترنت بنسبة 100% عبر WebAssembly.مجاني وغير محدود وآمن للغاية.
HelpMyIMG | كل أدوات الصور في مكان واحد",0,true,270
26,https://helpmyimg.com/th/,HelpMyIMG | เครื่องมือรูปภาพทั้งหมดในที่เดียว,text/html; charset=utf-8,false,200,0,false,"og:description
og:title","รวม แยก บีบอัด แปลง และประมวลผลรูปภาพได้โดยตรงในเบราว์เซอร์ของคุณ ออฟไลน์ 100% ผ่าน WebAssembly ฟรี ไม่จำกัด และมีความปลอดภัยสูง
HelpMyIMG | เครื่องมือรูปภาพทั้งหมดในที่เดียว",0,true,270
26,https://helpmyimg.com/no/,HelpMyIMG | Alle bildeverktøy på ett sted,text/html; charset=utf-8,false,200,0,false,"og:description
og:title","Kombiner, del, komprimer, konverter og bearbeid bilder direkte i nettleseren din. 100 % offline via WebAssembly. Gratis, ubegrenset og svært sikker.
HelpMyIMG | Alle bildeverktøy på ett sted",0,true,270
26,https://helpmyimg.com/ja/,HelpMyIMG | 画像ツールが全部一か所に,text/html; charset=utf-8,false,200,0,false,"og:description
og:title","ブラウザ内で写真を直接結合、分割、圧縮、変換、処理できます。 WebAssembly 経由で 100% オフライン。無料、無制限、そして非常に安全です。
HelpMyIMG | 画像ツールが全部一か所に",0,true,270
26,https://helpmyimg.com/nl/,HelpMyIMG | Alle afbeeldingstools op één plek,text/html; charset=utf-8,false,200,0,false,"og:description
og:title","Combineer, splits, comprimeer, converteer en verwerk foto's rechtstreeks in uw browser. 100% offline via WebAssembly. Gratis, onbeperkt en zeer veilig.
HelpMyIMG | Alle afbeeldingstools op één plek",0,true,270
26,https://helpmyimg.com/cs/,HelpMyIMG | Všechny nástroje pro obrázky na jednom místě,text/html; charset=utf-8,false,200,0,false,"og:description
og:title","Kombinujte, rozdělujte, komprimujte, převádějte a zpracovávajte fotografie přímo ve vašem prohlížeči.100% offline přes WebAssembly.Zdarma, neomezené a vysoce bezpečné.
HelpMyIMG | Všechny nástroje pro obrázky na jednom místě",0,true,270
26,https://helpmyimg.com/vi/,HelpMyIMG | Tất cả công cụ hình ảnh tại một nơi,text/html; charset=utf-8,false,200,0,false,"og:description
og:title","Kết hợp, tách, nén, chuyển đổi và xử lý ảnh trực tiếp trong trình duyệt của bạn. Ngoại tuyến 100% qua WebAssugging. Miễn phí, không giới hạn và có tính bảo mật cao.
HelpMyIMG | Tất cả công cụ hình ảnh tại một nơi",0,true,270
26,https://helpmyimg.com/uk/,HelpMyIMG | Усі інструменти для зображень в одному місці,text/html; charset=utf-8,false,200,0,false,"og:description
og:title","Комбінуйте, розділяйте, стискайте, конвертуйте та обробляйте фотографії безпосередньо у вашому браузері. 100% офлайн через WebAssembly. Безкоштовний, необмежений і дуже безпечний.
HelpMyIMG | Усі інструменти для зображень в одному місці",0,true,270
26,https://helpmyimg.com/ro/,HelpMyIMG | Toate instrumentele pentru imagini într-un singur loc,text/html; charset=utf-8,false,200,0,false,"og:description
og:title","Combinați, împărțiți, comprimați, convertiți și procesați fotografiile direct în browser. 100% offline prin WebAssembly. Gratuit, nelimitat și foarte sigur.
HelpMyIMG | Toate instrumentele pentru imagini într-un singur loc",0,true,270
26,https://helpmyimg.com/pl/,HelpMyIMG | Wszystkie narzędzia do zdjęć w jednym miejscu,text/html; charset=utf-8,false,200,0,false,"og:description
og:title","Łącz, dziel, kompresuj, konwertuj i przetwarzaj zdjęcia bezpośrednio w przeglądarce. 100% offline poprzez WebAssembly. Bezpłatny, nieograniczony i wysoce bezpieczny.
HelpMyIMG | Wszystkie narzędzia do zdjęć w jednym miejscu",0,true,270
26,https://helpmyimg.com/hi/,HelpMyIMG | सभी इमेज टूल्स एक जगह पर,text/html; charset=utf-8,false,200,0,false,"og:description
og:title","फ़ोटो को सीधे अपने ब्राउज़र में संयोजित करें, विभाजित करें, संपीड़ित करें, रूपांतरित करें और संसाधित करें। WebAssembly के माध्यम से 100% ऑफ़लाइन। मुफ़्त, असीमित और अत्यधिक सुरक्षित।
HelpMyIMG | सभी इमेज टूल्स एक जगह पर",0,true,270
21,https://helpmyimg.com/tr/boyutlandir/,Boyutlandır Resim to 4x6 Ücretsiz - HelpMyIMG,text/html; charset=utf-8,false,200,0,false,"og:description
og:title","Fotoğrafları doğrudan tarayıcınızda birleştirin, bölün, sıkıştırın, dönüştürün ve işleyin. WebAssembly aracılığıyla %100 çevrimdışı. Ücretsiz, sınırsız ve son derece güvenli.
Boyutlandır Resim to 4x6 Ücretsiz - HelpMyIMG",0,true,29
21,https://helpmyimg.com/en/convert-image/,Convert 30 Photos to WEBP Online Free (Batch Processing & ZIP) - HelpMyIMG,text/html; charset=utf-8,false,200,0,false,"og:description
og:title","Combine, split, compress, convert, and process photos directly in your browser. 100% offline via WebAssembly. Free, unlimited, and highly secure.
Convert 30 Photos to WEBP Online Free (Batch Processing & ZIP) - HelpMyIMG",0,true,58
21,https://helpmyimg.com/nl/afbeelding-bijsnijden/,Professionele fotostudio en bulktoolkit - HelpMyIMG,text/html; charset=utf-8,false,200,0,false,"og:description
og:title","Combineer, splits, comprimeer, converteer en verwerk foto's rechtstreeks in uw browser. 100% offline via WebAssembly. Gratis, onbeperkt en zeer veilig.
Professionele fotostudio en bulktoolkit - HelpMyIMG",0,true,29
21,https://helpmyimg.com/th/lai-nam/,©️ลายน้ำรูปภาพของฉัน - HelpMyIMG,text/html; charset=utf-8,false,200,0,false,"og:description
og:title","รวม แยก บีบอัด แปลง และประมวลผลรูปภาพได้โดยตรงในเบราว์เซอร์ของคุณ ออฟไลน์ 100% ผ่าน WebAssembly ฟรี ไม่จำกัด และมีความปลอดภัยสูง
©️ลายน้ำรูปภาพของฉัน - HelpMyIMG",0,true,29
21,https://helpmyimg.com/sv/konvertera-webp-till-jpg/,Konvertera WEBP till JPG Free - Image Converter - HelpMyIMG,text/html; charset=utf-8,false,200,0,false,"og:description
og:title","Kombinera, dela, komprimera, konvertera och bearbeta foton direkt i din webbläsare. 100 % offline via WebAssembly. Gratis, obegränsad och mycket säker.
Konvertera WEBP till JPG Free - Image Converter - HelpMyIMG",0,true,29
21,https://helpmyimg.com/tr/resim-donustur/,Dönüştür WEBP to JPG Ücretsiz - HelpMyIMG,text/html; charset=utf-8,false,200,0,false,"og:description
og:title","Fotoğrafları doğrudan tarayıcınızda birleştirin, bölün, sıkıştırın, dönüştürün ve işleyin. WebAssembly aracılığıyla %100 çevrimdışı. Ücretsiz, sınırsız ve son derece güvenli.
Dönüştür WEBP to JPG Ücretsiz - HelpMyIMG",0,true,29
21,https://helpmyimg.com/sv/andra-storlek/,Ändra storlek Bild to 4x6 Gratis - HelpMyIMG,text/html; charset=utf-8,false,200,0,false,"og:description
og:title","Kombinera, dela, komprimera, konvertera och bearbeta foton direkt i din webbläsare. 100 % offline via WebAssembly. Gratis, obegränsad och mycket säker.
Ändra storlek Bild to 4x6 Gratis - HelpMyIMG",0,true,29
21,https://helpmyimg.com/ms/plat-lesen-blur/,Kaburkan Plat Lesen Dalam Talian - Penapis Privasi Auto - HelpMyIMG,text/html; charset=utf-8,false,200,0,false,"og:description
og:title","Gabungkan, belah, mampatkan, tukar dan proses foto terus dalam penyemak imbas anda. 100% di luar talian melalui WebAssembly. Percuma, tidak terhad dan sangat selamat.
Kaburkan Plat Lesen Dalam Talian - Penapis Privasi Auto - HelpMyIMG",0,true,29
21,https://helpmyimg.com/ar/magic-brush/,فرشاة يدوية - HelpMyIMG,text/html; charset=utf-8,false,200,0,false,"og:description
og:title","قم بدمج الصور وتقسيمها وضغطها وتحويلها ومعالجتها مباشرة في متصفحك.غير متصل بالإنترنت بنسبة 100% عبر WebAssembly.مجاني وغير محدود وآمن للغاية.
فرشاة يدوية - HelpMyIMG",0,true,29
21,https://helpmyimg.com/hi/image-compress/,कंप्रेस छवि to 200KB मुफ़्त - HelpMyIMG,text/html; charset=utf-8,false,200,0,false,"og:description
og:title","फ़ोटो को सीधे अपने ब्राउज़र में संयोजित करें, विभाजित करें, संपीड़ित करें, रूपांतरित करें और संसाधित करें। WebAssembly के माध्यम से 100% ऑफ़लाइन। मुफ़्त, असीमित और अत्यधिक सुरक्षित।
कंप्रेस छवि to 200KB मुफ़्त - HelpMyIMG",0,true,29
21,https://helpmyimg.com/ar/alama-maiya/,©️ العلامة المائية صورتي - HelpMyIMG,text/html; charset=utf-8,false,200,0,false,"og:description
og:title","قم بدمج الصور وتقسيمها وضغطها وتحويلها ومعالجتها مباشرة في متصفحك.غير متصل بالإنترنت بنسبة 100% عبر WebAssembly.مجاني وغير محدود وآمن للغاية.
©️ العلامة المائية صورتي - HelpMyIMG",0,true,29
21,https://helpmyimg.com/es/redimensionar-imagen/,Redimensionar Imagen para Pasaporte (4x6) Gratis - HelpMyIMG,text/html; charset=utf-8,false,200,0,false,"og:description
og:title","Combine, divida, comprima, convierta y procese fotografías directamente en su navegador. 100% sin conexión a través de WebAssembly. Gratis, ilimitado y muy seguro.
Redimensionar Imagen para Pasaporte (4x6) Gratis - HelpMyIMG",0,true,29
21,https://helpmyimg.com/cs/zmena-pozadi/,Měnič barvy pozadí biometrických pasů online - HelpMyIMG,text/html; charset=utf-8,false,200,0,false,"og:description
og:title","Kombinujte, rozdělujte, komprimujte, převádějte a zpracovávajte fotografie přímo ve vašem prohlížeči.100% offline přes WebAssembly.Zdarma, neomezené a vysoce bezpečné.
Měnič barvy pozadí biometrických pasů online - HelpMyIMG",0,true,29
21,https://helpmyimg.com/cs/zmena-velikosti/,Změnit velikost Obrázek to 4x6 Zdarma - HelpMyIMG,text/html; charset=utf-8,false,200,0,false,"og:description
og:title","Kombinujte, rozdělujte, komprimujte, převádějte a zpracovávajte fotografie přímo ve vašem prohlížeči.100% offline přes WebAssembly.Zdarma, neomezené a vysoce bezpečné.
Změnit velikost Obrázek to 4x6 Zdarma - HelpMyIMG",0,true,29
21,https://helpmyimg.com/zh/xuanzhuan-tupian/,专业级一站式批量图像处理与摄影工作室 - HelpMyIMG,text/html; charset=utf-8,false,200,0,false,"og:description
og:title","直接在浏览器中组合、分割、压缩、转换和处理照片。通过 WebAssembly 100% 离线。免费、无限制且高度安全。
专业级一站式批量图像处理与摄影工作室 - HelpMyIMG",0,true,29
21,https://helpmyimg.com/hi/chehra-dhundhla-kare/,पेशेवर ऑल-इन-वन फ़ोटो स्टूडियो और बल्क एडिटर - HelpMyIMG,text/html; charset=utf-8,false,200,0,false,"og:description
og:title","फ़ोटो को सीधे अपने ब्राउज़र में संयोजित करें, विभाजित करें, संपीड़ित करें, रूपांतरित करें और संसाधित करें। WebAssembly के माध्यम से 100% ऑफ़लाइन। मुफ़्त, असीमित और अत्यधिक सुरक्षित।
पेशेवर ऑल-इन-वन फ़ोटो स्टूडियो और बल्क एडिटर - HelpMyIMG",0,true,29
21,https://helpmyimg.com/zh/zhuanhuan-tupian/,转换 WEBP to JPG 免费 - HelpMyIMG,text/html; charset=utf-8,false,200,0,false,"og:description
og:title","直接在浏览器中组合、分割、压缩、转换和处理照片。通过 WebAssembly 100% 离线。免费、无限制且高度安全。
转换 WEBP to JPG 免费 - HelpMyIMG",0,true,29
21,https://helpmyimg.com/da/tilpas-billede/,Tilpas Billede to 4x6 Gratis - HelpMyIMG,text/html; charset=utf-8,false,200,0,false,"og:description
og:title","Kombiner, opdel, komprimer, konverter og bearbejd billeder direkte i din browser. 100 % offline via WebAssembly. Gratis, ubegrænset og meget sikker.
Tilpas Billede to 4x6 Gratis - HelpMyIMG",0,true,29
21,https://helpmyimg.com/tr/resim-sikistir-50kb/,Görüntüyü 50KB'ye Sıkıştırın - Akıllı WebGPU Sıkıştırma - HelpMyIMG,text/html; charset=utf-8,false,200,0,false,"og:description
og:title","Fotoğrafları doğrudan tarayıcınızda birleştirin, bölün, sıkıştırın, dönüştürün ve işleyin. WebAssembly aracılığıyla %100 çevrimdışı. Ücretsiz, sınırsız ve son derece güvenli.
Görüntüyü 50KB'ye Sıkıştırın - Akıllı WebGPU Sıkıştırma - HelpMyIMG",0,true,29
21,https://helpmyimg.com/id/hapus-latar-belakang-dari-logo/,Hapus Latar Belakang dari Logo Gratis - Pembuat PNG Transparan - HelpMyIMG,text/html; charset=utf-8,false,200,0,false,"og:description
og:title","Gabungkan, pisahkan, kompres, konversi, dan proses foto langsung di browser Anda. 100% offline melalui WebAssembly. Gratis, tidak terbatas, dan sangat aman.
Hapus Latar Belakang dari Logo Gratis - Pembuat PNG Transparan - HelpMyIMG",0,true,29
21,https://helpmyimg.com/uk/remove-person-from-photo/,Видалити людину з фотографії - безкоштовний Photobomb Eraser - HelpMyIMG,text/html; charset=utf-8,false,200,0,false,"og:description
og:title","Комбінуйте, розділяйте, стискайте, конвертуйте та обробляйте фотографії безпосередньо у вашому браузері. 100% офлайн через WebAssembly. Безкоштовний, необмежений і дуже безпечний.
Видалити людину з фотографії - безкоштовний Photobomb Eraser - HelpMyIMG",0,true,29
21,https://helpmyimg.com/hu/mdostsa-a-fnykp-httert-fehrre/,A fénykép hátterének módosítása fehérre – Amazon és e-kereskedelem készen áll - HelpMyIMG,text/html; charset=utf-8,false,200,0,false,"og:description
og:title","Kombinálja, osztja fel, tömörítse, konvertálja és dolgozza fel a fényképeket közvetlenül a böngészőben. 100%-ban offline a WebAssembly segítségével. Ingyenes, korlátlan és rendkívül biztonságos.
A fénykép hátterének módosítása fehérre – Amazon és e-kereskedelem készen áll - HelpMyIMG",0,true,29
21,https://helpmyimg.com/de/hintergrund-vom-logo-entfernen/,Hintergrund vom Logo kostenlos entfernen – Transparent PNG Maker - HelpMyIMG,text/html; charset=utf-8,false,200,0,false,"og:description
og:title","Kombinieren, teilen, komprimieren, konvertieren und verarbeiten Sie Fotos direkt in Ihrem Browser. 100 % offline über WebAssembly. Kostenlos, unbegrenzt und äußerst sicher.
Hintergrund vom Logo kostenlos entfernen – Transparent PNG Maker - HelpMyIMG",0,true,29
21,https://helpmyimg.com/ro/comprimai-imaginea-la-200-kb/,Comprimați imaginea la 200KB - Reductor de înaltă calitate - HelpMyIMG,text/html; charset=utf-8,false,200,0,false,"og:description
og:title","Combinați, împărțiți, comprimați, convertiți și procesați fotografiile direct în browser. 100% offline prin WebAssembly. Gratuit, nelimitat și foarte sigur.
Comprimați imaginea la 200KB - Reductor de înaltă calitate - HelpMyIMG",0,true,29
21,https://helpmyimg.com/nl/gezicht-vervagen/,Professionele fotostudio en bulktoolkit - HelpMyIMG,text/html; charset=utf-8,false,200,0,false,"og:description
og:title","Combineer, splits, comprimeer, converteer en verwerk foto's rechtstreeks in uw browser. 100% offline via WebAssembly. Gratis, onbeperkt en zeer veilig.
Professionele fotostudio en bulktoolkit - HelpMyIMG",0,true,29
21,https://helpmyimg.com/da/avanceret-editor/,Professionelt fotostudie og bulk-værktøjssæt - HelpMyIMG,text/html; charset=utf-8,false,200,0,false,"og:description
og:title","Kombiner, opdel, komprimer, konverter og bearbejd billeder direkte i din browser. 100 % offline via WebAssembly. Gratis, ubegrænset og meget sikker.
Professionelt fotostudie og bulk-værktøjssæt - HelpMyIMG",0,true,29
21,https://helpmyimg.com/he/remove-background-from-logo/,הסר רקע מהלוגו חינם - יוצר PNG שקוף - HelpMyIMG,text/html; charset=utf-8,false,200,0,false,"og:description
og:title","שלב, פצל, דחס, המר ועבד תמונות ישירות בדפדפן שלך. 100% לא מקוון באמצעות WebAssembly. חינם, ללא הגבלה, ומאובטח מאוד.
הסר רקע מהלוגו חינם - יוצר PNG שקוף - HelpMyIMG",0,true,29
21,https://helpmyimg.com/hi/magic-brush/,मैनुअल ब्रश - HelpMyIMG,text/html; charset=utf-8,false,200,0,false,"og:description
og:title","फ़ोटो को सीधे अपने ब्राउज़र में संयोजित करें, विभाजित करें, संपीड़ित करें, रूपांतरित करें और संसाधित करें। WebAssembly के माध्यम से 100% ऑफ़लाइन। मुफ़्त, असीमित और अत्यधिक सुरक्षित।
मैनुअल ब्रश - HelpMyIMG",0,true,29
21,https://helpmyimg.com/el/programma-epexergasias/,Επαγγελματικό Photo Studio & Bulk Toolkit - HelpMyIMG,text/html; charset=utf-8,false,200,0,false,"og:description
og:title","Συνδυάστε, διαχωρίστε, συμπιέστε, μετατρέψτε και επεξεργαστείτε φωτογραφίες απευθείας στο πρόγραμμα περιήγησής σας. 100% εκτός σύνδεσης μέσω WebAssembly. Δωρεάν, απεριόριστη και εξαιρετικά ασφαλής.
Επαγγελματικό Photo Studio & Bulk Toolkit - HelpMyIMG",0,true,29
21,https://helpmyimg.com/da/komprimer-til-100kb/,Komprimer billedet til 100KB online gratis - hurtigt og privat - HelpMyIMG,text/html; charset=utf-8,false,200,0,false,"og:description
og:title","Kombiner, opdel, komprimer, konverter og bearbejd billeder direkte i din browser. 100 % offline via WebAssembly. Gratis, ubegrænset og meget sikker.
Komprimer billedet til 100KB online gratis - hurtigt og privat - HelpMyIMG",0,true,29
21,https://helpmyimg.com/da/beskaer-billede/,Professionelt fotostudie og bulk-værktøjssæt - HelpMyIMG,text/html; charset=utf-8,false,200,0,false,"og:description
og:title","Kombiner, opdel, komprimer, konverter og bearbejd billeder direkte i din browser. 100 % offline via WebAssembly. Gratis, ubegrænset og meget sikker.
Professionelt fotostudie og bulk-værktøjssæt - HelpMyIMG",0,true,29
21,https://helpmyimg.com/sv/ndra-storlek-p-foto-till-passstorlek/,Ändra storlek på foto till passstorlek - Visa & ID Maker - HelpMyIMG,text/html; charset=utf-8,false,200,0,false,"og:description
og:title","Kombinera, dela, komprimera, konvertera och bearbeta foton direkt i din webbläsare. 100 % offline via WebAssembly. Gratis, obegränsad och mycket säker.
Ändra storlek på foto till passstorlek - Visa & ID Maker - HelpMyIMG",0,true,29
21,https://helpmyimg.com/ko/baegyeong-byeongyeong/,생체 인식 여권 사진 배경 색상 체인저 온라인 - HelpMyIMG,text/html; charset=utf-8,false,200,0,false,"og:description
og:title","브라우저에서 직접 사진을 결합, 분할, 압축, 변환 및 처리합니다. WebAssembly를 통해 100% 오프라인. 무료이며 무제한이며 매우 안전합니다.
생체 인식 여권 사진 배경 색상 체인저 온라인 - HelpMyIMG",0,true,29
21,https://helpmyimg.com/sv/fargvaljare/,Professionell fotostudio & Bulk Toolkit - HelpMyIMG,text/html; charset=utf-8,false,200,0,false,"og:description
og:title","Kombinera, dela, komprimera, konvertera och bearbeta foton direkt i din webbläsare. 100 % offline via WebAssembly. Gratis, obegränsad och mycket säker.
Professionell fotostudio & Bulk Toolkit - HelpMyIMG",0,true,29
21,https://helpmyimg.com/no/komprimer-til-50kb/,Komprimer bilde til 50KB - Smart WebGPU-komprimering - HelpMyIMG,text/html; charset=utf-8,false,200,0,false,"og:description
og:title","Kombiner, del, komprimer, konverter og bearbeid bilder direkte i nettleseren din. 100 % offline via WebAssembly. Gratis, ubegrenset og svært sikker.
Komprimer bilde til 50KB - Smart WebGPU-komprimering - HelpMyIMG",0,true,29
21,https://helpmyimg.com/fr/compresser-image-50ko/,Compresser l'image à 50 Ko - Compression intelligente WebGPU - HelpMyIMG,text/html; charset=utf-8,false,200,0,false,"og:description
og:title","Combinez, divisez, compressez, convertissez et traitez des photos directement dans votre navigateur. 100% hors ligne via WebAssembly. Gratuit, illimité et hautement sécurisé.
Compresser l'image à 50 Ko - Compression intelligente WebGPU - HelpMyIMG",0,true,29
21,https://helpmyimg.com/ja/haikei-sakuzyo/,✂️ 背景自動切り抜き - HelpMyIMG,text/html; charset=utf-8,false,200,0,false,"og:description
og:title","ブラウザ内で写真を直接結合、分割、圧縮、変換、処理できます。 WebAssembly 経由で 100% オフライン。無料、無制限、そして非常に安全です。
✂️ 背景自動切り抜き - HelpMyIMG",0,true,29
21,https://helpmyimg.com/sv/oskarpt-ansikte/,Professionell fotostudio & Bulk Toolkit - HelpMyIMG,text/html; charset=utf-8,false,200,0,false,"og:description
og:title","Kombinera, dela, komprimera, konvertera och bearbeta foton direkt i din webbläsare. 100 % offline via WebAssembly. Gratis, obegränsad och mycket säker.
Professionell fotostudio & Bulk Toolkit - HelpMyIMG",0,true,29
21,https://helpmyimg.com/es/rotar-imagen/,Estudio Fotográfico Profesional Todo en Uno - HelpMyIMG,text/html; charset=utf-8,false,200,0,false,"og:description
og:title","Combine, divida, comprima, convierta y procese fotografías directamente en su navegador. 100% sin conexión a través de WebAssembly. Gratis, ilimitado y muy seguro.
Estudio Fotográfico Profesional Todo en Uno - HelpMyIMG",0,true,29
21,https://helpmyimg.com/pt/mudar-fundo/,Trocador de cor de fundo de foto de passaporte biométrico on-line - HelpMyIMG,text/html; charset=utf-8,false,200,0,false,"og:description
og:title","Combine, divida, compacte, converta e processe fotos diretamente no seu navegador. 100% off-line via WebAssembly. Gratuito, ilimitado e altamente seguro.
Trocador de cor de fundo de foto de passaporte biométrico on-line - HelpMyIMG",0,true,29
21,https://helpmyimg.com/hi/remove-person-from-photo/,फोटो से व्यक्ति को हटाएं - निःशुल्क फोटोबॉम्ब इरेज़र - HelpMyIMG,text/html; charset=utf-8,false,200,0,false,"og:description
og:title","फ़ोटो को सीधे अपने ब्राउज़र में संयोजित करें, विभाजित करें, संपीड़ित करें, रूपांतरित करें और संसाधित करें। WebAssembly के माध्यम से 100% ऑफ़लाइन। मुफ़्त, असीमित और अत्यधिक सुरक्षित।
फोटो से व्यक्ति को हटाएं - निःशुल्क फोटोबॉम्ब इरेज़र - HelpMyIMG",0,true,29
21,https://helpmyimg.com/fi/magic-brush/,Manuaalinen Sivellin - HelpMyIMG,text/html; charset=utf-8,false,200,0,false,"og:description
og:title","Yhdistä, jaa, pakkaa, muunna ja käsittele valokuvia suoraan selaimessasi. 100 % offline-tilassa WebAssemblyn kautta. Ilmainen, rajoittamaton ja erittäin turvallinen.
Manuaalinen Sivellin - HelpMyIMG",0,true,29
21,https://helpmyimg.com/id/sensor-wajah/,Studio Foto & Pengeditan Massal Profesional - HelpMyIMG,text/html; charset=utf-8,false,200,0,false,"og:description
og:title","Gabungkan, pisahkan, kompres, konversi, dan proses foto langsung di browser Anda. 100% offline melalui WebAssembly. Gratis, tidak terbatas, dan sangat aman.
Studio Foto & Pengeditan Massal Profesional - HelpMyIMG",0,true,29
21,https://helpmyimg.com/pl/przycinanie-obrazu/,Profesjonalne studio fotograficzne i zestaw narzędzi zbiorczych - HelpMyIMG,text/html; charset=utf-8,false,200,0,false,"og:description
og:title","Łącz, dziel, kompresuj, konwertuj i przetwarzaj zdjęcia bezpośrednio w przeglądarce. 100% offline poprzez WebAssembly. Bezpłatny, nieograniczony i wysoce bezpieczny.
Profesjonalne studio fotograficzne i zestaw narzędzi zbiorczych - HelpMyIMG",0,true,29
21,https://helpmyimg.com/hi/instagram-image-resize/,इंस्टाग्राम ऑनलाइन के लिए छवि का आकार बदलें - काटने की कोई आवश्यकता नहीं है - HelpMyIMG,text/html; charset=utf-8,false,200,0,false,"og:description
og:title","फ़ोटो को सीधे अपने ब्राउज़र में संयोजित करें, विभाजित करें, संपीड़ित करें, रूपांतरित करें और संसाधित करें। WebAssembly के माध्यम से 100% ऑफ़लाइन। मुफ़्त, असीमित और अत्यधिक सुरक्षित।
इंस्टाग्राम ऑनलाइन के लिए छवि का आकार बदलें - काटने की कोई आवश्यकता नहीं है - HelpMyIMG",0,true,29
21,https://helpmyimg.com/no/vannmerke/,©️ Vannmerke mitt bilde - HelpMyIMG,text/html; charset=utf-8,false,200,0,false,"og:description
og:title","Kombiner, del, komprimer, konverter og bearbeid bilder direkte i nettleseren din. 100 % offline via WebAssembly. Gratis, ubegrenset og svært sikker.
©️ Vannmerke mitt bilde - HelpMyIMG",0,true,29
21,https://helpmyimg.com/de/ndern-sie-die-gre-des-fotos-auf-passgre/,Ändern Sie die Größe des Fotos auf die Passgröße – Visa & ID Maker - HelpMyIMG,text/html; charset=utf-8,false,200,0,false,"og:description
og:title","Kombinieren, teilen, komprimieren, konvertieren und verarbeiten Sie Fotos direkt in Ihrem Browser. 100 % offline über WebAssembly. Kostenlos, unbegrenzt und äußerst sicher.
Ändern Sie die Größe des Fotos auf die Passgröße – Visa & ID Maker - HelpMyIMG",0,true,29
21,https://helpmyimg.com/it/targa-sfocata/,Sfocatura targa online - Censore automatico della privacy - HelpMyIMG,text/html; charset=utf-8,false,200,0,false,"og:description
og:title","Combina, dividi, comprimi, converti ed elabora le foto direttamente nel tuo browser. 100% offline tramite WebAssembly. Gratuito, illimitato e altamente sicuro.
Sfocatura targa online - Censore automatico della privacy - HelpMyIMG",0,true,29
21,https://helpmyimg.com/ru/izmenit-razmer-dlya-instagram/,Изменение размера изображения для Instagram онлайн – обрезка не требуется - HelpMyIMG,text/html; charset=utf-8,false,200,0,false,"og:description
og:title","Объединяйте, разделяйте, сжимайте, конвертируйте и обрабатывайте фотографии прямо в браузере. 100% автономный режим через WebAssembly. Бесплатно, безлимитно и очень безопасно.
Изменение размера изображения для Instagram онлайн – обрезка не требуется - HelpMyIMG",0,true,29
21,https://helpmyimg.com/th/change-photo-background-to-white/,เปลี่ยนพื้นหลังรูปภาพเป็นสีขาว - พร้อมสำหรับ Amazon และ E-commerce - HelpMyIMG,text/html; charset=utf-8,false,200,0,false,"og:description
og:title","รวม แยก บีบอัด แปลง และประมวลผลรูปภาพได้โดยตรงในเบราว์เซอร์ของคุณ ออฟไลน์ 100% ผ่าน WebAssembly ฟรี ไม่จำกัด และมีความปลอดภัยสูง
เปลี่ยนพื้นหลังรูปภาพเป็นสีขาว - พร้อมสำหรับ Amazon และ E-commerce - HelpMyIMG",0,true,29
21,https://helpmyimg.com/id/kompres-gambar-menjadi-200kb/,Kompres Gambar hingga 200KB - Peredam Kualitas Tinggi - HelpMyIMG,text/html; charset=utf-8,false,200,0,false,"og:description
og:title","Gabungkan, pisahkan, kompres, konversi, dan proses foto langsung di browser Anda. 100% offline melalui WebAssembly. Gratis, tidak terbatas, dan sangat aman.
Kompres Gambar hingga 200KB - Peredam Kualitas Tinggi - HelpMyIMG",0,true,29
21,https://helpmyimg.com/pl/zmie-to-zdjcia-na-biae/,Zmień tło zdjęcia na białe — gotowe do korzystania z Amazon i handlu elektronicznego - HelpMyIMG,text/html; charset=utf-8,false,200,0,false,"og:description
og:title","Łącz, dziel, kompresuj, konwertuj i przetwarzaj zdjęcia bezpośrednio w przeglądarce. 100% offline poprzez WebAssembly. Bezpłatny, nieograniczony i wysoce bezpieczny.
Zmień tło zdjęcia na białe — gotowe do korzystania z Amazon i handlu elektronicznego - HelpMyIMG",0,true,29
21,https://helpmyimg.com/en/colorwhite/,Change Photo Background to White - Amazon & E-commerce Ready - HelpMyIMG,text/html; charset=utf-8,false,200,0,false,"og:description
og:title","Combine, split, compress, convert, and process photos directly in your browser. 100% offline via WebAssembly. Free, unlimited, and highly secure.
Change Photo Background to White - Amazon & E-commerce Ready - HelpMyIMG",0,true,58
21,https://helpmyimg.com/tr/plaka-bulankl/,Plakayı Çevrimiçi Bulanıklaştır - Otomatik Gizlilik Sansürü - HelpMyIMG,text/html; charset=utf-8,false,200,0,false,"og:description
og:title","Fotoğrafları doğrudan tarayıcınızda birleştirin, bölün, sıkıştırın, dönüştürün ve işleyin. WebAssembly aracılığıyla %100 çevrimdışı. Ücretsiz, sınırsız ve son derece güvenli.
Plakayı Çevrimiçi Bulanıklaştır - Otomatik Gizlilik Sansürü - HelpMyIMG",0,true,29
21,https://helpmyimg.com/ro/converti-webp-n-jpg/,Convertiți gratuit WEBP în JPG - Image Converter - HelpMyIMG,text/html; charset=utf-8,false,200,0,false,"og:description
og:title","Combinați, împărțiți, comprimați, convertiți și procesați fotografiile direct în browser. 100% offline prin WebAssembly. Gratuit, nelimitat și foarte sigur.
Convertiți gratuit WEBP în JPG - Image Converter - HelpMyIMG",0,true,29
21,https://helpmyimg.com/vi/hnh-nh-hnh-m-hng-lot/,Hình ảnh hình mờ hàng loạt - Trình thêm logo hàng loạt - HelpMyIMG,text/html; charset=utf-8,false,200,0,false,"og:description
og:title","Kết hợp, tách, nén, chuyển đổi và xử lý ảnh trực tiếp trong trình duyệt của bạn. Ngoại tuyến 100% qua WebAssugging. Miễn phí, không giới hạn và có tính bảo mật cao.
Hình ảnh hình mờ hàng loạt - Trình thêm logo hàng loạt - HelpMyIMG",0,true,29
21,https://helpmyimg.com/sv/andra-storlek-for-instagram/,Ändra storlek på bild för Instagram online - ingen beskärning krävs - HelpMyIMG,text/html; charset=utf-8,false,200,0,false,"og:description
og:title","Kombinera, dela, komprimera, konvertera och bearbeta foton direkt i din webbläsare. 100 % offline via WebAssembly. Gratis, obegränsad och mycket säker.
Ändra storlek på bild för Instagram online - ingen beskärning krävs - HelpMyIMG",0,true,29
21,https://helpmyimg.com/ar/tahwil-sura/,تحويل WEBP to JPG مجاني - HelpMyIMG,text/html; charset=utf-8,false,200,0,false,"og:description
og:title","قم بدمج الصور وتقسيمها وضغطها وتحويلها ومعالجتها مباشرة في متصفحك.غير متصل بالإنترنت بنسبة 100% عبر WebAssembly.مجاني وغير محدود وآمن للغاية.
تحويل WEBP to JPG مجاني - HelpMyIMG",0,true,29
21,https://helpmyimg.com/sv/andra-bakgrund/,Biometriskt passfoto bakgrundsfärgväxlare online - HelpMyIMG,text/html; charset=utf-8,false,200,0,false,"og:description
og:title","Kombinera, dela, komprimera, konvertera och bearbeta foton direkt i din webbläsare. 100 % offline via WebAssembly. Gratis, obegränsad och mycket säker.
Biometriskt passfoto bakgrundsfärgväxlare online - HelpMyIMG",0,true,29
21,https://helpmyimg.com/th/lop-phun-lang/,✂️ ลบพื้นหลัง AI - HelpMyIMG,text/html; charset=utf-8,false,200,0,false,"og:description
og:title","รวม แยก บีบอัด แปลง และประมวลผลรูปภาพได้โดยตรงในเบราว์เซอร์ของคุณ ออฟไลน์ 100% ผ่าน WebAssembly ฟรี ไม่จำกัด และมีความปลอดภัยสูง
✂️ ลบพื้นหลัง AI - HelpMyIMG",0,true,29
21,https://helpmyimg.com/fr/redimensionner-pour-instagram/,Redimensionner l'image pour Instagram en ligne - Aucun recadrage requis - HelpMyIMG,text/html; charset=utf-8,false,200,0,false,"og:description
og:title","Combinez, divisez, compressez, convertissez et traitez des photos directement dans votre navigateur. 100% hors ligne via WebAssembly. Gratuit, illimité et hautement sécurisé.
Redimensionner l'image pour Instagram en ligne - Aucun recadrage requis - HelpMyIMG",0,true,29
21,https://helpmyimg.com/th/plaeng-rup-phap/,แปลง WEBP to JPG ฟรี - HelpMyIMG,text/html; charset=utf-8,false,200,0,false,"og:description
og:title","รวม แยก บีบอัด แปลง และประมวลผลรูปภาพได้โดยตรงในเบราว์เซอร์ของคุณ ออฟไลน์ 100% ผ่าน WebAssembly ฟรี ไม่จำกัด และมีความปลอดภัยสูง
แปลง WEBP to JPG ฟรี - HelpMyIMG",0,true,29
21,https://helpmyimg.com/en/blur-license-plate/,Blur License Plate Online - Auto Privacy Censor - HelpMyIMG,text/html; charset=utf-8,false,200,0,false,"og:description
og:title","Combine, split, compress, convert, and process photos directly in your browser. 100% offline via WebAssembly. Free, unlimited, and highly secure.
Blur License Plate Online - Auto Privacy Censor - HelpMyIMG",0,true,58
21,https://helpmyimg.com/da/magic-brush/,Manuel Pensel - HelpMyIMG,text/html; charset=utf-8,false,200,0,false,"og:description
og:title","Kombiner, opdel, komprimer, konverter og bearbejd billeder direkte i din browser. 100 % offline via WebAssembly. Gratis, ubegrænset og meget sikker.
Manuel Pensel - HelpMyIMG",0,true,29
21,https://helpmyimg.com/zh/removelogo/,从徽标中删除背景 免费 - 透明 PNG 制作工具 - HelpMyIMG,text/html; charset=utf-8,false,200,0,false,"og:description
og:title","直接在浏览器中组合、分割、压缩、转换和处理照片。通过 WebAssembly 100% 离线。免费、无限制且高度安全。
从徽标中删除背景 免费 - 透明 PNG 制作工具 - HelpMyIMG",0,true,29
21,https://helpmyimg.com/tr/magic-brush/,Manuel Fırça - HelpMyIMG,text/html; charset=utf-8,false,200,0,false,"og:description
og:title","Fotoğrafları doğrudan tarayıcınızda birleştirin, bölün, sıkıştırın, dönüştürün ve işleyin. WebAssembly aracılığıyla %100 çevrimdışı. Ücretsiz, sınırsız ve son derece güvenli.
Manuel Fırça - HelpMyIMG",0,true,29
21,https://helpmyimg.com/it/convertire-webp-in-jpg/,Converti WEBP in JPG gratuitamente - Convertitore di immagini - HelpMyIMG,text/html; charset=utf-8,false,200,0,false,"og:description
og:title","Combina, dividi, comprimi, converti ed elabora le foto direttamente nel tuo browser. 100% offline tramite WebAssembly. Gratuito, illimitato e altamente sicuro.
Converti WEBP in JPG gratuitamente - Convertitore di immagini - HelpMyIMG",0,true,29
21,https://helpmyimg.com/ru/rasshirennyy-redaktor/,Профессиональная фотостудия «Все в одном» - HelpMyIMG,text/html; charset=utf-8,false,200,0,false,"og:description
og:title","Объединяйте, разделяйте, сжимайте, конвертируйте и обрабатывайте фотографии прямо в браузере. 100% автономный режим через WebAssembly. Бесплатно, безлимитно и очень безопасно.
Профессиональная фотостудия «Все в одном» - HelpMyIMG",0,true,29
21,https://helpmyimg.com/cs/pevst-webp-do-jpg/,Převést WEBP na JPG zdarma - Image Converter - HelpMyIMG,text/html; charset=utf-8,false,200,0,false,"og:description
og:title","Kombinujte, rozdělujte, komprimujte, převádějte a zpracovávajte fotografie přímo ve vašem prohlížeči.100% offline přes WebAssembly.Zdarma, neomezené a vysoce bezpečné.
Převést WEBP na JPG zdarma - Image Converter - HelpMyIMG",0,true,29
21,https://helpmyimg.com/tl/watermarkbulk/,Magdagdag ng watermark - HelpMyIMG,text/html; charset=utf-8,false,200,0,false,"og:description
og:title","Pagsamahin, hatiin, i-compress, i-convert, at iproseso ang mga larawan nang direkta sa iyong browser. 100% offline sa pamamagitan ng WebAssembly. Libre, walang limitasyon, at lubos na secure.
Magdagdag ng watermark - HelpMyIMG",0,true,29
21,https://helpmyimg.com/ko/imiji-byeonhwan/,변환 WEBP to JPG 무료 - HelpMyIMG,text/html; charset=utf-8,false,200,0,false,"og:description
og:title","브라우저에서 직접 사진을 결합, 분할, 압축, 변환 및 처리합니다. WebAssembly를 통해 100% 오프라인. 무료이며 무제한이며 매우 안전합니다.
변환 WEBP to JPG 무료 - HelpMyIMG",0,true,29
21,https://helpmyimg.com/tr/resim-dondur/,Profesyonel Fotoğraf Stüdyosu ve Toplu Araç Seti - HelpMyIMG,text/html; charset=utf-8,false,200,0,false,"og:description
og:title","Fotoğrafları doğrudan tarayıcınızda birleştirin, bölün, sıkıştırın, dönüştürün ve işleyin. WebAssembly aracılığıyla %100 çevrimdışı. Ücretsiz, sınırsız ve son derece güvenli.
Profesyonel Fotoğraf Stüdyosu ve Toplu Araç Seti - HelpMyIMG",0,true,29
21,https://helpmyimg.com/fi/pakkaa-50kb/,Pakkaa kuva 50 kilotavuun - Smart WebGPU -pakkaus - HelpMyIMG,text/html; charset=utf-8,false,200,0,false,"og:description
og:title","Yhdistä, jaa, pakkaa, muunna ja käsittele valokuvia suoraan selaimessasi. 100 % offline-tilassa WebAssemblyn kautta. Ilmainen, rajoittamaton ja erittäin turvallinen.
Pakkaa kuva 50 kilotavuun - Smart WebGPU -pakkaus - HelpMyIMG",0,true,29
21,https://helpmyimg.com/cs/rozmazn-spz/,Rozmazání SPZ online – cenzor ochrany osobních údajů - HelpMyIMG,text/html; charset=utf-8,false,200,0,false,"og:description
og:title","Kombinujte, rozdělujte, komprimujte, převádějte a zpracovávajte fotografie přímo ve vašem prohlížeči.100% offline přes WebAssembly.Zdarma, neomezené a vysoce bezpečné.
Rozmazání SPZ online – cenzor ochrany osobních údajů - HelpMyIMG",0,true,29
21,https://helpmyimg.com/pt/mudar-o-fundo-da-foto-para-branco/,Alterar o fundo da foto para branco - pronto para Amazon e comércio eletrônico - HelpMyIMG,text/html; charset=utf-8,false,200,0,false,"og:description
og:title","Combine, divida, compacte, converta e processe fotos diretamente no seu navegador. 100% off-line via WebAssembly. Gratuito, ilimitado e altamente seguro.
Alterar o fundo da foto para branco - pronto para Amazon e comércio eletrônico - HelpMyIMG",0,true,29
21,https://helpmyimg.com/uk/povernuty-zobrazhennya/,Професійна фотостудія та набір інструментів - HelpMyIMG,text/html; charset=utf-8,false,200,0,false,"og:description
og:title","Комбінуйте, розділяйте, стискайте, конвертуйте та обробляйте фотографії безпосередньо у вашому браузері. 100% офлайн через WebAssembly. Безкоштовний, необмежений і дуже безпечний.
Професійна фотостудія та набір інструментів - HelpMyIMG",0,true,29
21,https://helpmyimg.com/sv/vattenstampel/,©️ Vattenmärke min bild - HelpMyIMG,text/html; charset=utf-8,false,200,0,false,"og:description
og:title","Kombinera, dela, komprimera, konvertera och bearbeta foton direkt i din webbläsare. 100 % offline via WebAssembly. Gratis, obegränsad och mycket säker.
©️ Vattenmärke min bild - HelpMyIMG",0,true,29
21,https://helpmyimg.com/pl/zaawansowany-edytor/,Profesjonalne studio fotograficzne i zestaw narzędzi zbiorczych - HelpMyIMG,text/html; charset=utf-8,false,200,0,false,"og:description
og:title","Łącz, dziel, kompresuj, konwertuj i przetwarzaj zdjęcia bezpośrednio w przeglądarce. 100% offline poprzez WebAssembly. Bezpłatny, nieograniczony i wysoce bezpieczny.
Profesjonalne studio fotograficzne i zestaw narzędzi zbiorczych - HelpMyIMG",0,true,29
21,https://helpmyimg.com/hi/rang-chunen/,पेशेवर ऑल-इन-वन फ़ोटो स्टूडियो और बल्क एडिटर - HelpMyIMG,text/html; charset=utf-8,false,200,0,false,"og:description
og:title","फ़ोटो को सीधे अपने ब्राउज़र में संयोजित करें, विभाजित करें, संपीड़ित करें, रूपांतरित करें और संसाधित करें। WebAssembly के माध्यम से 100% ऑफ़लाइन। मुफ़्त, असीमित और अत्यधिक सुरक्षित।
पेशेवर ऑल-इन-वन फ़ोटो स्टूडियो और बल्क एडिटर - HelpMyIMG",0,true,29
21,https://helpmyimg.com/tl/tagapili-kulay/,Propesyonal na Photo Studio at Bulk Toolkit - HelpMyIMG,text/html; charset=utf-8,false,200,0,false,"og:description
og:title","Pagsamahin, hatiin, i-compress, i-convert, at iproseso ang mga larawan nang direkta sa iyong browser. 100% offline sa pamamagitan ng WebAssembly. Libre, walang limitasyon, at lubos na secure.
Propesyonal na Photo Studio at Bulk Toolkit - HelpMyIMG",0,true,29
21,https://helpmyimg.com/it/ridimensiona-per-instagram/,Ridimensiona l'immagine per Instagram online: non è necessario ritagliare - HelpMyIMG,text/html; charset=utf-8,false,200,0,false,"og:description
og:title","Combina, dividi, comprimi, converti ed elabora le foto direttamente nel tuo browser. 100% offline tramite WebAssembly. Gratuito, illimitato e altamente sicuro.
Ridimensiona l'immagine per Instagram online: non è necessario ritagliare - HelpMyIMG",0,true,29
21,https://helpmyimg.com/th/tat-rup-phap/,สตูดิโอถ่ายภาพระดับมืออาชีพและชุดเครื่องมือจำนวนมาก - HelpMyIMG,text/html; charset=utf-8,false,200,0,false,"og:description
og:title","รวม แยก บีบอัด แปลง และประมวลผลรูปภาพได้โดยตรงในเบราว์เซอร์ของคุณ ออฟไลน์ 100% ผ่าน WebAssembly ฟรี ไม่จำกัด และมีความปลอดภัยสูง
สตูดิโอถ่ายภาพระดับมืออาชีพและชุดเครื่องมือจำนวนมาก - HelpMyIMG",0,true,29
21,https://helpmyimg.com/ru/batch-watermark-photos/,Пакетная обработка фотографий водяных знаков — Массовое добавление логотипов - HelpMyIMG,text/html; charset=utf-8,false,200,0,false,"og:description
og:title","Объединяйте, разделяйте, сжимайте, конвертируйте и обрабатывайте фотографии прямо в браузере. 100% автономный режим через WebAssembly. Бесплатно, безлимитно и очень безопасно.
Пакетная обработка фотографий водяных знаков — Массовое добавление логотипов - HelpMyIMG",0,true,29
21,https://helpmyimg.com/fi/varipaletti/,Ammattimainen valokuvastudio ja joukkotyökalupakki - HelpMyIMG,text/html; charset=utf-8,false,200,0,false,"og:description
og:title","Yhdistä, jaa, pakkaa, muunna ja käsittele valokuvia suoraan selaimessasi. 100 % offline-tilassa WebAssemblyn kautta. Ilmainen, rajoittamaton ja erittäin turvallinen.
Ammattimainen valokuvastudio ja joukkotyökalupakki - HelpMyIMG",0,true,29
21,https://helpmyimg.com/th/plian-kha-nad-ig/,ปรับขนาดรูปภาพสำหรับ Instagram ออนไลน์ - ไม่จำเป็นต้องครอบตัด - HelpMyIMG,text/html; charset=utf-8,false,200,0,false,"og:description
og:title","รวม แยก บีบอัด แปลง และประมวลผลรูปภาพได้โดยตรงในเบราว์เซอร์ของคุณ ออฟไลน์ 100% ผ่าน WebAssembly ฟรี ไม่จำกัด และมีความปลอดภัยสูง
ปรับขนาดรูปภาพสำหรับ Instagram ออนไลน์ - ไม่จำเป็นต้องครอบตัด - HelpMyIMG",0,true,29
21,https://helpmyimg.com/ru/resize-photo-to-passport-size/,Изменение размера фотографии до размера паспорта - Visa & ID Maker - HelpMyIMG,text/html; charset=utf-8,false,200,0,false,"og:description
og:title","Объединяйте, разделяйте, сжимайте, конвертируйте и обрабатывайте фотографии прямо в браузере. 100% автономный режим через WebAssembly. Бесплатно, безлимитно и очень безопасно.
Изменение размера фотографии до размера паспорта - Visa & ID Maker - HelpMyIMG",0,true,29
21,https://helpmyimg.com/ro/magic-brush/,Pensulă Manuală - HelpMyIMG,text/html; charset=utf-8,false,200,0,false,"og:description
og:title","Combinați, împărțiți, comprimați, convertiți și procesați fotografiile direct în browser. 100% offline prin WebAssembly. Gratuit, nelimitat și foarte sigur.
Pensulă Manuală - HelpMyIMG",0,true,29
21,https://helpmyimg.com/it/comprimere-limmagine-a-200kb/,Comprimi immagine a 200 KB: riduttore di alta qualità - HelpMyIMG,text/html; charset=utf-8,false,200,0,false,"og:description
og:title","Combina, dividi, comprimi, converti ed elabora le foto direttamente nel tuo browser. 100% offline tramite WebAssembly. Gratuito, illimitato e altamente sicuro.
Comprimi immagine a 200 KB: riduttore di alta qualità - HelpMyIMG",0,true,29
21,https://helpmyimg.com/nl/achtergrond-wijzigen/,Biometrische paspoortfoto achtergrondkleurwisselaar online - HelpMyIMG,text/html; charset=utf-8,false,200,0,false,"og:description
og:title","Combineer, splits, comprimeer, converteer en verwerk foto's rechtstreeks in uw browser. 100% offline via WebAssembly. Gratis, onbeperkt en zeer veilig.
Biometrische paspoortfoto achtergrondkleurwisselaar online - HelpMyIMG",0,true,29
21,https://helpmyimg.com/vi/thay-i-kch-thc-nh-thnh-kch-thc-h-chiu/,Thay đổi kích thước ảnh thành kích thước hộ chiếu - Visa & ID Maker - HelpMyIMG,text/html; charset=utf-8,false,200,0,false,"og:description
og:title","Kết hợp, tách, nén, chuyển đổi và xử lý ảnh trực tiếp trong trình duyệt của bạn. Ngoại tuyến 100% qua WebAssugging. Miễn phí, không giới hạn và có tính bảo mật cao.
Thay đổi kích thước ảnh thành kích thước hộ chiếu - Visa & ID Maker - HelpMyIMG",0,true,29
21,https://helpmyimg.com/ro/redimensionare-instagram/,Redimensionați imaginea pentru Instagram online - nu este necesară decuparea - HelpMyIMG,text/html; charset=utf-8,false,200,0,false,"og:description
og:title","Combinați, împărțiți, comprimați, convertiți și procesați fotografiile direct în browser. 100% offline prin WebAssembly. Gratuit, nelimitat și foarte sigur.
Redimensionați imaginea pentru Instagram online - nu este necesară decuparea - HelpMyIMG",0,true,29
21,https://helpmyimg.com/th/plian-kha-nad-rup/,เปลี่ยนขนาด รูปภาพ to 4x6 ฟรี - HelpMyIMG,text/html; charset=utf-8,false,200,0,false,"og:description
og:title","รวม แยก บีบอัด แปลง และประมวลผลรูปภาพได้โดยตรงในเบราว์เซอร์ของคุณ ออฟไลน์ 100% ผ่าน WebAssembly ฟรี ไม่จำกัด และมีความปลอดภัยสูง
เปลี่ยนขนาด รูปภาพ to 4x6 ฟรี - HelpMyIMG",0,true,29
21,https://helpmyimg.com/pl/kompresja-obrazu/,Kompresuj Obraz to 200KB Za darmo - HelpMyIMG,text/html; charset=utf-8,false,200,0,false,"og:description
og:title","Łącz, dziel, kompresuj, konwertuj i przetwarzaj zdjęcia bezpośrednio w przeglądarce. 100% offline poprzez WebAssembly. Bezpłatny, nieograniczony i wysoce bezpieczny.
Kompresuj Obraz to 200KB Za darmo - HelpMyIMG",0,true,29
21,https://helpmyimg.com/da/fjern-person-fra-billede/,Fjern person fra billede - Gratis Photobomb Eraser - HelpMyIMG,text/html; charset=utf-8,false,200,0,false,"og:description
og:title","Kombiner, opdel, komprimer, konverter og bearbejd billeder direkte i din browser. 100 % offline via WebAssembly. Gratis, ubegrænset og meget sikker.
Fjern person fra billede - Gratis Photobomb Eraser - HelpMyIMG",0,true,29
21,https://helpmyimg.com/th/webp-jpg/,แปลง WEBP เป็น JPG ฟรี - โปรแกรมแปลงรูปภาพ - HelpMyIMG,text/html; charset=utf-8,false,200,0,false,"og:description
og:title","รวม แยก บีบอัด แปลง และประมวลผลรูปภาพได้โดยตรงในเบราว์เซอร์ของคุณ ออฟไลน์ 100% ผ่าน WebAssembly ฟรี ไม่จำกัด และมีความปลอดภัยสูง
แปลง WEBP เป็น JPG ฟรี - โปรแกรมแปลงรูปภาพ - HelpMyIMG",0,true,29
21,https://helpmyimg.com/pl/magic-brush/,Pędzel Ręczny - HelpMyIMG,text/html; charset=utf-8,false,200,0,false,"og:description
og:title","Łącz, dziel, kompresuj, konwertuj i przetwarzaj zdjęcia bezpośrednio w przeglądarce. 100% offline poprzez WebAssembly. Bezpłatny, nieograniczony i wysoce bezpieczny.
Pędzel Ręczny - HelpMyIMG",0,true,29
21,https://helpmyimg.com/de/batchwasserzeichenfotos/,Stapel-Wasserzeichenfotos – Bulk-Logo-Adder - HelpMyIMG,text/html; charset=utf-8,false,200,0,false,"og:description
og:title","Kombinieren, teilen, komprimieren, konvertieren und verarbeiten Sie Fotos direkt in Ihrem Browser. 100 % offline über WebAssembly. Kostenlos, unbegrenzt und äußerst sicher.
Stapel-Wasserzeichenfotos – Bulk-Logo-Adder - HelpMyIMG",0,true,29
21,https://helpmyimg.com/tl/compress-image-to-50kb/,I-compress ang larawan sa 50KB - HelpMyIMG,text/html; charset=utf-8,false,200,0,false,"og:description
og:title","Pagsamahin, hatiin, i-compress, i-convert, at iproseso ang mga larawan nang direkta sa iyong browser. 100% offline sa pamamagitan ng WebAssembly. Libre, walang limitasyon, at lubos na secure.
I-compress ang larawan sa 50KB - HelpMyIMG",0,true,29
21,https://helpmyimg.com/ja/webpjpg/,WEBP を JPG に無料で変換 - 画像コンバーター - HelpMyIMG,text/html; charset=utf-8,false,200,0,false,"og:description
og:title","ブラウザ内で写真を直接結合、分割、圧縮、変換、処理できます。 WebAssembly 経由で 100% オフライン。無料、無制限、そして非常に安全です。
WEBP を JPG に無料で変換 - 画像コンバーター - HelpMyIMG",0,true,29
21,https://helpmyimg.com/hi/batch-watermark-photos/,बैच वॉटरमार्क तस्वीरें - थोक लोगो योजक - HelpMyIMG,text/html; charset=utf-8,false,200,0,false,"og:description
og:title","फ़ोटो को सीधे अपने ब्राउज़र में संयोजित करें, विभाजित करें, संपीड़ित करें, रूपांतरित करें और संसाधित करें। WebAssembly के माध्यम से 100% ऑफ़लाइन। मुफ़्त, असीमित और अत्यधिक सुरक्षित।
बैच वॉटरमार्क तस्वीरें - थोक लोगो योजक - HelpMyIMG",0,true,29
21,https://helpmyimg.com/en/crop-image/,Professional Photo Studio & Bulk Toolkit - HelpMyIMG,text/html; charset=utf-8,false,200,0,false,"og:description
og:title","Combine, split, compress, convert, and process photos directly in your browser. 100% offline via WebAssembly. Free, unlimited, and highly secure.
Professional Photo Studio & Bulk Toolkit - HelpMyIMG",0,true,58
21,https://helpmyimg.com/fr/supprimer-une-personne-de-la-photo/,Supprimer une personne de la photo - Gomme Photobomb gratuite - HelpMyIMG,text/html; charset=utf-8,false,200,0,false,"og:description
og:title","Combinez, divisez, compressez, convertissez et traitez des photos directement dans votre navigateur. 100% hors ligne via WebAssembly. Gratuit, illimité et hautement sécurisé.
Supprimer une personne de la photo - Gomme Photobomb gratuite - HelpMyIMG",0,true,29
21,https://helpmyimg.com/no/fjern-bakgrunn-fra-logoen/,Fjern bakgrunn fra Logo Free - Transparent PNG Maker - HelpMyIMG,text/html; charset=utf-8,false,200,0,false,"og:description
og:title","Kombiner, del, komprimer, konverter og bearbeid bilder direkte i nettleseren din. 100 % offline via WebAssembly. Gratis, ubegrenset og svært sikker.
Fjern bakgrunn fra Logo Free - Transparent PNG Maker - HelpMyIMG",0,true,29
21,https://helpmyimg.com/en/compress-image-to-50kb/,Compress Image to 50KB - Smart WebGPU Compression - HelpMyIMG,text/html; charset=utf-8,false,200,0,false,"og:description
og:title","Combine, split, compress, convert, and process photos directly in your browser. 100% offline via WebAssembly. Free, unlimited, and highly secure.
Compress Image to 50KB - Smart WebGPU Compression - HelpMyIMG",0,true,58
21,https://helpmyimg.com/fi/vaihda-tausta/,Biometrisen passin valokuvan taustavärin vaihtaja verkossa - HelpMyIMG,text/html; charset=utf-8,false,200,0,false,"og:description
og:title","Yhdistä, jaa, pakkaa, muunna ja käsittele valokuvia suoraan selaimessasi. 100 % offline-tilassa WebAssemblyn kautta. Ilmainen, rajoittamaton ja erittäin turvallinen.
Biometrisen passin valokuvan taustavärin vaihtaja verkossa - HelpMyIMG",0,true,29
21,https://helpmyimg.com/th/200kb/,บีบอัดรูปภาพเป็น 200KB - ตัวลดคุณภาพสูง - HelpMyIMG,text/html; charset=utf-8,false,200,0,false,"og:description
og:title","รวม แยก บีบอัด แปลง และประมวลผลรูปภาพได้โดยตรงในเบราว์เซอร์ของคุณ ออฟไลน์ 100% ผ่าน WebAssembly ฟรี ไม่จำกัด และมีความปลอดภัยสูง
บีบอัดรูปภาพเป็น 200KB - ตัวลดคุณภาพสูง - HelpMyIMG",0,true,29
21,https://helpmyimg.com/tr/webpyi-jpgye-dntr/,WEBP'yi JPG'ye Ücretsiz Dönüştür - Görüntü Dönüştürücü - HelpMyIMG,text/html; charset=utf-8,false,200,0,false,"og:description
og:title","Fotoğrafları doğrudan tarayıcınızda birleştirin, bölün, sıkıştırın, dönüştürün ve işleyin. WebAssembly aracılığıyla %100 çevrimdışı. Ücretsiz, sınırsız ve son derece güvenli.
WEBP'yi JPG'ye Ücretsiz Dönüştür - Görüntü Dönüştürücü - HelpMyIMG",0,true,29
21,https://helpmyimg.com/he/shinui-godel-instagram/,שנה את גודל התמונה עבור אינסטגרם מקוון - אין צורך בחיתוך - HelpMyIMG,text/html; charset=utf-8,false,200,0,false,"og:description
og:title","שלב, פצל, דחס, המר ועבד תמונות ישירות בדפדפן שלך. 100% לא מקוון באמצעות WebAssembly. חינם, ללא הגבלה, ומאובטח מאוד.
שנה את גודל התמונה עבור אינסטגרם מקוון - אין צורך בחיתוך - HelpMyIMG",0,true,29
21,https://helpmyimg.com/zh/quchu-beijing/,✂️ AI 智能抠图 - HelpMyIMG,text/html; charset=utf-8,false,200,0,false,"og:description
og:title","直接在浏览器中组合、分割、压缩、转换和处理照片。通过 WebAssembly 100% 离线。免费、无限制且高度安全。
✂️ AI 智能抠图 - HelpMyIMG",0,true,29
21,https://helpmyimg.com/no/komprimer-bilde/,Komprimer Bilde to 200KB Gratis - HelpMyIMG,text/html; charset=utf-8,false,200,0,false,"og:description
og:title","Kombiner, del, komprimer, konverter og bearbeid bilder direkte i nettleseren din. 100 % offline via WebAssembly. Gratis, ubegrenset og svært sikker.
Komprimer Bilde to 200KB Gratis - HelpMyIMG",0,true,29
21,https://helpmyimg.com/hi/blur-license-plate/,ब्लर लाइसेंस प्लेट ऑनलाइन - ऑटो गोपनीयता सेंसर - HelpMyIMG,text/html; charset=utf-8,false,200,0,false,"og:description
og:title","फ़ोटो को सीधे अपने ब्राउज़र में संयोजित करें, विभाजित करें, संपीड़ित करें, रूपांतरित करें और संसाधित करें। WebAssembly के माध्यम से 100% ऑफ़लाइन। मुफ़्त, असीमित और अत्यधिक सुरक्षित।
ब्लर लाइसेंस प्लेट ऑनलाइन - ऑटो गोपनीयता सेंसर - HelpMyIMG",0,true,29
21,https://helpmyimg.com/uk/stysnuty-do-100kb/,Стисніть зображення до 100 КБ онлайн безкоштовно - швидко та приватно - HelpMyIMG,text/html; charset=utf-8,false,200,0,false,"og:description
og:title","Комбінуйте, розділяйте, стискайте, конвертуйте та обробляйте фотографії безпосередньо у вашому браузері. 100% офлайн через WebAssembly. Безкоштовний, необмежений і дуже безпечний.
Стисніть зображення до 100 КБ онлайн безкоштовно - швидко та приватно - HelpMyIMG",0,true,29
21,https://helpmyimg.com/fi/sumentaa-kasvot/,Ammattimainen valokuvastudio ja joukkotyökalupakki - HelpMyIMG,text/html; charset=utf-8,false,200,0,false,"og:description
og:title","Yhdistä, jaa, pakkaa, muunna ja käsittele valokuvia suoraan selaimessasi. 100 % offline-tilassa WebAssemblyn kautta. Ilmainen, rajoittamaton ja erittäin turvallinen.
Ammattimainen valokuvastudio ja joukkotyökalupakki - HelpMyIMG",0,true,29
21,https://helpmyimg.com/de/wasserzeichen/,©️ Mein Bild mit einem Wasserzeichen versehen - HelpMyIMG,text/html; charset=utf-8,false,200,0,false,"og:description
og:title","Kombinieren, teilen, komprimieren, konvertieren und verarbeiten Sie Fotos direkt in Ihrem Browser. 100 % offline über WebAssembly. Kostenlos, unbegrenzt und äußerst sicher.
©️ Mein Bild mit einem Wasserzeichen versehen - HelpMyIMG",0,true,29
21,https://helpmyimg.com/tr/instagram-icin-boyutlandir/,Instagram Çevrimiçi için Görüntüyü Yeniden Boyutlandır - Kırpmaya Gerek Yok - HelpMyIMG,text/html; charset=utf-8,false,200,0,false,"og:description
og:title","Fotoğrafları doğrudan tarayıcınızda birleştirin, bölün, sıkıştırın, dönüştürün ve işleyin. WebAssembly aracılığıyla %100 çevrimdışı. Ücretsiz, sınırsız ve son derece güvenli.
Instagram Çevrimiçi için Görüntüyü Yeniden Boyutlandır - Kırpmaya Gerek Yok - HelpMyIMG",0,true,29
21,https://helpmyimg.com/ms/mampat-imej-50kb/,Mampatkan Imej kepada 50KB - Pemampatan WebGPU Pintar - HelpMyIMG,text/html; charset=utf-8,false,200,0,false,"og:description
og:title","Gabungkan, belah, mampatkan, tukar dan proses foto terus dalam penyemak imbas anda. 100% di luar talian melalui WebAssembly. Percuma, tidak terhad dan sangat selamat.
Mampatkan Imej kepada 50KB - Pemampatan WebGPU Pintar - HelpMyIMG",0,true,29
21,https://helpmyimg.com/ro/filigran/,©️ Filigran imaginea mea - HelpMyIMG,text/html; charset=utf-8,false,200,0,false,"og:description
og:title","Combinați, împărțiți, comprimați, convertiți și procesați fotografiile direct în browser. 100% offline prin WebAssembly. Gratuit, nelimitat și foarte sigur.
©️ Filigran imaginea mea - HelpMyIMG",0,true,29
21,https://helpmyimg.com/ar/batch-watermark-photos/,صور العلامة المائية المجمعة - أداة إضافة الشعار المجمعة - HelpMyIMG,text/html; charset=utf-8,false,200,0,false,"og:description
og:title","قم بدمج الصور وتقسيمها وضغطها وتحويلها ومعالجتها مباشرة في متصفحك.غير متصل بالإنترنت بنسبة 100% عبر WebAssembly.مجاني وغير محدود وآمن للغاية.
صور العلامة المائية المجمعة - أداة إضافة الشعار المجمعة - HelpMyIMG",0,true,29
21,https://helpmyimg.com/ms/tukar-webp-kepada-jpg/,Tukar WEBP kepada JPG Percuma - Penukar Imej - HelpMyIMG,text/html; charset=utf-8,false,200,0,false,"og:description
og:title","Gabungkan, belah, mampatkan, tukar dan proses foto terus dalam penyemak imbas anda. 100% di luar talian melalui WebAssembly. Percuma, tidak terhad dan sangat selamat.
Tukar WEBP kepada JPG Percuma - Penukar Imej - HelpMyIMG",0,true,29
21,https://helpmyimg.com/uk/remove-background-from-logo/,Безкоштовно видалити фон з логотипа - Прозорий PNG Maker - HelpMyIMG,text/html; charset=utf-8,false,200,0,false,"og:description
og:title","Комбінуйте, розділяйте, стискайте, конвертуйте та обробляйте фотографії безпосередньо у вашому браузері. 100% офлайн через WebAssembly. Безкоштовний, необмежений і дуже безпечний.
Безкоштовно видалити фон з логотипа - Прозорий PNG Maker - HelpMyIMG",0,true,29
21,https://helpmyimg.com/tl/magic-brush/,Manu-manong Brush - HelpMyIMG,text/html; charset=utf-8,false,200,0,false,"og:description
og:title","Pagsamahin, hatiin, i-compress, i-convert, at iproseso ang mga larawan nang direkta sa iyong browser. 100% offline sa pamamagitan ng WebAssembly. Libre, walang limitasyon, at lubos na secure.
Manu-manong Brush - HelpMyIMG",0,true,29
21,https://helpmyimg.com/th/blur-license-plate/,Blur License Plate Online - เซ็นเซอร์ความเป็นส่วนตัวอัตโนมัติ - HelpMyIMG,text/html; charset=utf-8,false,200,0,false,"og:description
og:title","รวม แยก บีบอัด แปลง และประมวลผลรูปภาพได้โดยตรงในเบราว์เซอร์ของคุณ ออฟไลน์ 100% ผ่าน WebAssembly ฟรี ไม่จำกัด และมีความปลอดภัยสูง
Blur License Plate Online - เซ็นเซอร์ความเป็นส่วนตัวอัตโนมัติ - HelpMyIMG",0,true,29
21,https://helpmyimg.com/pt/comprimir-imagem-50kb/,Compactar imagem em 50 KB - Compressão WebGPU inteligente - HelpMyIMG,text/html; charset=utf-8,false,200,0,false,"og:description
og:title","Combine, divida, compacte, converta e processe fotos diretamente no seu navegador. 100% off-line via WebAssembly. Gratuito, ilimitado e altamente seguro.
Compactar imagem em 50 KB - Compressão WebGPU inteligente - HelpMyIMG",0,true,29
21,https://helpmyimg.com/vi/doi-kich-thuoc/,Đổi kích thước Hình ảnh to 4x6 Miễn phí - HelpMyIMG,text/html; charset=utf-8,false,200,0,false,"og:description
og:title","Kết hợp, tách, nén, chuyển đổi và xử lý ảnh trực tiếp trong trình duyệt của bạn. Ngoại tuyến 100% qua WebAssugging. Miễn phí, không giới hạn và có tính bảo mật cao.
Đổi kích thước Hình ảnh to 4x6 Miễn phí - HelpMyIMG",0,true,29
21,https://helpmyimg.com/ro/comprimare-imagine/,Comprimare Imagine to 200KB Gratuit - HelpMyIMG,text/html; charset=utf-8,false,200,0,false,"og:description
og:title","Combinați, împărțiți, comprimați, convertiți și procesați fotografiile direct în browser. 100% offline prin WebAssembly. Gratuit, nelimitat și foarte sigur.
Comprimare Imagine to 200KB Gratuit - HelpMyIMG",0,true,29
21,https://helpmyimg.com/fr/pipette-couleur/,Studio Photo Professionnel & Boîte à Outils - HelpMyIMG,text/html; charset=utf-8,false,200,0,false,"og:description
og:title","Combinez, divisez, compressez, convertissez et traitez des photos directement dans votre navigateur. 100% hors ligne via WebAssembly. Gratuit, illimité et hautement sécurisé.
Studio Photo Professionnel & Boîte à Outils - HelpMyIMG",0,true,29
21,https://helpmyimg.com/fr/pivoter-image/,Studio Photo Professionnel & Boîte à Outils - HelpMyIMG,text/html; charset=utf-8,false,200,0,false,"og:description
og:title","Combinez, divisez, compressez, convertissez et traitez des photos directement dans votre navigateur. 100% hors ligne via WebAssembly. Gratuit, illimité et hautement sécurisé.
Studio Photo Professionnel & Boîte à Outils - HelpMyIMG",0,true,29
21,https://helpmyimg.com/hu/tvoltsa-el-a-htteret-a-logrl/,Háttér eltávolítása a Logo Free - Transparent PNG Maker programból - HelpMyIMG,text/html; charset=utf-8,false,200,0,false,"og:description
og:title","Kombinálja, osztja fel, tömörítse, konvertálja és dolgozza fel a fényképeket közvetlenül a böngészőben. 100%-ban offline a WebAssembly segítségével. Ingyenes, korlátlan és rendkívül biztonságos.
Háttér eltávolítása a Logo Free - Transparent PNG Maker programból - HelpMyIMG",0,true,29
21,https://helpmyimg.com/ar/tamwih-al-wajh/,الاستوديو الاحترافي الشامل لتحرير الصور والمعالجة الجماعية - HelpMyIMG,text/html; charset=utf-8,false,200,0,false,"og:description
og:title","قم بدمج الصور وتقسيمها وضغطها وتحويلها ومعالجتها مباشرة في متصفحك.غير متصل بالإنترنت بنسبة 100% عبر WebAssembly.مجاني وغير محدود وآمن للغاية.
الاستوديو الاحترافي الشامل لتحرير الصور والمعالجة الجماعية - HelpMyIMG",0,true,29
21,https://helpmyimg.com/en/change-background/,Biometric Passport Photo Background Color Changer Online - HelpMyIMG,text/html; charset=utf-8,false,200,0,false,"og:description
og:title","Combine, split, compress, convert, and process photos directly in your browser. 100% offline via WebAssembly. Free, unlimited, and highly secure.
Biometric Passport Photo Background Color Changer Online - HelpMyIMG",0,true,58
21,https://helpmyimg.com/hu/fejlett-szerkeszto/,Professzionális fotóstúdió és tömeges eszközkészlet - HelpMyIMG,text/html; charset=utf-8,false,200,0,false,"og:description
og:title","Kombinálja, osztja fel, tömörítse, konvertálja és dolgozza fel a fényképeket közvetlenül a böngészőben. 100%-ban offline a WebAssembly segítségével. Ingyenes, korlátlan és rendkívül biztonságos.
Professzionális fotóstúdió és tömeges eszközkészlet - HelpMyIMG",0,true,29
21,https://helpmyimg.com/sv/komprimera-bild-50kb/,Komprimera bild till 50KB - Smart WebGPU-komprimering - HelpMyIMG,text/html; charset=utf-8,false,200,0,false,"og:description
og:title","Kombinera, dela, komprimera, konvertera och bearbeta foton direkt i din webbläsare. 100 % offline via WebAssembly. Gratis, obegränsad och mycket säker.
Komprimera bild till 50KB - Smart WebGPU-komprimering - HelpMyIMG",0,true,29
21,https://helpmyimg.com/pt/redimensionar-para-instagram/,Redimensionar imagem para Instagram Online - sem necessidade de corte - HelpMyIMG,text/html; charset=utf-8,false,200,0,false,"og:description
og:title","Combine, divida, compacte, converta e processe fotos diretamente no seu navegador. 100% off-line via WebAssembly. Gratuito, ilimitado e altamente seguro.
Redimensionar imagem para Instagram Online - sem necessidade de corte - HelpMyIMG",0,true,29
21,https://helpmyimg.com/ar/blur-license-plate/,طمس لوحة الترخيص على الإنترنت - رقيب الخصوصية التلقائي - HelpMyIMG,text/html; charset=utf-8,false,200,0,false,"og:description
og:title","قم بدمج الصور وتقسيمها وضغطها وتحويلها ومعالجتها مباشرة في متصفحك.غير متصل بالإنترنت بنسبة 100% عبر WebAssembly.مجاني وغير محدود وآمن للغاية.
طمس لوحة الترخيص على الإنترنت - رقيب الخصوصية التلقائي - HelpMyIMG",0,true,29
21,https://helpmyimg.com/el/ydatografima/,©️ Υδατογράφημα στην εικόνα μου - HelpMyIMG,text/html; charset=utf-8,false,200,0,false,"og:description
og:title","Συνδυάστε, διαχωρίστε, συμπιέστε, μετατρέψτε και επεξεργαστείτε φωτογραφίες απευθείας στο πρόγραμμα περιήγησής σας. 100% εκτός σύνδεσης μέσω WebAssembly. Δωρεάν, απεριόριστη και εξαιρετικά ασφαλής.
©️ Υδατογράφημα στην εικόνα μου - HelpMyIMG",0,true,29
21,https://helpmyimg.com/uk/stysnuty-zobrazhennya/,Стиснути Зображення to 200KB Безкоштовно - HelpMyIMG,text/html; charset=utf-8,false,200,0,false,"og:description
og:title","Комбінуйте, розділяйте, стискайте, конвертуйте та обробляйте фотографії безпосередньо у вашому браузері. 100% офлайн через WebAssembly. Безкоштовний, необмежений і дуже безпечний.
Стиснути Зображення to 200KB Безкоштовно - HelpMyIMG",0,true,29
21,https://helpmyimg.com/ru/izmenit-fon/,"Биометрический паспорт, фото фона, смена цвета онлайн - HelpMyIMG",text/html; charset=utf-8,false,200,0,false,"og:description
og:title","Объединяйте, разделяйте, сжимайте, конвертируйте и обрабатывайте фотографии прямо в браузере. 100% автономный режим через WebAssembly. Бесплатно, безлимитно и очень безопасно.
Биометрический паспорт, фото фона, смена цвета онлайн - HelpMyIMG",0,true,29
21,https://helpmyimg.com/ja/gazo-ri-saizu/,サイズ変更 画像 to 4x6 無料 - HelpMyIMG,text/html; charset=utf-8,false,200,0,false,"og:description
og:title","ブラウザ内で写真を直接結合、分割、圧縮、変換、処理できます。 WebAssembly 経由で 100% オフライン。無料、無制限、そして非常に安全です。
サイズ変更 画像 to 4x6 無料 - HelpMyIMG",0,true,29
21,https://helpmyimg.com/ms/menukar-latar-belakang-foto-kepada-putih/,Tukar Latar Belakang Foto kepada Putih - Sedia Amazon & E-dagang - HelpMyIMG,text/html; charset=utf-8,false,200,0,false,"og:description
og:title","Gabungkan, belah, mampatkan, tukar dan proses foto terus dalam penyemak imbas anda. 100% di luar talian melalui WebAssembly. Percuma, tidak terhad dan sangat selamat.
Tukar Latar Belakang Foto kepada Putih - Sedia Amazon & E-dagang - HelpMyIMG",0,true,29
21,https://helpmyimg.com/th/remove-person-from-photo/,ลบบุคคลออกจากภาพถ่าย - ยางลบ Photobomb ฟรี - HelpMyIMG,text/html; charset=utf-8,false,200,0,false,"og:description
og:title","รวม แยก บีบอัด แปลง และประมวลผลรูปภาพได้โดยตรงในเบราว์เซอร์ของคุณ ออฟไลน์ 100% ผ่าน WebAssembly ฟรี ไม่จำกัด และมีความปลอดภัยสูง
ลบบุคคลออกจากภาพถ่าย - ยางลบ Photobomb ฟรี - HelpMyIMG",0,true,29
21,https://helpmyimg.com/hi/watermark-lagao/,©️ वॉटरमार्क मेरी छवि - HelpMyIMG,text/html; charset=utf-8,false,200,0,false,"og:description
og:title","फ़ोटो को सीधे अपने ब्राउज़र में संयोजित करें, विभाजित करें, संपीड़ित करें, रूपांतरित करें और संसाधित करें। WebAssembly के माध्यम से 100% ऑफ़लाइन। मुफ़्त, असीमित और अत्यधिक सुरक्षित।
©️ वॉटरमार्क मेरी छवि - HelpMyIMG",0,true,29
21,https://helpmyimg.com/sv/ta-bort-bakgrund-frn-logotypen/,Ta bort bakgrund från logotyp gratis - Transparent PNG Maker - HelpMyIMG,text/html; charset=utf-8,false,200,0,false,"og:description
og:title","Kombinera, dela, komprimera, konvertera och bearbeta foton direkt i din webbläsare. 100 % offline via WebAssembly. Gratis, obegränsad och mycket säker.
Ta bort bakgrund från logotyp gratis - Transparent PNG Maker - HelpMyIMG",0,true,29
21,https://helpmyimg.com/id/buat-watermark/,©️ Beri Watermark - HelpMyIMG,text/html; charset=utf-8,false,200,0,false,"og:description
og:title","Gabungkan, pisahkan, kompres, konversi, dan proses foto langsung di browser Anda. 100% offline melalui WebAssembly. Gratis, tidak terbatas, dan sangat aman.
©️ Beri Watermark - HelpMyIMG",0,true,29
21,https://helpmyimg.com/uk/resize-photo-to-passport-size/,Змініть розмір фотографії до розміру паспорта - Visa & ID Maker - HelpMyIMG,text/html; charset=utf-8,false,200,0,false,"og:description
og:title","Комбінуйте, розділяйте, стискайте, конвертуйте та обробляйте фотографії безпосередньо у вашому браузері. 100% офлайн через WebAssembly. Безкоштовний, необмежений і дуже безпечний.
Змініть розмір фотографії до розміру паспорта - Visa & ID Maker - HelpMyIMG",0,true,29
21,https://helpmyimg.com/ms/ubah-saiz-gambar-kepada-saiz-pasport/,Ubah Saiz Foto kepada Saiz Pasport - Pembuat Visa & ID - HelpMyIMG,text/html; charset=utf-8,false,200,0,false,"og:description
og:title","Gabungkan, belah, mampatkan, tukar dan proses foto terus dalam penyemak imbas anda. 100% di luar talian melalui WebAssembly. Percuma, tidak terhad dan sangat selamat.
Ubah Saiz Foto kepada Saiz Pasport - Pembuat Visa & ID - HelpMyIMG",0,true,29
21,https://helpmyimg.com/ru/blur-license-plate/,Размытие номерного знака онлайн - автоматический цензор конфиденциальности - HelpMyIMG,text/html; charset=utf-8,false,200,0,false,"og:description
og:title","Объединяйте, разделяйте, сжимайте, конвертируйте и обрабатывайте фотографии прямо в браузере. 100% автономный режим через WebAssembly. Бесплатно, безлимитно и очень безопасно.
Размытие номерного знака онлайн - автоматический цензор конфиденциальности - HelpMyIMG",0,true,29
21,https://helpmyimg.com/en/batch-watermark-photos/,Batch Watermark Photos - Bulk Logo Adder - HelpMyIMG,text/html; charset=utf-8,false,200,0,false,"og:description
og:title","Combine, split, compress, convert, and process photos directly in your browser. 100% offline via WebAssembly. Free, unlimited, and highly secure.
Batch Watermark Photos - Bulk Logo Adder - HelpMyIMG",0,true,58
21,https://helpmyimg.com/tr/fotoraf-arka-plann-beyaza-evir/,Fotoğraf Arka Planını Beyaz Olarak Değiştirin - Amazon ve E-ticarete Hazır - HelpMyIMG,text/html; charset=utf-8,false,200,0,false,"og:description
og:title","Fotoğrafları doğrudan tarayıcınızda birleştirin, bölün, sıkıştırın, dönüştürün ve işleyin. WebAssembly aracılığıyla %100 çevrimdışı. Ücretsiz, sınırsız ve son derece güvenli.
Fotoğraf Arka Planını Beyaz Olarak Değiştirin - Amazon ve E-ticarete Hazır - HelpMyIMG",0,true,29
21,https://helpmyimg.com/sv/ta-bort-personen-frn-fotot/,Ta bort person från foto - Gratis Photobomb Eraser - HelpMyIMG,text/html; charset=utf-8,false,200,0,false,"og:description
og:title","Kombinera, dela, komprimera, konvertera och bearbeta foton direkt i din webbläsare. 100 % offline via WebAssembly. Gratis, obegränsad och mycket säker.
Ta bort person från foto - Gratis Photobomb Eraser - HelpMyIMG",0,true,29
21,https://helpmyimg.com/vi/i-nn-nh-sang-mu-trng/,Thay đổi nền ảnh thành màu trắng - Sẵn sàng cho Amazon và thương mại điện tử - HelpMyIMG,text/html; charset=utf-8,false,200,0,false,"og:description
og:title","Kết hợp, tách, nén, chuyển đổi và xử lý ảnh trực tiếp trong trình duyệt của bạn. Ngoại tuyến 100% qua WebAssugging. Miễn phí, không giới hạn và có tính bảo mật cao.
Thay đổi nền ảnh thành màu trắng - Sẵn sàng cho Amazon và thương mại điện tử - HelpMyIMG",0,true,29
21,https://helpmyimg.com/pt/cortar-imagem/,Estúdio Fotográfico Profissional Tudo-em-Um - HelpMyIMG,text/html; charset=utf-8,false,200,0,false,"og:description
og:title","Combine, divida, compacte, converta e processe fotos diretamente no seu navegador. 100% off-line via WebAssembly. Gratuito, ilimitado e altamente seguro.
Estúdio Fotográfico Profissional Tudo-em-Um - HelpMyIMG",0,true,29
21,https://helpmyimg.com/da/komprimer-billede/,Komprimer Billede to 200KB Gratis - HelpMyIMG,text/html; charset=utf-8,false,200,0,false,"og:description
og:title","Kombiner, opdel, komprimer, konverter og bearbejd billeder direkte i din browser. 100 % offline via WebAssembly. Gratis, ubegrænset og meget sikker.
Komprimer Billede to 200KB Gratis - HelpMyIMG",0,true,29
21,https://helpmyimg.com/tl/i-convert-larawan/,I-convert WEBP to JPG Libre - HelpMyIMG,text/html; charset=utf-8,false,200,0,false,"og:description
og:title","Pagsamahin, hatiin, i-compress, i-convert, at iproseso ang mga larawan nang direkta sa iyong browser. 100% offline sa pamamagitan ng WebAssembly. Libre, walang limitasyon, at lubos na secure.
I-convert WEBP to JPG Libre - HelpMyIMG",0,true,29
21,https://helpmyimg.com/nl/achtergrond-verwijderen/,✂️ Achtergrond Verwijderen - HelpMyIMG,text/html; charset=utf-8,false,200,0,false,"og:description
og:title","Combineer, splits, comprimeer, converteer en verwerk foto's rechtstreeks in uw browser. 100% offline via WebAssembly. Gratis, onbeperkt en zeer veilig.
✂️ Achtergrond Verwijderen - HelpMyIMG",0,true,29
21,https://helpmyimg.com/de/bild-komprimieren/,Komprimieren Bild to 200KB Kostenlos - HelpMyIMG,text/html; charset=utf-8,false,200,0,false,"og:description
og:title","Kombinieren, teilen, komprimieren, konvertieren und verarbeiten Sie Fotos direkt in Ihrem Browser. 100 % offline über WebAssembly. Kostenlos, unbegrenzt und äußerst sicher.
Komprimieren Bild to 200KB Kostenlos - HelpMyIMG",0,true,29
21,https://helpmyimg.com/ms/pangkas-imej/,Studio Foto Profesional & Kit Alat Pukal - HelpMyIMG,text/html; charset=utf-8,false,200,0,false,"og:description
og:title","Gabungkan, belah, mampatkan, tukar dan proses foto terus dalam penyemak imbas anda. 100% di luar talian melalui WebAssembly. Percuma, tidak terhad dan sangat selamat.
Studio Foto Profesional & Kit Alat Pukal - HelpMyIMG",0,true,29
21,https://helpmyimg.com/pl/kompresja-obrazu-100kb/,Kompresuj obraz do 100 KB online bezpłatnie — szybko i prywatnie - HelpMyIMG,text/html; charset=utf-8,false,200,0,false,"og:description
og:title","Łącz, dziel, kompresuj, konwertuj i przetwarzaj zdjęcia bezpośrednio w przeglądarce. 100% offline poprzez WebAssembly. Bezpłatny, nieograniczony i wysoce bezpieczny.
Kompresuj obraz do 100 KB online bezpłatnie — szybko i prywatnie - HelpMyIMG",0,true,29
21,https://helpmyimg.com/es/comprimir-imagen-a-200kb/,Comprimir imagen a 200 KB: reductor de alta calidad - HelpMyIMG,text/html; charset=utf-8,false,200,0,false,"og:description
og:title","Combine, divida, comprima, convierta y procese fotografías directamente en su navegador. 100% sin conexión a través de WebAssembly. Gratis, ilimitado y muy seguro.
Comprimir imagen a 200 KB: reductor de alta calidad - HelpMyIMG",0,true,29
21,https://helpmyimg.com/id/ambil-warna-gambar/,Studio Foto & Pengeditan Massal Profesional - HelpMyIMG,text/html; charset=utf-8,false,200,0,false,"og:description
og:title","Gabungkan, pisahkan, kompres, konversi, dan proses foto langsung di browser Anda. 100% offline melalui WebAssembly. Gratis, tidak terbatas, dan sangat aman.
Studio Foto & Pengeditan Massal Profesional - HelpMyIMG",0,true,29
21,https://helpmyimg.com/hi/resize-photo-to-passport-size/,फोटो का आकार पासपोर्ट आकार में बदलें - वीज़ा और आईडी निर्माता - HelpMyIMG,text/html; charset=utf-8,false,200,0,false,"og:description
og:title","फ़ोटो को सीधे अपने ब्राउज़र में संयोजित करें, विभाजित करें, संपीड़ित करें, रूपांतरित करें और संसाधित करें। WebAssembly के माध्यम से 100% ऑफ़लाइन। मुफ़्त, असीमित और अत्यधिक सुरक्षित।
फोटो का आकार पासपोर्ट आकार में बदलें - वीज़ा और आईडी निर्माता - HelpMyIMG",0,true,29
21,https://helpmyimg.com/id/potong-gambar/,Studio Foto & Pengeditan Massal Profesional - HelpMyIMG,text/html; charset=utf-8,false,200,0,false,"og:description
og:title","Gabungkan, pisahkan, kompres, konversi, dan proses foto langsung di browser Anda. 100% offline melalui WebAssembly. Gratis, tidak terbatas, dan sangat aman.
Studio Foto & Pengeditan Massal Profesional - HelpMyIMG",0,true,29
21,https://helpmyimg.com/ko/imiji-keugi-jojeong/,크기 조정 이미지 to 4x6 무료 - HelpMyIMG,text/html; charset=utf-8,false,200,0,false,"og:description
og:title","브라우저에서 직접 사진을 결합, 분할, 압축, 변환 및 처리합니다. WebAssembly를 통해 100% 오프라인. 무료이며 무제한이며 매우 안전합니다.
크기 조정 이미지 to 4x6 무료 - HelpMyIMG",0,true,29
21,https://helpmyimg.com/id/kompres-gambar/,Kompres 20 Foto Sekaligus Online Gratis (Batch ZIP Download) - HelpMyIMG,text/html; charset=utf-8,false,200,0,false,"og:description
og:title","Gabungkan, pisahkan, kompres, konversi, dan proses foto langsung di browser Anda. 100% offline melalui WebAssembly. Gratis, tidak terbatas, dan sangat aman.
Kompres 20 Foto Sekaligus Online Gratis (Batch ZIP Download) - HelpMyIMG",0,true,29
21,https://helpmyimg.com/de/fortgeschrittener-editor/,Professionelles All-in-One Fotostudio & Toolkit - HelpMyIMG,text/html; charset=utf-8,false,200,0,false,"og:description
og:title","Kombinieren, teilen, komprimieren, konvertieren und verarbeiten Sie Fotos direkt in Ihrem Browser. 100 % offline über WebAssembly. Kostenlos, unbegrenzt und äußerst sicher.
Professionelles All-in-One Fotostudio & Toolkit - HelpMyIMG",0,true,29
21,https://helpmyimg.com/cs/oriznuti-obrazku/,Profesionální fotografické studio a sada nástrojů pro hromadné zpracování - HelpMyIMG,text/html; charset=utf-8,false,200,0,false,"og:description
og:title","Kombinujte, rozdělujte, komprimujte, převádějte a zpracovávajte fotografie přímo ve vašem prohlížeči.100% offline přes WebAssembly.Zdarma, neomezené a vysoce bezpečné.
Profesionální fotografické studio a sada nástrojů pro hromadné zpracování - HelpMyIMG",0,true,29
21,https://helpmyimg.com/da/ndre-fotobaggrund-til-hvid/,Skift fotobaggrund til hvid - klar til Amazon og e-handel - HelpMyIMG,text/html; charset=utf-8,false,200,0,false,"og:description
og:title","Kombiner, opdel, komprimer, konverter og bearbejd billeder direkte i din browser. 100 % offline via WebAssembly. Gratis, ubegrænset og meget sikker.
Skift fotobaggrund til hvid - klar til Amazon og e-handel - HelpMyIMG",0,true,29
21,https://helpmyimg.com/es/selector-de-color/,Estudio Fotográfico Profesional Todo en Uno - HelpMyIMG,text/html; charset=utf-8,false,200,0,false,"og:description
og:title","Combine, divida, comprima, convierta y procese fotografías directamente en su navegador. 100% sin conexión a través de WebAssembly. Gratis, ilimitado y muy seguro.
Estudio Fotográfico Profesional Todo en Uno - HelpMyIMG",0,true,29
21,https://helpmyimg.com/ru/razmyt-litso/,Профессиональная фотостудия «Все в одном» - HelpMyIMG,text/html; charset=utf-8,false,200,0,false,"og:description
og:title","Объединяйте, разделяйте, сжимайте, конвертируйте и обрабатывайте фотографии прямо в браузере. 100% автономный режим через WebAssembly. Бесплатно, безлимитно и очень безопасно.
Профессиональная фотостудия «Все в одном» - HelpMyIMG",0,true,29
21,https://helpmyimg.com/he/orech-itzuv/,סטודיו לצילום מקצועי וערכת כלים בתפזורת - HelpMyIMG,text/html; charset=utf-8,false,200,0,false,"og:description
og:title","שלב, פצל, דחס, המר ועבד תמונות ישירות בדפדפן שלך. 100% לא מקוון באמצעות WebAssembly. חינם, ללא הגבלה, ומאובטח מאוד.
סטודיו לצילום מקצועי וערכת כלים בתפזורת - HelpMyIMG",0,true,29
21,https://helpmyimg.com/hi/background-badlo/,बायोमेट्रिक पासपोर्ट फोटो पृष्ठभूमि रंग परिवर्तक ऑनलाइन - HelpMyIMG,text/html; charset=utf-8,false,200,0,false,"og:description
og:title","फ़ोटो को सीधे अपने ब्राउज़र में संयोजित करें, विभाजित करें, संपीड़ित करें, रूपांतरित करें और संसाधित करें। WebAssembly के माध्यम से 100% ऑफ़लाइन। मुफ़्त, असीमित और अत्यधिक सुरक्षित।
बायोमेट्रिक पासपोर्ट फोटो पृष्ठभूमि रंग परिवर्तक ऑनलाइन - HelpMyIMG",0,true,29
21,https://helpmyimg.com/fi/hmrt-rekisterikilpi/,Sumenna rekisterikilpi verkossa - Auto Privacy Sensori - HelpMyIMG,text/html; charset=utf-8,false,200,0,false,"og:description
og:title","Yhdistä, jaa, pakkaa, muunna ja käsittele valokuvia suoraan selaimessasi. 100 % offline-tilassa WebAssemblyn kautta. Ilmainen, rajoittamaton ja erittäin turvallinen.
Sumenna rekisterikilpi verkossa - Auto Privacy Sensori - HelpMyIMG",0,true,29
21,https://helpmyimg.com/sv/konvertera-bild/,Konvertera WEBP to JPG Gratis - HelpMyIMG,text/html; charset=utf-8,false,200,0,false,"og:description
og:title","Kombinera, dela, komprimera, konvertera och bearbeta foton direkt i din webbläsare. 100 % offline via WebAssembly. Gratis, obegränsad och mycket säker.
Konvertera WEBP to JPG Gratis - HelpMyIMG",0,true,29
21,https://helpmyimg.com/vi/dong-dau-anh/,©️ Hình mờ hình ảnh của tôi - HelpMyIMG,text/html; charset=utf-8,false,200,0,false,"og:description
og:title","Kết hợp, tách, nén, chuyển đổi và xử lý ảnh trực tiếp trong trình duyệt của bạn. Ngoại tuyến 100% qua WebAssugging. Miễn phí, không giới hạn và có tính bảo mật cao.
©️ Hình mờ hình ảnh của tôi - HelpMyIMG",0,true,29
21,https://helpmyimg.com/fi/muuta-valokuvan-tausta-valkoiseksi/,Muuta valokuvan tausta valkoiseksi – valmis Amazonin ja verkkokaupan käyttöön - HelpMyIMG,text/html; charset=utf-8,false,200,0,false,"og:description
og:title","Yhdistä, jaa, pakkaa, muunna ja käsittele valokuvia suoraan selaimessasi. 100 % offline-tilassa WebAssemblyn kautta. Ilmainen, rajoittamaton ja erittäin turvallinen.
Muuta valokuvan tausta valkoiseksi – valmis Amazonin ja verkkokaupan käyttöön - HelpMyIMG",0,true,29
21,https://helpmyimg.com/ru/povernut-izobrazhenie/,Профессиональная фотостудия «Все в одном» - HelpMyIMG,text/html; charset=utf-8,false,200,0,false,"og:description
og:title","Объединяйте, разделяйте, сжимайте, конвертируйте и обрабатывайте фотографии прямо в браузере. 100% автономный режим через WebAssembly. Бесплатно, безлимитно и очень безопасно.
Профессиональная фотостудия «Все в одном» - HelpMyIMG",0,true,29
21,https://helpmyimg.com/ar/daght-sura/,ضغط صورة to 200KB مجاني - HelpMyIMG,text/html; charset=utf-8,false,200,0,false,"og:description
og:title","قم بدمج الصور وتقسيمها وضغطها وتحويلها ومعالجتها مباشرة في متصفحك.غير متصل بالإنترنت بنسبة 100% عبر WebAssembly.مجاني وغير محدود وآمن للغاية.
ضغط صورة to 200KB مجاني - HelpMyIMG",0,true,29
21,https://helpmyimg.com/tl/i-rotate-larawan/,Propesyonal na Photo Studio at Bulk Toolkit - HelpMyIMG,text/html; charset=utf-8,false,200,0,false,"og:description
og:title","Pagsamahin, hatiin, i-compress, i-convert, at iproseso ang mga larawan nang direkta sa iyong browser. 100% offline sa pamamagitan ng WebAssembly. Libre, walang limitasyon, at lubos na secure.
Propesyonal na Photo Studio at Bulk Toolkit - HelpMyIMG",0,true,29
21,https://helpmyimg.com/zh/convertwebp/,免费将 WEBP 转换为 JPG - 图像转换器 - HelpMyIMG,text/html; charset=utf-8,false,200,0,false,"og:description
og:title","直接在浏览器中组合、分割、压缩、转换和处理照片。通过 WebAssembly 100% 离线。免费、无限制且高度安全。
免费将 WEBP 转换为 JPG - 图像转换器 - HelpMyIMG",0,true,29
21,https://helpmyimg.com/cs/prevod-obrazku/,Převést WEBP to JPG Zdarma - HelpMyIMG,text/html; charset=utf-8,false,200,0,false,"og:description
og:title","Kombinujte, rozdělujte, komprimujte, převádějte a zpracovávajte fotografie přímo ve vašem prohlížeči.100% offline přes WebAssembly.Zdarma, neomezené a vysoce bezpečné.
Převést WEBP to JPG Zdarma - HelpMyIMG",0,true,29
21,https://helpmyimg.com/it/rimuovere-la-persona-dalla-foto/,Rimuovi persona dalla foto: gomma per Photobomb gratuita - HelpMyIMG,text/html; charset=utf-8,false,200,0,false,"og:description
og:title","Combina, dividi, comprimi, converti ed elabora le foto direttamente nel tuo browser. 100% offline tramite WebAssembly. Gratuito, illimitato e altamente sicuro.
Rimuovi persona dalla foto: gomma per Photobomb gratuita - HelpMyIMG",0,true,29
21,https://helpmyimg.com/ar/taghyir-hajm/,تغيير الحجم صورة to 4x6 مجاني - HelpMyIMG,text/html; charset=utf-8,false,200,0,false,"og:description
og:title","قم بدمج الصور وتقسيمها وضغطها وتحويلها ومعالجتها مباشرة في متصفحك.غير متصل بالإنترنت بنسبة 100% عبر WebAssembly.مجاني وغير محدود وآمن للغاية.
تغيير الحجم صورة to 4x6 مجاني - HelpMyIMG",0,true,29
21,https://helpmyimg.com/tr/arka-plan-degistir/,Biyometrik Pasaport Fotoğrafı Arka Plan Renk Değiştirici Çevrimiçi - HelpMyIMG,text/html; charset=utf-8,false,200,0,false,"og:description
og:title","Fotoğrafları doğrudan tarayıcınızda birleştirin, bölün, sıkıştırın, dönüştürün ve işleyin. WebAssembly aracılığıyla %100 çevrimdışı. Ücretsiz, sınırsız ve son derece güvenli.
Biyometrik Pasaport Fotoğrafı Arka Plan Renk Değiştirici Çevrimiçi - HelpMyIMG",0,true,29
21,https://helpmyimg.com/el/sympiesi-se-50kb/,Συμπίεση εικόνας σε 50 KB - Έξυπνη συμπίεση WebGPU - HelpMyIMG,text/html; charset=utf-8,false,200,0,false,"og:description
og:title","Συνδυάστε, διαχωρίστε, συμπιέστε, μετατρέψτε και επεξεργαστείτε φωτογραφίες απευθείας στο πρόγραμμα περιήγησής σας. 100% εκτός σύνδεσης μέσω WebAssembly. Δωρεάν, απεριόριστη και εξαιρετικά ασφαλής.
Συμπίεση εικόνας σε 50 KB - Έξυπνη συμπίεση WebGPU - HelpMyIMG",0,true,29
21,https://helpmyimg.com/ms/alih-keluar-latar-belakang-daripada-logo/,Alih Keluar Latar Belakang daripada Logo Percuma - Pembuat PNG Lutsinar - HelpMyIMG,text/html; charset=utf-8,false,200,0,false,"og:description
og:title","Gabungkan, belah, mampatkan, tukar dan proses foto terus dalam penyemak imbas anda. 100% di luar talian melalui WebAssembly. Percuma, tidak terhad dan sangat selamat.
Alih Keluar Latar Belakang daripada Logo Percuma - Pembuat PNG Lutsinar - HelpMyIMG",0,true,29
21,https://helpmyimg.com/ar/change-photo-background-to-white/,تغيير خلفية الصورة إلى اللون الأبيض - جاهز لأمازون والتجارة الإلكترونية - HelpMyIMG,text/html; charset=utf-8,false,200,0,false,"og:description
og:title","قم بدمج الصور وتقسيمها وضغطها وتحويلها ومعالجتها مباشرة في متصفحك.غير متصل بالإنترنت بنسبة 100% عبر WebAssembly.مجاني وغير محدود وآمن للغاية.
تغيير خلفية الصورة إلى اللون الأبيض - جاهز لأمازون والتجارة الإلكترونية - HelpMyIMG",0,true,29
21,https://helpmyimg.com/ru/remove-background-from-logo/,Удалить фон из логотипа бесплатно — Создатель PNG с прозрачным фоном - HelpMyIMG,text/html; charset=utf-8,false,200,0,false,"og:description
og:title","Объединяйте, разделяйте, сжимайте, конвертируйте и обрабатывайте фотографии прямо в браузере. 100% автономный режим через WebAssembly. Бесплатно, безлимитно и очень безопасно.
Удалить фон из логотипа бесплатно — Создатель PNG с прозрачным фоном - HelpMyIMG",0,true,29
21,https://helpmyimg.com/vi/nen-anh-100kb/,Nén hình ảnh trực tuyến miễn phí xuống 100KB - Nhanh chóng và riêng tư - HelpMyIMG,text/html; charset=utf-8,false,200,0,false,"og:description
og:title","Kết hợp, tách, nén, chuyển đổi và xử lý ảnh trực tiếp trong trình duyệt của bạn. Ngoại tuyến 100% qua WebAssugging. Miễn phí, không giới hạn và có tính bảo mật cao.
Nén hình ảnh trực tuyến miễn phí xuống 100KB - Nhanh chóng và riêng tư - HelpMyIMG",0,true,29
21,https://helpmyimg.com/ja/gazo-asshuku-100kb/,画像をオンラインで無料で 100KB に圧縮 - 高速かつプライベート - HelpMyIMG,text/html; charset=utf-8,false,200,0,false,"og:description
og:title","ブラウザ内で写真を直接結合、分割、圧縮、変換、処理できます。 WebAssembly 経由で 100% オフライン。無料、無制限、そして非常に安全です。
画像をオンラインで無料で 100KB に圧縮 - 高速かつプライベート - HelpMyIMG",0,true,29
21,https://helpmyimg.com/ko/change-photo-background-to-white/,사진 배경을 흰색으로 변경 - Amazon 및 전자상거래 지원 - HelpMyIMG,text/html; charset=utf-8,false,200,0,false,"og:description
og:title","브라우저에서 직접 사진을 결합, 분할, 압축, 변환 및 처리합니다. WebAssembly를 통해 100% 오프라인. 무료이며 무제한이며 매우 안전합니다.
사진 배경을 흰색으로 변경 - Amazon 및 전자상거래 지원 - HelpMyIMG",0,true,29
21,https://helpmyimg.com/vi/trinh-chinh-sua/,Studio ảnh chuyên nghiệp & Bộ công cụ hàng loạt - HelpMyIMG,text/html; charset=utf-8,false,200,0,false,"og:description
og:title","Kết hợp, tách, nén, chuyển đổi và xử lý ảnh trực tiếp trong trình duyệt của bạn. Ngoại tuyến 100% qua WebAssugging. Miễn phí, không giới hạn và có tính bảo mật cao.
Studio ảnh chuyên nghiệp & Bộ công cụ hàng loạt - HelpMyIMG",0,true,29
21,https://helpmyimg.com/zh/removeperson/,从照片中删除人物 - 免费照片炸弹橡皮擦 - HelpMyIMG,text/html; charset=utf-8,false,200,0,false,"og:description
og:title","直接在浏览器中组合、分割、压缩、转换和处理照片。通过 WebAssembly 100% 离线。免费、无限制且高度安全。
从照片中删除人物 - 免费照片炸弹橡皮擦 - HelpMyIMG",0,true,29
21,https://helpmyimg.com/ms/foto-tera-air-kumpulan/,Foto Teratai Air Berkumpulan - Penambah Logo Pukal - HelpMyIMG,text/html; charset=utf-8,false,200,0,false,"og:description
og:title","Gabungkan, belah, mampatkan, tukar dan proses foto terus dalam penyemak imbas anda. 100% di luar talian melalui WebAssembly. Percuma, tidak terhad dan sangat selamat.
Foto Teratai Air Berkumpulan - Penambah Logo Pukal - HelpMyIMG",0,true,29
21,https://helpmyimg.com/sv/komprimera-bild/,Komprimera Bild to 200KB Gratis - HelpMyIMG,text/html; charset=utf-8,false,200,0,false,"og:description
og:title","Kombinera, dela, komprimera, konvertera och bearbeta foton direkt i din webbläsare. 100 % offline via WebAssembly. Gratis, obegränsad och mycket säker.
Komprimera Bild to 200KB Gratis - HelpMyIMG",0,true,29
21,https://helpmyimg.com/de/hintergrund-entfernen/,✂️ Hintergrund entfernen - HelpMyIMG,text/html; charset=utf-8,false,200,0,false,"og:description
og:title","Kombinieren, teilen, komprimieren, konvertieren und verarbeiten Sie Fotos direkt in Ihrem Browser. 100 % offline über WebAssembly. Kostenlos, unbegrenzt und äußerst sicher.
✂️ Hintergrund entfernen - HelpMyIMG",0,true,29
21,https://helpmyimg.com/vi/bin-s-xe-m/,Làm mờ biển số xe trực tuyến - Tự động kiểm duyệt quyền riêng tư - HelpMyIMG,text/html; charset=utf-8,false,200,0,false,"og:description
og:title","Kết hợp, tách, nén, chuyển đổi và xử lý ảnh trực tiếp trong trình duyệt của bạn. Ngoại tuyến 100% qua WebAssugging. Miễn phí, không giới hạn và có tính bảo mật cao.
Làm mờ biển số xe trực tuyến - Tự động kiểm duyệt quyền riêng tư - HelpMyIMG",0,true,29
21,https://helpmyimg.com/sv/komprimera-bild-100kb/,Komprimera bild till 100KB online gratis - snabbt och privat - HelpMyIMG,text/html; charset=utf-8,false,200,0,false,"og:description
og:title","Kombinera, dela, komprimera, konvertera och bearbeta foton direkt i din webbläsare. 100 % offline via WebAssembly. Gratis, obegränsad och mycket säker.
Komprimera bild till 100KB online gratis - snabbt och privat - HelpMyIMG",0,true,29
21,https://helpmyimg.com/it/selettore-colore/,Studio fotografico professionale e kit di strumenti in blocco - HelpMyIMG,text/html; charset=utf-8,false,200,0,false,"og:description
og:title","Combina, dividi, comprimi, converti ed elabora le foto direttamente nel tuo browser. 100% offline tramite WebAssembly. Gratuito, illimitato e altamente sicuro.
Studio fotografico professionale e kit di strumenti in blocco - HelpMyIMG",0,true,29
21,https://helpmyimg.com/it/filigrana/,©️ Filigrana la mia immagine - HelpMyIMG,text/html; charset=utf-8,false,200,0,false,"og:description
og:title","Combina, dividi, comprimi, converti ed elabora le foto direttamente nel tuo browser. 100% offline tramite WebAssembly. Gratuito, illimitato e altamente sicuro.
©️ Filigrana la mia immagine - HelpMyIMG",0,true,29
21,https://helpmyimg.com/no/fjern-bakgrunn/,✂️ Fjern Bakgrunn - HelpMyIMG,text/html; charset=utf-8,false,200,0,false,"og:description
og:title","Kombiner, del, komprimer, konverter og bearbeid bilder direkte i nettleseren din. 100 % offline via WebAssembly. Gratis, ubegrenset og svært sikker.
✂️ Fjern Bakgrunn - HelpMyIMG",0,true,29
21,https://helpmyimg.com/de/magic-brush/,Manueller Pinsel - HelpMyIMG,text/html; charset=utf-8,false,200,0,false,"og:description
og:title","Kombinieren, teilen, komprimieren, konvertieren und verarbeiten Sie Fotos direkt in Ihrem Browser. 100 % offline über WebAssembly. Kostenlos, unbegrenzt und äußerst sicher.
Manueller Pinsel - HelpMyIMG",0,true,29
21,https://helpmyimg.com/tl/resize-image-for-instagram/,I-resize para sa Instagram - HelpMyIMG,text/html; charset=utf-8,false,200,0,false,"og:description
og:title","Pagsamahin, hatiin, i-compress, i-convert, at iproseso ang mga larawan nang direkta sa iyong browser. 100% offline sa pamamagitan ng WebAssembly. Libre, walang limitasyon, at lubos na secure.
I-resize para sa Instagram - HelpMyIMG",0,true,29
21,https://helpmyimg.com/pt/seletor-de-cores/,Estúdio Fotográfico Profissional Tudo-em-Um - HelpMyIMG,text/html; charset=utf-8,false,200,0,false,"og:description
og:title","Combine, divida, compacte, converta e processe fotos diretamente no seu navegador. 100% off-line via WebAssembly. Gratuito, ilimitado e altamente seguro.
Estúdio Fotográfico Profissional Tudo-em-Um - HelpMyIMG",0,true,29
21,https://helpmyimg.com/es/marca-de-agua/,©️ Marca de agua en mi imagen - HelpMyIMG,text/html; charset=utf-8,false,200,0,false,"og:description
og:title","Combine, divida, comprima, convierta y procese fotografías directamente en su navegador. 100% sin conexión a través de WebAssembly. Gratis, ilimitado y muy seguro.
©️ Marca de agua en mi imagen - HelpMyIMG",0,true,29
21,https://helpmyimg.com/da/roter-billede/,Professionelt fotostudie og bulk-værktøjssæt - HelpMyIMG,text/html; charset=utf-8,false,200,0,false,"og:description
og:title","Kombiner, opdel, komprimer, konverter og bearbejd billeder direkte i din browser. 100 % offline via WebAssembly. Gratis, ubegrænset og meget sikker.
Professionelt fotostudie og bulk-værktøjssæt - HelpMyIMG",0,true,29
21,https://helpmyimg.com/hu/kep-tomorites-50kb/,Kép tömörítése 50 KB-ra – Intelligens WebGPU-tömörítés - HelpMyIMG,text/html; charset=utf-8,false,200,0,false,"og:description
og:title","Kombinálja, osztja fel, tömörítse, konvertálja és dolgozza fel a fényképeket közvetlenül a böngészőben. 100%-ban offline a WebAssembly segítségével. Ingyenes, korlátlan és rendkívül biztonságos.
Kép tömörítése 50 KB-ra – Intelligens WebGPU-tömörítés - HelpMyIMG",0,true,29
21,https://helpmyimg.com/pl/kompresja-obrazu-50kb/,Kompresuj obraz do 50 KB — inteligentna kompresja WebGPU - HelpMyIMG,text/html; charset=utf-8,false,200,0,false,"og:description
og:title","Łącz, dziel, kompresuj, konwertuj i przetwarzaj zdjęcia bezpośrednio w przeglądarce. 100% offline poprzez WebAssembly. Bezpłatny, nieograniczony i wysoce bezpieczny.
Kompresuj obraz do 50 KB — inteligentna kompresja WebGPU - HelpMyIMG",0,true,29
21,https://helpmyimg.com/ko/200kb/,이미지를 200KB로 압축 - 고품질 감속기 - HelpMyIMG,text/html; charset=utf-8,false,200,0,false,"og:description
og:title","브라우저에서 직접 사진을 결합, 분할, 압축, 변환 및 처리합니다. WebAssembly를 통해 100% 오프라인. 무료이며 무제한이며 매우 안전합니다.
이미지를 200KB로 압축 - 고품질 감속기 - HelpMyIMG",0,true,29
21,https://helpmyimg.com/zh/yasuo-tupian/,压缩 图片 to 200KB 免费 - HelpMyIMG,text/html; charset=utf-8,false,200,0,false,"og:description
og:title","直接在浏览器中组合、分割、压缩、转换和处理照片。通过 WebAssembly 100% 离线。免费、无限制且高度安全。
压缩 图片 to 200KB 免费 - HelpMyIMG",0,true,29
21,https://helpmyimg.com/pt/remover-pessoa-da-foto/,Remover pessoa da foto - Photobomb Eraser grátis - HelpMyIMG,text/html; charset=utf-8,false,200,0,false,"og:description
og:title","Combine, divida, compacte, converta e processe fotos diretamente no seu navegador. 100% off-line via WebAssembly. Gratuito, ilimitado e altamente seguro.
Remover pessoa da foto - Photobomb Eraser grátis - HelpMyIMG",0,true,29
21,https://helpmyimg.com/ro/fotografii-cu-filigran-n-lot/,Fotografii cu filigran în lot - Adăugător de logo în vrac - HelpMyIMG,text/html; charset=utf-8,false,200,0,false,"og:description
og:title","Combinați, împărțiți, comprimați, convertiți și procesați fotografiile direct în browser. 100% offline prin WebAssembly. Gratuit, nelimitat și foarte sigur.
Fotografii cu filigran în lot - Adăugător de logo în vrac - HelpMyIMG",0,true,29
21,https://helpmyimg.com/hu/ktegelt-vzjel-fotk/,Batch Watermark Photos - Tömeges Logo Adder - HelpMyIMG,text/html; charset=utf-8,false,200,0,false,"og:description
og:title","Kombinálja, osztja fel, tömörítse, konvertálja és dolgozza fel a fényképeket közvetlenül a böngészőben. 100%-ban offline a WebAssembly segítségével. Ingyenes, korlátlan és rendkívül biztonságos.
Batch Watermark Photos - Tömeges Logo Adder - HelpMyIMG",0,true,29
21,https://helpmyimg.com/fr/changer-fond/,Changeur de couleur de fond de photo de passeport biométrique en ligne - HelpMyIMG,text/html; charset=utf-8,false,200,0,false,"og:description
og:title","Combinez, divisez, compressez, convertissez et traitez des photos directement dans votre navigateur. 100% hors ligne via WebAssembly. Gratuit, illimité et hautement sécurisé.
Changeur de couleur de fond de photo de passeport biométrique en ligne - HelpMyIMG",0,true,29
21,https://helpmyimg.com/de/gesicht-verwischen/,Professionelles All-in-One Fotostudio & Toolkit - HelpMyIMG,text/html; charset=utf-8,false,200,0,false,"og:description
og:title","Kombinieren, teilen, komprimieren, konvertieren und verarbeiten Sie Fotos direkt in Ihrem Browser. 100 % offline über WebAssembly. Kostenlos, unbegrenzt und äußerst sicher.
Professionelles All-in-One Fotostudio & Toolkit - HelpMyIMG",0,true,29
21,https://helpmyimg.com/uk/rozshyrenyy-redaktor/,Професійна фотостудія та набір інструментів - HelpMyIMG,text/html; charset=utf-8,false,200,0,false,"og:description
og:title","Комбінуйте, розділяйте, стискайте, конвертуйте та обробляйте фотографії безпосередньо у вашому браузері. 100% офлайн через WebAssembly. Безкоштовний, необмежений і дуже безпечний.
Професійна фотостудія та набір інструментів - HelpMyIMG",0,true,29
21,https://helpmyimg.com/ro/rotire-imagine/,Studio foto profesional și set de instrumente în vrac - HelpMyIMG,text/html; charset=utf-8,false,200,0,false,"og:description
og:title","Combinați, împărțiți, comprimați, convertiți și procesați fotografiile direct în browser. 100% offline prin WebAssembly. Gratuit, nelimitat și foarte sigur.
Studio foto profesional și set de instrumente în vrac - HelpMyIMG",0,true,29
21,https://helpmyimg.com/cs/zmnit-pozad-fotografie-na-bl/,Změnit fotografické pozadí na bílé – připraveno pro Amazon a elektronický obchod - HelpMyIMG,text/html; charset=utf-8,false,200,0,false,"og:description
og:title","Kombinujte, rozdělujte, komprimujte, převádějte a zpracovávajte fotografie přímo ve vašem prohlížeči.100% offline přes WebAssembly.Zdarma, neomezené a vysoce bezpečné.
Změnit fotografické pozadí na bílé – připraveno pro Amazon a elektronický obchod - HelpMyIMG",0,true,29
21,https://helpmyimg.com/hu/magic-brush/,Kézi Ecset - HelpMyIMG,text/html; charset=utf-8,false,200,0,false,"og:description
og:title","Kombinálja, osztja fel, tömörítse, konvertálja és dolgozza fel a fényképeket közvetlenül a böngészőben. 100%-ban offline a WebAssembly segítségével. Ingyenes, korlátlan és rendkívül biztonságos.
Kézi Ecset - HelpMyIMG",0,true,29
21,https://helpmyimg.com/en/image-color-picker/,Professional Photo Studio & Bulk Toolkit - HelpMyIMG,text/html; charset=utf-8,false,200,0,false,"og:description
og:title","Combine, split, compress, convert, and process photos directly in your browser. 100% offline via WebAssembly. Free, unlimited, and highly secure.
Professional Photo Studio & Bulk Toolkit - HelpMyIMG",0,true,58
21,https://helpmyimg.com/uk/vydalyty-tlo/,✂️ Видалити Фон - HelpMyIMG,text/html; charset=utf-8,false,200,0,false,"og:description
og:title","Комбінуйте, розділяйте, стискайте, конвертуйте та обробляйте фотографії безпосередньо у вашому браузері. 100% офлайн через WebAssembly. Безкоштовний, необмежений і дуже безпечний.
✂️ Видалити Фон - HelpMyIMG",0,true,29
21,https://helpmyimg.com/pl/wsadowe-zdjcia-ze-znakiem-wodnym/,Zdjęcia wsadowe ze znakiem wodnym — zbiorczy dodatek do logo - HelpMyIMG,text/html; charset=utf-8,false,200,0,false,"og:description
og:title","Łącz, dziel, kompresuj, konwertuj i przetwarzaj zdjęcia bezpośrednio w przeglądarce. 100% offline poprzez WebAssembly. Bezpłatny, nieograniczony i wysoce bezpieczny.
Zdjęcia wsadowe ze znakiem wodnym — zbiorczy dodatek do logo - HelpMyIMG",0,true,29
21,https://helpmyimg.com/en/resize-image-for-instagram/,Resize Image for Instagram Online - No Cropping Required - HelpMyIMG,text/html; charset=utf-8,false,200,0,false,"og:description
og:title","Combine, split, compress, convert, and process photos directly in your browser. 100% offline via WebAssembly. Free, unlimited, and highly secure.
Resize Image for Instagram Online - No Cropping Required - HelpMyIMG",0,true,58
21,https://helpmyimg.com/ms/pemilih-warna/,Studio Foto Profesional & Kit Alat Pukal - HelpMyIMG,text/html; charset=utf-8,false,200,0,false,"og:description
og:title","Gabungkan, belah, mampatkan, tukar dan proses foto terus dalam penyemak imbas anda. 100% di luar talian melalui WebAssembly. Percuma, tidak terhad dan sangat selamat.
Studio Foto Profesional & Kit Alat Pukal - HelpMyIMG",0,true,29
21,https://helpmyimg.com/id/kompres-foto-50kb/,Compress Image to 50KB - Smart WebGPU Compression - HelpMyIMG,text/html; charset=utf-8,false,200,0,false,"og:description
og:title","Gabungkan, pisahkan, kompres, konversi, dan proses foto langsung di browser Anda. 100% offline melalui WebAssembly. Gratis, tidak terbatas, dan sangat aman.
Compress Image to 50KB - Smart WebGPU Compression - HelpMyIMG",0,true,29
21,https://helpmyimg.com/ro/comprimare-imagine-100kb/,Comprimați imaginea la 100KB online gratuit - rapid și privat - HelpMyIMG,text/html; charset=utf-8,false,200,0,false,"og:description
og:title","Combinați, împărțiți, comprimați, convertiți și procesați fotografiile direct în browser. 100% offline prin WebAssembly. Gratuit, nelimitat și foarte sigur.
Comprimați imaginea la 100KB online gratuit - rapid și privat - HelpMyIMG",0,true,29
21,https://helpmyimg.com/ms/ubah-saiz-imej/,Ubah Saiz Imej to 4x6 Percuma - HelpMyIMG,text/html; charset=utf-8,false,200,0,false,"og:description
og:title","Gabungkan, belah, mampatkan, tukar dan proses foto terus dalam penyemak imbas anda. 100% di luar talian melalui WebAssembly. Percuma, tidak terhad dan sangat selamat.
Ubah Saiz Imej to 4x6 Percuma - HelpMyIMG",0,true,29
21,https://helpmyimg.com/es/eliminar-el-fondo-del-logo/,Eliminar fondo del logotipo gratis - Creador de PNG transparente - HelpMyIMG,text/html; charset=utf-8,false,200,0,false,"og:description
og:title","Combine, divida, comprima, convierta y procese fotografías directamente en su navegador. 100% sin conexión a través de WebAssembly. Gratis, ilimitado y muy seguro.
Eliminar fondo del logotipo gratis - Creador de PNG transparente - HelpMyIMG",0,true,29
21,https://helpmyimg.com/fi/poista-tausta-logosta/,Poista tausta Logo Free - Transparent PNG Maker - HelpMyIMG,text/html; charset=utf-8,false,200,0,false,"og:description
og:title","Yhdistä, jaa, pakkaa, muunna ja käsittele valokuvia suoraan selaimessasi. 100 % offline-tilassa WebAssemblyn kautta. Ilmainen, rajoittamaton ja erittäin turvallinen.
Poista tausta Logo Free - Transparent PNG Maker - HelpMyIMG",0,true,29
21,https://helpmyimg.com/es/comprimir-imagen-a-50kb/,Comprimir imagen a 50 KB: compresión WebGPU inteligente - HelpMyIMG,text/html; charset=utf-8,false,200,0,false,"og:description
og:title","Combine, divida, comprima, convierta y procese fotografías directamente en su navegador. 100% sin conexión a través de WebAssembly. Gratis, ilimitado y muy seguro.
Comprimir imagen a 50 KB: compresión WebGPU inteligente - HelpMyIMG",0,true,29
21,https://helpmyimg.com/zh/caijian-tupian/,专业级一站式批量图像处理与摄影工作室 - HelpMyIMG,text/html; charset=utf-8,false,200,0,false,"og:description
og:title","直接在浏览器中组合、分割、压缩、转换和处理照片。通过 WebAssembly 100% 离线。免费、无限制且高度安全。
专业级一站式批量图像处理与摄影工作室 - HelpMyIMG",0,true,29
21,https://helpmyimg.com/es/cambiar-el-fondo-de-la-foto-a-blanco/,Cambie el fondo de la foto a blanco: listo para Amazon y comercio electrónico - HelpMyIMG,text/html; charset=utf-8,false,200,0,false,"og:description
og:title","Combine, divida, comprima, convierta y procese fotografías directamente en su navegador. 100% sin conexión a través de WebAssembly. Gratis, ilimitado y muy seguro.
Cambie el fondo de la foto a blanco: listo para Amazon y comercio electrónico - HelpMyIMG",0,true,29
21,https://helpmyimg.com/hi/image-compress-50kb/,छवि को 50KB तक संपीड़ित करें - स्मार्ट वेबजीपीयू संपीड़न - HelpMyIMG,text/html; charset=utf-8,false,200,0,false,"og:description
og:title","फ़ोटो को सीधे अपने ब्राउज़र में संयोजित करें, विभाजित करें, संपीड़ित करें, रूपांतरित करें और संसाधित करें। WebAssembly के माध्यम से 100% ऑफ़लाइन। मुफ़्त, असीमित और अत्यधिक सुरक्षित।
छवि को 50KB तक संपीड़ित करें - स्मार्ट वेबजीपीयू संपीड़न - HelpMyIMG",0,true,29
21,https://helpmyimg.com/no/endre-strrelsen-p-bildet-til-passstrrelsen/,Endre størrelse på bilde til passstørrelse - Visum- og ID-maker - HelpMyIMG,text/html; charset=utf-8,false,200,0,false,"og:description
og:title","Kombiner, del, komprimer, konverter og bearbeid bilder direkte i nettleseren din. 100 % offline via WebAssembly. Gratis, ubegrenset og svært sikker.
Endre størrelse på bilde til passstørrelse - Visum- og ID-maker - HelpMyIMG",0,true,29
21,https://helpmyimg.com/uk/rozmyty-oblychchya/,Професійна фотостудія та набір інструментів - HelpMyIMG,text/html; charset=utf-8,false,200,0,false,"og:description
og:title","Комбінуйте, розділяйте, стискайте, конвертуйте та обробляйте фотографії безпосередньо у вашому браузері. 100% офлайн через WebAssembly. Безкоштовний, необмежений і дуже безпечний.
Професійна фотостудія та набір інструментів - HelpMyIMG",0,true,29
21,https://helpmyimg.com/ko/woteomakeu/,©️ 내 이미지 워터마크 - HelpMyIMG,text/html; charset=utf-8,false,200,0,false,"og:description
og:title","브라우저에서 직접 사진을 결합, 분할, 압축, 변환 및 처리합니다. WebAssembly를 통해 100% 오프라인. 무료이며 무제한이며 매우 안전합니다.
©️ 내 이미지 워터마크 - HelpMyIMG",0,true,29
21,https://helpmyimg.com/fi/kehittynyt-editori/,Ammattimainen valokuvastudio ja joukkotyökalupakki - HelpMyIMG,text/html; charset=utf-8,false,200,0,false,"og:description
og:title","Yhdistä, jaa, pakkaa, muunna ja käsittele valokuvia suoraan selaimessasi. 100 % offline-tilassa WebAssemblyn kautta. Ilmainen, rajoittamaton ja erittäin turvallinen.
Ammattimainen valokuvastudio ja joukkotyökalupakki - HelpMyIMG",0,true,29
21,https://helpmyimg.com/ro/editor-avansat/,Studio foto profesional și set de instrumente în vrac - HelpMyIMG,text/html; charset=utf-8,false,200,0,false,"og:description
og:title","Combinați, împărțiți, comprimați, convertiți și procesați fotografiile direct în browser. 100% offline prin WebAssembly. Gratuit, nelimitat și foarte sigur.
Studio foto profesional și set de instrumente în vrac - HelpMyIMG",0,true,29
21,https://helpmyimg.com/ru/change-photo-background-to-white/,Изменение фона фотографии на белый — поддержка Amazon и электронной коммерции - HelpMyIMG,text/html; charset=utf-8,false,200,0,false,"og:description
og:title","Объединяйте, разделяйте, сжимайте, конвертируйте и обрабатывайте фотографии прямо в браузере. 100% автономный режим через WebAssembly. Бесплатно, безлимитно и очень безопасно.
Изменение фона фотографии на белый — поддержка Amazon и электронной коммерции - HelpMyIMG",0,true,29
21,https://helpmyimg.com/en/convert-webp-to-jpg/,Convert WEBP to JPG Free - Image Converter - HelpMyIMG,text/html; charset=utf-8,false,200,0,false,"og:description
og:title","Combine, split, compress, convert, and process photos directly in your browser. 100% offline via WebAssembly. Free, unlimited, and highly secure.
Convert WEBP to JPG Free - Image Converter - HelpMyIMG",0,true,58
21,https://helpmyimg.com/vi/doi-nen/,Sinh trắc học Ảnh hộ chiếu Đổi màu nền trực tuyến - HelpMyIMG,text/html; charset=utf-8,false,200,0,false,"og:description
og:title","Kết hợp, tách, nén, chuyển đổi và xử lý ảnh trực tiếp trong trình duyệt của bạn. Ngoại tuyến 100% qua WebAssugging. Miễn phí, không giới hạn và có tính bảo mật cao.
Sinh trắc học Ảnh hộ chiếu Đổi màu nền trực tuyến - HelpMyIMG",0,true,29
21,https://helpmyimg.com/tl/watermark/,©️ Watermark Aking Larawan - HelpMyIMG,text/html; charset=utf-8,false,200,0,false,"og:description
og:title","Pagsamahin, hatiin, i-compress, i-convert, at iproseso ang mga larawan nang direkta sa iyong browser. 100% offline sa pamamagitan ng WebAssembly. Libre, walang limitasyon, at lubos na secure.
©️ Watermark Aking Larawan - HelpMyIMG",0,true,29
21,https://helpmyimg.com/ar/200/,ضغط الصورة إلى 200 كيلو بايت - مخفض الجودة العالية - HelpMyIMG,text/html; charset=utf-8,false,200,0,false,"og:description
og:title","قم بدمج الصور وتقسيمها وضغطها وتحويلها ومعالجتها مباشرة في متصفحك.غير متصل بالإنترنت بنسبة 100% عبر WebAssembly.مجاني وغير محدود وآمن للغاية.
ضغط الصورة إلى 200 كيلو بايت - مخفض الجودة العالية - HelpMyIMG",0,true,29
21,https://helpmyimg.com/hi/200kb/,छवि को 200KB तक संपीड़ित करें - उच्च गुणवत्ता वाला रेड्यूसर - HelpMyIMG,text/html; charset=utf-8,false,200,0,false,"og:description
og:title","फ़ोटो को सीधे अपने ब्राउज़र में संयोजित करें, विभाजित करें, संपीड़ित करें, रूपांतरित करें और संसाधित करें। WebAssembly के माध्यम से 100% ऑफ़लाइन। मुफ़्त, असीमित और अत्यधिक सुरक्षित।
छवि को 200KB तक संपीड़ित करें - उच्च गुणवत्ता वाला रेड्यूसर - HelpMyIMG",0,true,29
21,https://helpmyimg.com/th/bip-ad-rup-phap-100kb/,บีบอัดรูปภาพเป็น 100KB ออนไลน์ฟรี - รวดเร็วและเป็นส่วนตัว - HelpMyIMG,text/html; charset=utf-8,false,200,0,false,"og:description
og:title","รวม แยก บีบอัด แปลง และประมวลผลรูปภาพได้โดยตรงในเบราว์เซอร์ของคุณ ออฟไลน์ 100% ผ่าน WebAssembly ฟรี ไม่จำกัด และมีความปลอดภัยสูง
บีบอัดรูปภาพเป็น 100KB ออนไลน์ฟรี - รวดเร็วและเป็นส่วนตัว - HelpMyIMG",0,true,29
21,https://helpmyimg.com/id/ubah-background-foto-menjadi-putih/,Ubah Latar Belakang Foto menjadi Putih - Amazon & E-commerce Siap - HelpMyIMG,text/html; charset=utf-8,false,200,0,false,"og:description
og:title","Gabungkan, pisahkan, kompres, konversi, dan proses foto langsung di browser Anda. 100% offline melalui WebAssembly. Gratis, tidak terbatas, dan sangat aman.
Ubah Latar Belakang Foto menjadi Putih - Amazon & E-commerce Siap - HelpMyIMG",0,true,29
21,https://helpmyimg.com/no/sladd-ansikt/,Profesjonelt fotostudio og bulkverktøysett - HelpMyIMG,text/html; charset=utf-8,false,200,0,false,"og:description
og:title","Kombiner, del, komprimer, konverter og bearbeid bilder direkte i nettleseren din. 100 % offline via WebAssembly. Gratis, ubegrenset og svært sikker.
Profesjonelt fotostudio og bulkverktøysett - HelpMyIMG",0,true,29
21,https://helpmyimg.com/he/shinui-reka/,מחלף צבעי רקע של תמונת דרכון ביומטרי באינטרנט - HelpMyIMG,text/html; charset=utf-8,false,200,0,false,"og:description
og:title","שלב, פצל, דחס, המר ועבד תמונות ישירות בדפדפן שלך. 100% לא מקוון באמצעות WebAssembly. חינם, ללא הגבלה, ומאובטח מאוד.
מחלף צבעי רקע של תמונת דרכון ביומטרי באינטרנט - HelpMyIMG",0,true,29
21,https://helpmyimg.com/pt/comprimir-imagem-para-200kb/,Compactar imagem para 200 KB - Redutor de alta qualidade - HelpMyIMG,text/html; charset=utf-8,false,200,0,false,"og:description
og:title","Combine, divida, compacte, converta e processe fotos diretamente no seu navegador. 100% off-line via WebAssembly. Gratuito, ilimitado e altamente seguro.
Compactar imagem para 200 KB - Redutor de alta qualidade - HelpMyIMG",0,true,29
21,https://helpmyimg.com/no/beskjaer-bilde/,Profesjonelt fotostudio og bulkverktøysett - HelpMyIMG,text/html; charset=utf-8,false,200,0,false,"og:description
og:title","Kombiner, del, komprimer, konverter og bearbeid bilder direkte i nettleseren din. 100 % offline via WebAssembly. Gratis, ubegrenset og svært sikker.
Profesjonelt fotostudio og bulkverktøysett - HelpMyIMG",0,true,29
21,https://helpmyimg.com/sv/rotera-bild/,Professionell fotostudio & Bulk Toolkit - HelpMyIMG,text/html; charset=utf-8,false,200,0,false,"og:description
og:title","Kombinera, dela, komprimera, konvertera och bearbeta foton direkt i din webbläsare. 100 % offline via WebAssembly. Gratis, obegränsad och mycket säker.
Professionell fotostudio & Bulk Toolkit - HelpMyIMG",0,true,29
21,https://helpmyimg.com/th/plian-phun-lang/,เปลี่ยนสีพื้นหลังภาพถ่ายหนังสือเดินทางไบโอเมตริกซ์ออนไลน์ - HelpMyIMG,text/html; charset=utf-8,false,200,0,false,"og:description
og:title","รวม แยก บีบอัด แปลง และประมวลผลรูปภาพได้โดยตรงในเบราว์เซอร์ของคุณ ออฟไลน์ 100% ผ่าน WebAssembly ฟรี ไม่จำกัด และมีความปลอดภัยสูง
เปลี่ยนสีพื้นหลังภาพถ่ายหนังสือเดินทางไบโอเมตริกซ์ออนไลน์ - HelpMyIMG",0,true,29
21,https://helpmyimg.com/nl/afbeelding-comprimeren/,Comprimeren Afbeelding to 200KB Gratis - HelpMyIMG,text/html; charset=utf-8,false,200,0,false,"og:description
og:title","Combineer, splits, comprimeer, converteer en verwerk foto's rechtstreeks in uw browser. 100% offline via WebAssembly. Gratis, onbeperkt en zeer veilig.
Comprimeren Afbeelding to 200KB Gratis - HelpMyIMG",0,true,29
21,https://helpmyimg.com/vi/chuyn-webp-sang-jpg/,Chuyển đổi WEBP sang JPG miễn phí - Chuyển đổi hình ảnh - HelpMyIMG,text/html; charset=utf-8,false,200,0,false,"og:description
og:title","Kết hợp, tách, nén, chuyển đổi và xử lý ảnh trực tiếp trong trình duyệt của bạn. Ngoại tuyến 100% qua WebAssugging. Miễn phí, không giới hạn và có tính bảo mật cao.
Chuyển đổi WEBP sang JPG miễn phí - Chuyển đổi hình ảnh - HelpMyIMG",0,true,29
21,https://helpmyimg.com/it/ridimensionare-la-foto-in-formato-tessera/,Ridimensiona la foto alle dimensioni del passaporto - Visa & ID Maker - HelpMyIMG,text/html; charset=utf-8,false,200,0,false,"og:description
og:title","Combina, dividi, comprimi, converti ed elabora le foto direttamente nel tuo browser. 100% offline tramite WebAssembly. Gratuito, illimitato e altamente sicuro.
Ridimensiona la foto alle dimensioni del passaporto - Visa & ID Maker - HelpMyIMG",0,true,29
21,https://helpmyimg.com/ms/tukar-latar-belakang/,Penukar Warna Latar Belakang Foto Pasport Biometrik Dalam Talian - HelpMyIMG,text/html; charset=utf-8,false,200,0,false,"og:description
og:title","Gabungkan, belah, mampatkan, tukar dan proses foto terus dalam penyemak imbas anda. 100% di luar talian melalui WebAssembly. Percuma, tidak terhad dan sangat selamat.
Penukar Warna Latar Belakang Foto Pasport Biometrik Dalam Talian - HelpMyIMG",0,true,29
21,https://helpmyimg.com/id/mengubah-ukuran-foto-menjadi-ukuran-paspor/,Ubah Ukuran Foto menjadi Ukuran Paspor - Pembuat Visa & ID - HelpMyIMG,text/html; charset=utf-8,false,200,0,false,"og:description
og:title","Gabungkan, pisahkan, kompres, konversi, dan proses foto langsung di browser Anda. 100% offline melalui WebAssembly. Gratis, tidak terbatas, dan sangat aman.
Ubah Ukuran Foto menjadi Ukuran Paspor - Pembuat Visa & ID - HelpMyIMG",0,true,29
21,https://helpmyimg.com/es/cambiar-el-tamao-de-la-foto-al-tamao-pasaporte/,Cambiar el tamaño de la foto al tamaño de pasaporte - Visa & ID Maker - HelpMyIMG,text/html; charset=utf-8,false,200,0,false,"og:description
og:title","Combine, divida, comprima, convierta y procese fotografías directamente en su navegador. 100% sin conexión a través de WebAssembly. Gratis, ilimitado y muy seguro.
Cambiar el tamaño de la foto al tamaño de pasaporte - Visa & ID Maker - HelpMyIMG",0,true,29
21,https://helpmyimg.com/no/fjern-person-fra-bildet/,Fjern person fra bilde - Gratis Photobomb Eraser - HelpMyIMG,text/html; charset=utf-8,false,200,0,false,"og:description
og:title","Kombiner, del, komprimer, konverter og bearbeid bilder direkte i nettleseren din. 100 % offline via WebAssembly. Gratis, ubegrenset og svært sikker.
Fjern person fra bilde - Gratis Photobomb Eraser - HelpMyIMG",0,true,29
21,https://helpmyimg.com/no/komprimere-bildet-til-200kb/,Komprimer bildet til 200KB - Høykvalitetsreduksjon - HelpMyIMG,text/html; charset=utf-8,false,200,0,false,"og:description
og:title","Kombiner, del, komprimer, konverter og bearbeid bilder direkte i nettleseren din. 100 % offline via WebAssembly. Gratis, ubegrenset og svært sikker.
Komprimer bildet til 200KB - Høykvalitetsreduksjon - HelpMyIMG",0,true,29
21,https://helpmyimg.com/ko/blur-license-plate/,온라인으로 번호판 흐리게 처리 - 자동 개인정보 보호 센서 - HelpMyIMG,text/html; charset=utf-8,false,200,0,false,"og:description
og:title","브라우저에서 직접 사진을 결합, 분할, 압축, 변환 및 처리합니다. WebAssembly를 통해 100% 오프라인. 무료이며 무제한이며 매우 안전합니다.
온라인으로 번호판 흐리게 처리 - 자동 개인정보 보호 센서 - HelpMyIMG",0,true,29
21,https://helpmyimg.com/vi/nn-nh-xung-200kb/,Nén hình ảnh xuống 200KB - Giảm chất lượng cao - HelpMyIMG,text/html; charset=utf-8,false,200,0,false,"og:description
og:title","Kết hợp, tách, nén, chuyển đổi và xử lý ảnh trực tiếp trong trình duyệt của bạn. Ngoại tuyến 100% qua WebAssugging. Miễn phí, không giới hạn và có tính bảo mật cao.
Nén hình ảnh xuống 200KB - Giảm chất lượng cao - HelpMyIMG",0,true,29
21,https://helpmyimg.com/no/konverter-webp-til-jpg/,Konverter WEBP til JPG Free - Image Converter - HelpMyIMG,text/html; charset=utf-8,false,200,0,false,"og:description
og:title","Kombiner, del, komprimer, konverter og bearbeid bilder direkte i nettleseren din. 100 % offline via WebAssembly. Gratis, ubegrenset og svært sikker.
Konverter WEBP til JPG Free - Image Converter - HelpMyIMG",0,true,29
21,https://helpmyimg.com/vi/doi-kich-thuoc-instagram/,Thay đổi kích thước hình ảnh cho Instagram trực tuyến - Không cần cắt xén - HelpMyIMG,text/html; charset=utf-8,false,200,0,false,"og:description
og:title","Kết hợp, tách, nén, chuyển đổi và xử lý ảnh trực tiếp trong trình duyệt của bạn. Ngoại tuyến 100% qua WebAssugging. Miễn phí, không giới hạn và có tính bảo mật cao.
Thay đổi kích thước hình ảnh cho Instagram trực tuyến - Không cần cắt xén - HelpMyIMG",0,true,29
21,https://helpmyimg.com/ja/resize-photo-to-passport-size/,写真のサイズをパスポートサイズに変更 - ビザとIDメーカー - HelpMyIMG,text/html; charset=utf-8,false,200,0,false,"og:description
og:title","ブラウザ内で写真を直接結合、分割、圧縮、変換、処理できます。 WebAssembly 経由で 100% オフライン。無料、無制限、そして非常に安全です。
写真のサイズをパスポートサイズに変更 - ビザとIDメーカー - HelpMyIMG",0,true,29
21,https://helpmyimg.com/es/eliminar-persona-de-la-foto/,Eliminar persona de la foto - Borrador de Photobomb gratuito - HelpMyIMG,text/html; charset=utf-8,false,200,0,false,"og:description
og:title","Combine, divida, comprima, convierta y procese fotografías directamente en su navegador. 100% sin conexión a través de WebAssembly. Gratis, ilimitado y muy seguro.
Eliminar persona de la foto - Borrador de Photobomb gratuito - HelpMyIMG",0,true,29
21,https://helpmyimg.com/da/ndre-strrelsen-p-billedet-til-passtrrelsen/,Ændr størrelsen på billedet til passtørrelsen - Visa & ID Maker - HelpMyIMG,text/html; charset=utf-8,false,200,0,false,"og:description
og:title","Kombiner, opdel, komprimer, konverter og bearbejd billeder direkte i din browser. 100 % offline via WebAssembly. Gratis, ubegrænset og meget sikker.
Ændr størrelsen på billedet til passtørrelsen - Visa & ID Maker - HelpMyIMG",0,true,29
21,https://helpmyimg.com/tr/resim-sikistir/,Sıkıştır Resim to 200KB Ücretsiz - HelpMyIMG,text/html; charset=utf-8,false,200,0,false,"og:description
og:title","Fotoğrafları doğrudan tarayıcınızda birleştirin, bölün, sıkıştırın, dönüştürün ve işleyin. WebAssembly aracılığıyla %100 çevrimdışı. Ücretsiz, sınırsız ve son derece güvenli.
Sıkıştır Resim to 200KB Ücretsiz - HelpMyIMG",0,true,29
21,https://helpmyimg.com/ro/schimbare-fundal/,Schimbator de culoare de fundal a fotografiilor de pașaport biometric online - HelpMyIMG,text/html; charset=utf-8,false,200,0,false,"og:description
og:title","Combinați, împărțiți, comprimați, convertiți și procesați fotografiile direct în browser. 100% offline prin WebAssembly. Gratuit, nelimitat și foarte sigur.
Schimbator de culoare de fundal a fotografiilor de pașaport biometric online - HelpMyIMG",0,true,29
21,https://helpmyimg.com/el/perikopi-eikonas/,Επαγγελματικό Photo Studio & Bulk Toolkit - HelpMyIMG,text/html; charset=utf-8,false,200,0,false,"og:description
og:title","Συνδυάστε, διαχωρίστε, συμπιέστε, μετατρέψτε και επεξεργαστείτε φωτογραφίες απευθείας στο πρόγραμμα περιήγησής σας. 100% εκτός σύνδεσης μέσω WebAssembly. Δωρεάν, απεριόριστη και εξαιρετικά ασφαλής.
Επαγγελματικό Photo Studio & Bulk Toolkit - HelpMyIMG",0,true,29
21,https://helpmyimg.com/fi/pakkaa-kuva/,Pakkaa Kuva to 200KB Ilmainen - HelpMyIMG,text/html; charset=utf-8,false,200,0,false,"og:description
og:title","Yhdistä, jaa, pakkaa, muunna ja käsittele valokuvia suoraan selaimessasi. 100 % offline-tilassa WebAssemblyn kautta. Ilmainen, rajoittamaton ja erittäin turvallinen.
Pakkaa Kuva to 200KB Ilmainen - HelpMyIMG",0,true,29
21,https://helpmyimg.com/nl/kentekenplaat-vervagen/,Kentekenplaat online vervagen - Automatische privacycensor - HelpMyIMG,text/html; charset=utf-8,false,200,0,false,"og:description
og:title","Combineer, splits, comprimeer, converteer en verwerk foto's rechtstreeks in uw browser. 100% offline via WebAssembly. Gratis, onbeperkt en zeer veilig.
Kentekenplaat online vervagen - Automatische privacycensor - HelpMyIMG",0,true,29
21,https://helpmyimg.com/no/uskarp-bilskilt/,Blur License Plate Online - Auto Privacy Censor - HelpMyIMG,text/html; charset=utf-8,false,200,0,false,"og:description
og:title","Kombiner, del, komprimer, konverter og bearbeid bilder direkte i nettleseren din. 100 % offline via WebAssembly. Gratis, ubegrenset og svært sikker.
Blur License Plate Online - Auto Privacy Censor - HelpMyIMG",0,true,29
21,https://helpmyimg.com/fi/muunna-kuva/,Muunna WEBP to JPG Ilmainen - HelpMyIMG,text/html; charset=utf-8,false,200,0,false,"og:description
og:title","Yhdistä, jaa, pakkaa, muunna ja käsittele valokuvia suoraan selaimessasi. 100 % offline-tilassa WebAssemblyn kautta. Ilmainen, rajoittamaton ja erittäin turvallinen.
Muunna WEBP to JPG Ilmainen - HelpMyIMG",0,true,29
21,https://helpmyimg.com/nl/afbeelding-comprimeren-50kb/,Comprimeer afbeelding tot 50 KB - Slimme WebGPU-compressie - HelpMyIMG,text/html; charset=utf-8,false,200,0,false,"og:description
og:title","Combineer, splits, comprimeer, converteer en verwerk foto's rechtstreeks in uw browser. 100% offline via WebAssembly. Gratis, onbeperkt en zeer veilig.
Comprimeer afbeelding tot 50 KB - Slimme WebGPU-compressie - HelpMyIMG",0,true,29
21,https://helpmyimg.com/pl/zmien-tlo/,Zmieniacz koloru tła zdjęcia paszportu biometrycznego online - HelpMyIMG,text/html; charset=utf-8,false,200,0,false,"og:description
og:title","Łącz, dziel, kompresuj, konwertuj i przetwarzaj zdjęcia bezpośrednio w przeglądarce. 100% offline poprzez WebAssembly. Bezpłatny, nieograniczony i wysoce bezpieczny.
Zmieniacz koloru tła zdjęcia paszportu biometrycznego online - HelpMyIMG",0,true,29
21,https://helpmyimg.com/cs/zmnit-velikost-fotografie-na-velikost-pasu/,Změna velikosti fotografie na velikost pasu – Visa & ID Maker - HelpMyIMG,text/html; charset=utf-8,false,200,0,false,"og:description
og:title","Kombinujte, rozdělujte, komprimujte, převádějte a zpracovávajte fotografie přímo ve vašem prohlížeči.100% offline přes WebAssembly.Zdarma, neomezené a vysoce bezpečné.
Změna velikosti fotografie na velikost pasu – Visa & ID Maker - HelpMyIMG",0,true,29
21,https://helpmyimg.com/tr/fotoraf-pasaport-boyutuna-gre-yeniden-boyutlandr/,Fotoğrafı Pasaport Boyutuna Yeniden Boyutlandır - Vize ve Kimlik Oluşturucu - HelpMyIMG,text/html; charset=utf-8,false,200,0,false,"og:description
og:title","Fotoğrafları doğrudan tarayıcınızda birleştirin, bölün, sıkıştırın, dönüştürün ve işleyin. WebAssembly aracılığıyla %100 çevrimdışı. Ücretsiz, sınırsız ve son derece güvenli.
Fotoğrafı Pasaport Boyutuna Yeniden Boyutlandır - Vize ve Kimlik Oluşturucu - HelpMyIMG",0,true,29
21,https://helpmyimg.com/pl/zmiana-rozmiaru/,Zmień rozmiar Obraz to 4x6 Za darmo - HelpMyIMG,text/html; charset=utf-8,false,200,0,false,"og:description
og:title","Łącz, dziel, kompresuj, konwertuj i przetwarzaj zdjęcia bezpośrednio w przeglądarce. 100% offline poprzez WebAssembly. Bezpłatny, nieograniczony i wysoce bezpieczny.
Zmień rozmiar Obraz to 4x6 Za darmo - HelpMyIMG",0,true,29
21,https://helpmyimg.com/en/compress-image-to-100kb/,Compress Image to 100KB Online Free - Fast & Private - HelpMyIMG,text/html; charset=utf-8,false,200,0,false,"og:description
og:title","Combine, split, compress, convert, and process photos directly in your browser. 100% offline via WebAssembly. Free, unlimited, and highly secure.
Compress Image to 100KB Online Free - Fast & Private - HelpMyIMG",0,true,58
21,https://helpmyimg.com/vi/xoay-anh/,Studio ảnh chuyên nghiệp & Bộ công cụ hàng loạt - HelpMyIMG,text/html; charset=utf-8,false,200,0,false,"og:description
og:title","Kết hợp, tách, nén, chuyển đổi và xử lý ảnh trực tiếp trong trình duyệt của bạn. Ngoại tuyến 100% qua WebAssugging. Miễn phí, không giới hạn và có tính bảo mật cao.
Studio ảnh chuyên nghiệp & Bộ công cụ hàng loạt - HelpMyIMG",0,true,29
21,https://helpmyimg.com/el/batch-watermark-photos/,Μαζικές φωτογραφίες υδατογραφήματος - Μαζική προσθήκη λογότυπων - HelpMyIMG,text/html; charset=utf-8,false,200,0,false,"og:description
og:title","Συνδυάστε, διαχωρίστε, συμπιέστε, μετατρέψτε και επεξεργαστείτε φωτογραφίες απευθείας στο πρόγραμμα περιήγησής σας. 100% εκτός σύνδεσης μέσω WebAssembly. Δωρεάν, απεριόριστη και εξαιρετικά ασφαλής.
Μαζικές φωτογραφίες υδατογραφήματος - Μαζική προσθήκη λογότυπων - HelpMyIMG",0,true,29
21,https://helpmyimg.com/ko/imiji-abchuk-100kb/,온라인에서 무료로 이미지를 100KB로 압축 - 빠르고 비공개 - HelpMyIMG,text/html; charset=utf-8,false,200,0,false,"og:description
og:title","브라우저에서 직접 사진을 결합, 분할, 압축, 변환 및 처리합니다. WebAssembly를 통해 100% 오프라인. 무료이며 무제한이며 매우 안전합니다.
온라인에서 무료로 이미지를 100KB로 압축 - 빠르고 비공개 - HelpMyIMG",0,true,29
21,https://helpmyimg.com/en/rotate-image/,Professional Photo Studio & Bulk Toolkit - HelpMyIMG,text/html; charset=utf-8,false,200,0,false,"og:description
og:title","Combine, split, compress, convert, and process photos directly in your browser. 100% offline via WebAssembly. Free, unlimited, and highly secure.
Professional Photo Studio & Bulk Toolkit - HelpMyIMG",0,true,58
21,https://helpmyimg.com/fr/compresser-image-100ko/,Compresser l'image à 100 Ko en ligne gratuitement - Rapide et privé - HelpMyIMG,text/html; charset=utf-8,false,200,0,false,"og:description
og:title","Combinez, divisez, compressez, convertissez et traitez des photos directement dans votre navigateur. 100% hors ligne via WebAssembly. Gratuit, illimité et hautement sécurisé.
Compresser l'image à 100 Ko en ligne gratuitement - Rapide et privé - HelpMyIMG",0,true,29
21,https://helpmyimg.com/vi/nen-anh/,Nén Hình ảnh to 200KB Miễn phí - HelpMyIMG,text/html; charset=utf-8,false,200,0,false,"og:description
og:title","Kết hợp, tách, nén, chuyển đổi và xử lý ảnh trực tiếp trong trình duyệt của bạn. Ngoại tuyến 100% qua WebAssugging. Miễn phí, không giới hạn và có tính bảo mật cao.
Nén Hình ảnh to 200KB Miễn phí - HelpMyIMG",0,true,29
21,https://helpmyimg.com/pl/zmie-rozmiar-zdjcia-na-rozmiar-paszportowy/,Zmień rozmiar zdjęcia na rozmiar paszportu - narzędzie do tworzenia wiz i dokumentów tożsamości - HelpMyIMG,text/html; charset=utf-8,false,200,0,false,"og:description
og:title","Łącz, dziel, kompresuj, konwertuj i przetwarzaj zdjęcia bezpośrednio w przeglądarce. 100% offline poprzez WebAssembly. Bezpłatny, nieograniczony i wysoce bezpieczny.
Zmień rozmiar zdjęcia na rozmiar paszportu - narzędzie do tworzenia wiz i dokumentów tożsamości - HelpMyIMG",0,true,29
21,https://helpmyimg.com/id/putar-gambar/,Studio Foto & Pengeditan Massal Profesional - HelpMyIMG,text/html; charset=utf-8,false,200,0,false,"og:description
og:title","Gabungkan, pisahkan, kompres, konversi, dan proses foto langsung di browser Anda. 100% offline melalui WebAssembly. Gratis, tidak terbatas, dan sangat aman.
Studio Foto & Pengeditan Massal Profesional - HelpMyIMG",0,true,29
21,https://helpmyimg.com/pl/rozmycie-twarzy/,Profesjonalne studio fotograficzne i zestaw narzędzi zbiorczych - HelpMyIMG,text/html; charset=utf-8,false,200,0,false,"og:description
og:title","Łącz, dziel, kompresuj, konwertuj i przetwarzaj zdjęcia bezpośrednio w przeglądarce. 100% offline poprzez WebAssembly. Bezpłatny, nieograniczony i wysoce bezpieczny.
Profesjonalne studio fotograficzne i zestaw narzędzi zbiorczych - HelpMyIMG",0,true,29
21,https://helpmyimg.com/ko/eolgul-beulleo/,전문가용 올인원 포토 스튜디오 & 대량 편집기 - HelpMyIMG,text/html; charset=utf-8,false,200,0,false,"og:description
og:title","브라우저에서 직접 사진을 결합, 분할, 압축, 변환 및 처리합니다. WebAssembly를 통해 100% 오프라인. 무료이며 무제한이며 매우 안전합니다.
전문가용 올인원 포토 스튜디오 & 대량 편집기 - HelpMyIMG",0,true,29
21,https://helpmyimg.com/uk/webp-jpg/,Безкоштовно конвертуйте WEBP у JPG - конвертер зображень - HelpMyIMG,text/html; charset=utf-8,false,200,0,false,"og:description
og:title","Комбінуйте, розділяйте, стискайте, конвертуйте та обробляйте фотографії безпосередньо у вашому браузері. 100% офлайн через WebAssembly. Безкоштовний, необмежений і дуже безпечний.
Безкоштовно конвертуйте WEBP у JPG - конвертер зображень - HelpMyIMG",0,true,29
21,https://helpmyimg.com/da/slre-nummerplade/,Sløring af nummerplade online - Auto Privacy Censor - HelpMyIMG,text/html; charset=utf-8,false,200,0,false,"og:description
og:title","Kombiner, opdel, komprimer, konverter og bearbejd billeder direkte i din browser. 100 % offline via WebAssembly. Gratis, ubegrænset og meget sikker.
Sløring af nummerplade online - Auto Privacy Censor - HelpMyIMG",0,true,29
21,https://helpmyimg.com/fr/convertir-image/,Convertir WEBP to JPG Gratuit - HelpMyIMG,text/html; charset=utf-8,false,200,0,false,"og:description
og:title","Combinez, divisez, compressez, convertissez et traitez des photos directement dans votre navigateur. 100% hors ligne via WebAssembly. Gratuit, illimité et hautement sécurisé.
Convertir WEBP to JPG Gratuit - HelpMyIMG",0,true,29
21,https://helpmyimg.com/el/allagi-megethous/,Αλλαγή μεγέθους Εικόνα to 4x6 Δωρεάν - HelpMyIMG,text/html; charset=utf-8,false,200,0,false,"og:description
og:title","Συνδυάστε, διαχωρίστε, συμπιέστε, μετατρέψτε και επεξεργαστείτε φωτογραφίες απευθείας στο πρόγραμμα περιήγησής σας. 100% εκτός σύνδεσης μέσω WebAssembly. Δωρεάν, απεριόριστη και εξαιρετικά ασφαλής.
Αλλαγή μεγέθους Εικόνα to 4x6 Δωρεάν - HelpMyIMG",0,true,29
21,https://helpmyimg.com/el/resize-photo-to-passport-size/,Αλλαγή μεγέθους φωτογραφίας σε μέγεθος διαβατηρίου - Visa & ID Maker - HelpMyIMG,text/html; charset=utf-8,false,200,0,false,"og:description
og:title","Συνδυάστε, διαχωρίστε, συμπιέστε, μετατρέψτε και επεξεργαστείτε φωτογραφίες απευθείας στο πρόγραμμα περιήγησής σας. 100% εκτός σύνδεσης μέσω WebAssembly. Δωρεάν, απεριόριστη και εξαιρετικά ασφαλής.
Αλλαγή μεγέθους φωτογραφίας σε μέγεθος διαβατηρίου - Visa & ID Maker - HelpMyIMG",0,true,29
21,https://helpmyimg.com/ru/szhat-izobrazhenie-50kb/,Сжатие изображения до 50 КБ — интеллектуальное сжатие WebGPU - HelpMyIMG,text/html; charset=utf-8,false,200,0,false,"og:description
og:title","Объединяйте, разделяйте, сжимайте, конвертируйте и обрабатывайте фотографии прямо в браузере. 100% автономный режим через WebAssembly. Бесплатно, безлимитно и очень безопасно.
Сжатие изображения до 50 КБ — интеллектуальное сжатие WebGPU - HelpMyIMG",0,true,29
21,https://helpmyimg.com/vi/xa-nn-khi-logo/,Xóa nền khỏi Logo miễn phí - Transparent PNG Maker - HelpMyIMG,text/html; charset=utf-8,false,200,0,false,"og:description
og:title","Kết hợp, tách, nén, chuyển đổi và xử lý ảnh trực tiếp trong trình duyệt của bạn. Ngoại tuyến 100% qua WebAssugging. Miễn phí, không giới hạn và có tính bảo mật cao.
Xóa nền khỏi Logo miễn phí - Transparent PNG Maker - HelpMyIMG",0,true,29
21,https://helpmyimg.com/he/shinui-godel/,שינוי גודל תמונה to 4x6 חינם - HelpMyIMG,text/html; charset=utf-8,false,200,0,false,"og:description
og:title","שלב, פצל, דחס, המר ועבד תמונות ישירות בדפדפן שלך. 100% לא מקוון באמצעות WebAssembly. חינם, ללא הגבלה, ומאובטח מאוד.
שינוי גודל תמונה to 4x6 חינם - HelpMyIMG",0,true,29
21,https://helpmyimg.com/pl/zamazana-tablica-rejestracyjna/,Zamazanie tablicy rejestracyjnej online — automatyczna cenzura prywatności - HelpMyIMG,text/html; charset=utf-8,false,200,0,false,"og:description
og:title","Łącz, dziel, kompresuj, konwertuj i przetwarzaj zdjęcia bezpośrednio w przeglądarce. 100% offline poprzez WebAssembly. Bezpłatny, nieograniczony i wysoce bezpieczny.
Zamazanie tablicy rejestracyjnej online — automatyczna cenzura prywatności - HelpMyIMG",0,true,29
21,https://helpmyimg.com/th/magic-brush/,แปรงแมนนวล - HelpMyIMG,text/html; charset=utf-8,false,200,0,false,"og:description
og:title","รวม แยก บีบอัด แปลง และประมวลผลรูปภาพได้โดยตรงในเบราว์เซอร์ของคุณ ออฟไลน์ 100% ผ่าน WebAssembly ฟรี ไม่จำกัด และมีความปลอดภัยสูง
แปรงแมนนวล - HelpMyIMG",0,true,29
21,https://helpmyimg.com/ro/eliminare-fundal/,✂️ Elimină Fundalul - HelpMyIMG,text/html; charset=utf-8,false,200,0,false,"og:description
og:title","Combinați, împărțiți, comprimați, convertiți și procesați fotografiile direct în browser. 100% offline prin WebAssembly. Gratuit, nelimitat și foarte sigur.
✂️ Elimină Fundalul - HelpMyIMG",0,true,29
21,https://helpmyimg.com/ko/imiji-abchuk-50kb/,이미지를 50KB로 압축 - 스마트 WebGPU 압축 - HelpMyIMG,text/html; charset=utf-8,false,200,0,false,"og:description
og:title","브라우저에서 직접 사진을 결합, 분할, 압축, 변환 및 처리합니다. WebAssembly를 통해 100% 오프라인. 무료이며 무제한이며 매우 안전합니다.
이미지를 50KB로 압축 - 스마트 WebGPU 압축 - HelpMyIMG",0,true,29
21,https://helpmyimg.com/ko/webp-jpg/,무료로 WEBP를 JPG로 변환 - 이미지 변환기 - HelpMyIMG,text/html; charset=utf-8,false,200,0,false,"og:description
og:title","브라우저에서 직접 사진을 결합, 분할, 압축, 변환 및 처리합니다. WebAssembly를 통해 100% 오프라인. 무료이며 무제한이며 매우 안전합니다.
무료로 WEBP를 JPG로 변환 - 이미지 변환기 - HelpMyIMG",0,true,29
21,https://helpmyimg.com/uk/zminyty-tlo/,Зміна кольору тла біометричної фотографії паспорта онлайн - HelpMyIMG,text/html; charset=utf-8,false,200,0,false,"og:description
og:title","Комбінуйте, розділяйте, стискайте, конвертуйте та обробляйте фотографії безпосередньо у вашому браузері. 100% офлайн через WebAssembly. Безкоштовний, необмежений і дуже безпечний.
Зміна кольору тла біометричної фотографії паспорта онлайн - HelpMyIMG",0,true,29
21,https://helpmyimg.com/ru/remove-person-from-photo/,Удалить человека с фотографии — бесплатный ластик для фотобомбы - HelpMyIMG,text/html; charset=utf-8,false,200,0,false,"og:description
og:title","Объединяйте, разделяйте, сжимайте, конвертируйте и обрабатывайте фотографии прямо в браузере. 100% автономный режим через WebAssembly. Бесплатно, безлимитно и очень безопасно.
Удалить человека с фотографии — бесплатный ластик для фотобомбы - HelpMyIMG",0,true,29
21,https://helpmyimg.com/ru/obrezat-izobrazhenie/,Профессиональная фотостудия «Все в одном» - HelpMyIMG,text/html; charset=utf-8,false,200,0,false,"og:description
og:title","Объединяйте, разделяйте, сжимайте, конвертируйте и обрабатывайте фотографии прямо в браузере. 100% автономный режим через WebAssembly. Бесплатно, безлимитно и очень безопасно.
Профессиональная фотостудия «Все в одном» - HelpMyIMG",0,true,29
21,https://helpmyimg.com/ro/decupare-imagine/,Studio foto profesional și set de instrumente în vrac - HelpMyIMG,text/html; charset=utf-8,false,200,0,false,"og:description
og:title","Combinați, împărțiți, comprimați, convertiți și procesați fotografiile direct în browser. 100% offline prin WebAssembly. Gratuit, nelimitat și foarte sigur.
Studio foto profesional și set de instrumente în vrac - HelpMyIMG",0,true,29
21,https://helpmyimg.com/tl/i-compress-larawan/,I-compress Larawan to 200KB Libre - HelpMyIMG,text/html; charset=utf-8,false,200,0,false,"og:description
og:title","Pagsamahin, hatiin, i-compress, i-convert, at iproseso ang mga larawan nang direkta sa iyong browser. 100% offline sa pamamagitan ng WebAssembly. Libre, walang limitasyon, at lubos na secure.
I-compress Larawan to 200KB Libre - HelpMyIMG",0,true,29
21,https://helpmyimg.com/ms/mampatkan-imej-kepada-200kb/,Mampatkan Imej kepada 200KB - Pengurangan Kualiti Tinggi - HelpMyIMG,text/html; charset=utf-8,false,200,0,false,"og:description
og:title","Gabungkan, belah, mampatkan, tukar dan proses foto terus dalam penyemak imbas anda. 100% di luar talian melalui WebAssembly. Percuma, tidak terhad dan sangat selamat.
Mampatkan Imej kepada 200KB - Pengurangan Kualiti Tinggi - HelpMyIMG",0,true,29
21,https://helpmyimg.com/ms/editor-reka-bentuk/,Studio Foto Profesional & Kit Alat Pukal - HelpMyIMG,text/html; charset=utf-8,false,200,0,false,"og:description
og:title","Gabungkan, belah, mampatkan, tukar dan proses foto terus dalam penyemak imbas anda. 100% di luar talian melalui WebAssembly. Percuma, tidak terhad dan sangat selamat.
Studio Foto Profesional & Kit Alat Pukal - HelpMyIMG",0,true,29
21,https://helpmyimg.com/hu/instagram-atmeretezes/,Kép átméretezése az Instagram Online számára – nincs szükség vágásra - HelpMyIMG,text/html; charset=utf-8,false,200,0,false,"og:description
og:title","Kombinálja, osztja fel, tömörítse, konvertálja és dolgozza fel a fényképeket közvetlenül a böngészőben. 100%-ban offline a WebAssembly segítségével. Ingyenes, korlátlan és rendkívül biztonságos.
Kép átméretezése az Instagram Online számára – nincs szükség vágásra - HelpMyIMG",0,true,29
21,https://helpmyimg.com/it/cambia-sfondo/,Cambia colore di sfondo biometrico per foto di passaporto online - HelpMyIMG,text/html; charset=utf-8,false,200,0,false,"og:description
og:title","Combina, dividi, comprimi, converti ed elabora le foto direttamente nel tuo browser. 100% offline tramite WebAssembly. Gratuito, illimitato e altamente sicuro.
Cambia colore di sfondo biometrico per foto di passaporto online - HelpMyIMG",0,true,29
21,https://helpmyimg.com/nl/afbeelding-converteren/,Converteren WEBP to JPG Gratis - HelpMyIMG,text/html; charset=utf-8,false,200,0,false,"og:description
og:title","Combineer, splits, comprimeer, converteer en verwerk foto's rechtstreeks in uw browser. 100% offline via WebAssembly. Gratis, onbeperkt en zeer veilig.
Converteren WEBP to JPG Gratis - HelpMyIMG",0,true,29
21,https://helpmyimg.com/ko/batch-watermark-photos/,일괄 워터마크 사진 - 대량 로고 추가기 - HelpMyIMG,text/html; charset=utf-8,false,200,0,false,"og:description
og:title","브라우저에서 직접 사진을 결합, 분할, 압축, 변환 및 처리합니다. WebAssembly를 통해 100% 오프라인. 무료이며 무제한이며 매우 안전합니다.
일괄 워터마크 사진 - 대량 로고 추가기 - HelpMyIMG",0,true,29
21,https://helpmyimg.com/hu/kep-konvertalas/,Konvertálás WEBP to JPG Ingyenes - HelpMyIMG,text/html; charset=utf-8,false,200,0,false,"og:description
og:title","Kombinálja, osztja fel, tömörítse, konvertálja és dolgozza fel a fényképeket közvetlenül a böngészőben. 100%-ban offline a WebAssembly segítségével. Ingyenes, korlátlan és rendkívül biztonságos.
Konvertálás WEBP to JPG Ingyenes - HelpMyIMG",0,true,29
21,https://helpmyimg.com/he/hamarat-tmuna/,המרה WEBP to JPG חינם - HelpMyIMG,text/html; charset=utf-8,false,200,0,false,"og:description
og:title","שלב, פצל, דחס, המר ועבד תמונות ישירות בדפדפן שלך. 100% לא מקוון באמצעות WebAssembly. חינם, ללא הגבלה, ומאובטח מאוד.
המרה WEBP to JPG חינם - HelpMyIMG",0,true,29
21,https://helpmyimg.com/fr/compresser-image/,Compresser Image to 200KB Gratuit - HelpMyIMG,text/html; charset=utf-8,false,200,0,false,"og:description
og:title","Combinez, divisez, compressez, convertissez et traitez des photos directement dans votre navigateur. 100% hors ligne via WebAssembly. Gratuit, illimité et hautement sécurisé.
Compresser Image to 200KB Gratuit - HelpMyIMG",0,true,29
21,https://helpmyimg.com/th/blae-na/,สตูดิโอถ่ายภาพระดับมืออาชีพและชุดเครื่องมือจำนวนมาก - HelpMyIMG,text/html; charset=utf-8,false,200,0,false,"og:description
og:title","รวม แยก บีบอัด แปลง และประมวลผลรูปภาพได้โดยตรงในเบราว์เซอร์ของคุณ ออฟไลน์ 100% ผ่าน WebAssembly ฟรี ไม่จำกัด และมีความปลอดภัยสูง
สตูดิโอถ่ายภาพระดับมืออาชีพและชุดเครื่องมือจำนวนมาก - HelpMyIMG",0,true,29
21,https://helpmyimg.com/vi/xa-ngi-khi-nh/,Xóa người khỏi ảnh - Công cụ xóa Photobomb miễn phí - HelpMyIMG,text/html; charset=utf-8,false,200,0,false,"og:description
og:title","Kết hợp, tách, nén, chuyển đổi và xử lý ảnh trực tiếp trong trình duyệt của bạn. Ngoại tuyến 100% qua WebAssugging. Miễn phí, không giới hạn và có tính bảo mật cao.
Xóa người khỏi ảnh - Công cụ xóa Photobomb miễn phí - HelpMyIMG",0,true,29
21,https://helpmyimg.com/pl/usu-to-z-logo/,Usuń tło z logo za darmo - przezroczysty kreator PNG - HelpMyIMG,text/html; charset=utf-8,false,200,0,false,"og:description
og:title","Łącz, dziel, kompresuj, konwertuj i przetwarzaj zdjęcia bezpośrednio w przeglądarce. 100% offline poprzez WebAssembly. Bezpłatny, nieograniczony i wysoce bezpieczny.
Usuń tło z logo za darmo - przezroczysty kreator PNG - HelpMyIMG",0,true,29
21,https://helpmyimg.com/ko/dijain-editeo/,전문가용 올인원 포토 스튜디오 & 대량 편집기 - HelpMyIMG,text/html; charset=utf-8,false,200,0,false,"og:description
og:title","브라우저에서 직접 사진을 결합, 분할, 압축, 변환 및 처리합니다. WebAssembly를 통해 100% 오프라인. 무료이며 무제한이며 매우 안전합니다.
전문가용 올인원 포토 스튜디오 & 대량 편집기 - HelpMyIMG",0,true,29
21,https://helpmyimg.com/el/epilogi-chromatos/,Επαγγελματικό Photo Studio & Bulk Toolkit - HelpMyIMG,text/html; charset=utf-8,false,200,0,false,"og:description
og:title","Συνδυάστε, διαχωρίστε, συμπιέστε, μετατρέψτε και επεξεργαστείτε φωτογραφίες απευθείας στο πρόγραμμα περιήγησής σας. 100% εκτός σύνδεσης μέσω WebAssembly. Δωρεάν, απεριόριστη και εξαιρετικά ασφαλής.
Επαγγελματικό Photo Studio & Bulk Toolkit - HelpMyIMG",0,true,29
21,https://helpmyimg.com/id/hapus-latar-belakang/,✂️ Hapus Background - HelpMyIMG,text/html; charset=utf-8,false,200,0,false,"og:description
og:title","Gabungkan, pisahkan, kompres, konversi, dan proses foto langsung di browser Anda. 100% offline melalui WebAssembly. Gratis, tidak terbatas, dan sangat aman.
✂️ Hapus Background - HelpMyIMG",0,true,29
21,https://helpmyimg.com/zh/tiaozheng-ins-chicun/,在线调整 Instagram 图像大小 - 无需裁剪 - HelpMyIMG,text/html; charset=utf-8,false,200,0,false,"og:description
og:title","直接在浏览器中组合、分割、压缩、转换和处理照片。通过 WebAssembly 100% 离线。免费、无限制且高度安全。
在线调整 Instagram 图像大小 - 无需裁剪 - HelpMyIMG",0,true,29
21,https://helpmyimg.com/fr/flouter-la-plaque-dimmatriculation/,Flou de plaque d'immatriculation en ligne - Censure automatique de la confidentialité - HelpMyIMG,text/html; charset=utf-8,false,200,0,false,"og:description
og:title","Combinez, divisez, compressez, convertissez et traitez des photos directement dans votre navigateur. 100% hors ligne via WebAssembly. Gratuit, illimité et hautement sécurisé.
Flou de plaque d'immatriculation en ligne - Censure automatique de la confidentialité - HelpMyIMG",0,true,29
21,https://helpmyimg.com/ko/saek-chuchul/,전문가용 올인원 포토 스튜디오 & 대량 편집기 - HelpMyIMG,text/html; charset=utf-8,false,200,0,false,"og:description
og:title","브라우저에서 직접 사진을 결합, 분할, 압축, 변환 및 처리합니다. WebAssembly를 통해 100% 오프라인. 무료이며 무제한이며 매우 안전합니다.
전문가용 올인원 포토 스튜디오 & 대량 편집기 - HelpMyIMG",0,true,29
21,https://helpmyimg.com/da/skift-baggrund/,Biometrisk pasfoto baggrundsfarve skifter online - HelpMyIMG,text/html; charset=utf-8,false,200,0,false,"og:description
og:title","Kombiner, opdel, komprimer, konverter og bearbejd billeder direkte i din browser. 100 % offline via WebAssembly. Gratis, ubegrænset og meget sikker.
Biometrisk pasfoto baggrundsfarve skifter online - HelpMyIMG",0,true,29
21,https://helpmyimg.com/vi/magic-brush/,Cọ Thủ Công - HelpMyIMG,text/html; charset=utf-8,false,200,0,false,"og:description
og:title","Kết hợp, tách, nén, chuyển đổi và xử lý ảnh trực tiếp trong trình duyệt của bạn. Ngoại tuyến 100% qua WebAssugging. Miễn phí, không giới hạn và có tính bảo mật cao.
Cọ Thủ Công - HelpMyIMG",0,true,29
21,https://helpmyimg.com/el/peristrafi-eikonas/,Επαγγελματικό Photo Studio & Bulk Toolkit - HelpMyIMG,text/html; charset=utf-8,false,200,0,false,"og:description
og:title","Συνδυάστε, διαχωρίστε, συμπιέστε, μετατρέψτε και επεξεργαστείτε φωτογραφίες απευθείας στο πρόγραμμα περιήγησής σας. 100% εκτός σύνδεσης μέσω WebAssembly. Δωρεάν, απεριόριστη και εξαιρετικά ασφαλής.
Επαγγελματικό Photo Studio & Bulk Toolkit - HelpMyIMG",0,true,29
21,https://helpmyimg.com/pl/obroc-obraz/,Profesjonalne studio fotograficzne i zestaw narzędzi zbiorczych - HelpMyIMG,text/html; charset=utf-8,false,200,0,false,"og:description
og:title","Łącz, dziel, kompresuj, konwertuj i przetwarzaj zdjęcia bezpośrednio w przeglądarce. 100% offline poprzez WebAssembly. Bezpłatny, nieograniczony i wysoce bezpieczny.
Profesjonalne studio fotograficzne i zestaw narzędzi zbiorczych - HelpMyIMG",0,true,29
21,https://helpmyimg.com/ja/remove-person-from-photo/,写真から人物を削除 - 無料の Photobomb Eraser - HelpMyIMG,text/html; charset=utf-8,false,200,0,false,"og:description
og:title","ブラウザ内で写真を直接結合、分割、圧縮、変換、処理できます。 WebAssembly 経由で 100% オフライン。無料、無制限、そして非常に安全です。
写真から人物を削除 - 無料の Photobomb Eraser - HelpMyIMG",0,true,29
21,https://helpmyimg.com/de/bild-fuer-instagram-skalieren/,Bildgröße für Instagram online ändern – kein Zuschneiden erforderlich - HelpMyIMG,text/html; charset=utf-8,false,200,0,false,"og:description
og:title","Kombinieren, teilen, komprimieren, konvertieren und verarbeiten Sie Fotos direkt in Ihrem Browser. 100 % offline über WebAssembly. Kostenlos, unbegrenzt und äußerst sicher.
Bildgröße für Instagram online ändern – kein Zuschneiden erforderlich - HelpMyIMG",0,true,29
21,https://helpmyimg.com/tl/removelogo/,Alisin ang logo - HelpMyIMG,text/html; charset=utf-8,false,200,0,false,"og:description
og:title","Pagsamahin, hatiin, i-compress, i-convert, at iproseso ang mga larawan nang direkta sa iyong browser. 100% offline sa pamamagitan ng WebAssembly. Libre, walang limitasyon, at lubos na secure.
Alisin ang logo - HelpMyIMG",0,true,29
21,https://helpmyimg.com/ko/resize-photo-to-passport-size/,여권 크기에 맞게 사진 크기 조정 - Visa & ID Maker - HelpMyIMG,text/html; charset=utf-8,false,200,0,false,"og:description
og:title","브라우저에서 직접 사진을 결합, 분할, 압축, 변환 및 처리합니다. WebAssembly를 통해 100% 오프라인. 무료이며 무제한이며 매우 안전합니다.
여권 크기에 맞게 사진 크기 조정 - Visa & ID Maker - HelpMyIMG",0,true,29
21,https://helpmyimg.com/hi/image-convert/,बदलें WEBP to JPG मुफ़्त - HelpMyIMG,text/html; charset=utf-8,false,200,0,false,"og:description
og:title","फ़ोटो को सीधे अपने ब्राउज़र में संयोजित करें, विभाजित करें, संपीड़ित करें, रूपांतरित करें और संसाधित करें। WebAssembly के माध्यम से 100% ऑफ़लाइन। मुफ़्त, असीमित और अत्यधिक सुरक्षित।
बदलें WEBP to JPG मुफ़्त - HelpMyIMG",0,true,29
21,https://helpmyimg.com/id/ubah-ukuran-instagram/,Resize Image for Instagram Online - No Cropping Required - HelpMyIMG,text/html; charset=utf-8,false,200,0,false,"og:description
og:title","Gabungkan, pisahkan, kompres, konversi, dan proses foto langsung di browser Anda. 100% offline melalui WebAssembly. Gratis, tidak terbatas, dan sangat aman.
Resize Image for Instagram Online - No Cropping Required - HelpMyIMG",0,true,29
21,https://helpmyimg.com/hi/remove-background-from-logo/,लोगो से पृष्ठभूमि हटाएँ मुफ़्त - पारदर्शी पीएनजी निर्माता - HelpMyIMG,text/html; charset=utf-8,false,200,0,false,"og:description
og:title","फ़ोटो को सीधे अपने ब्राउज़र में संयोजित करें, विभाजित करें, संपीड़ित करें, रूपांतरित करें और संसाधित करें। WebAssembly के माध्यम से 100% ऑफ़लाइन। मुफ़्त, असीमित और अत्यधिक सुरक्षित।
लोगो से पृष्ठभूमि हटाएँ मुफ़्त - पारदर्शी पीएनजी निर्माता - HelpMyIMG",0,true,29
21,https://helpmyimg.com/zh/yanse-xuanze/,专业级一站式批量图像处理与摄影工作室 - HelpMyIMG,text/html; charset=utf-8,false,200,0,false,"og:description
og:title","直接在浏览器中组合、分割、压缩、转换和处理照片。通过 WebAssembly 100% 离线。免费、无限制且高度安全。
专业级一站式批量图像处理与摄影工作室 - HelpMyIMG",0,true,29
21,https://helpmyimg.com/ar/qass-sura/,الاستوديو الاحترافي الشامل لتحرير الصور والمعالجة الجماعية - HelpMyIMG,text/html; charset=utf-8,false,200,0,false,"og:description
og:title","قم بدمج الصور وتقسيمها وضغطها وتحويلها ومعالجتها مباشرة في متصفحك.غير متصل بالإنترنت بنسبة 100% عبر WebAssembly.مجاني وغير محدود وآمن للغاية.
الاستوديو الاحترافي الشامل لتحرير الصور والمعالجة الجماعية - HelpMyIMG",0,true,29
21,https://helpmyimg.com/ru/udalit-fon/,✂️ Удалить Фон - HelpMyIMG,text/html; charset=utf-8,false,200,0,false,"og:description
og:title","Объединяйте, разделяйте, сжимайте, конвертируйте и обрабатывайте фотографии прямо в браузере. 100% автономный режим через WebAssembly. Бесплатно, безлимитно и очень безопасно.
✂️ Удалить Фон - HelpMyIMG",0,true,29
21,https://helpmyimg.com/id/ubah-format-gambar/,Ubah PNG Transparan Jadi JPG Putih (Otomatis) - HelpMyIMG,text/html; charset=utf-8,false,200,0,false,"og:description
og:title","Gabungkan, pisahkan, kompres, konversi, dan proses foto langsung di browser Anda. 100% offline melalui WebAssembly. Gratis, tidak terbatas, dan sangat aman.
Ubah PNG Transparan Jadi JPG Putih (Otomatis) - HelpMyIMG",0,true,29
21,https://helpmyimg.com/ja/batch-watermark-photos/,ウォーターマーク写真のバッチ - 一括ロゴ追加 - HelpMyIMG,text/html; charset=utf-8,false,200,0,false,"og:description
og:title","ブラウザ内で写真を直接結合、分割、圧縮、変換、処理できます。 WebAssembly 経由で 100% オフライン。無料、無制限、そして非常に安全です。
ウォーターマーク写真のバッチ - 一括ロゴ追加 - HelpMyIMG",0,true,29
21,https://helpmyimg.com/no/konverter-bilde/,Konverter WEBP to JPG Gratis - HelpMyIMG,text/html; charset=utf-8,false,200,0,false,"og:description
og:title","Kombiner, del, komprimer, konverter og bearbeid bilder direkte i nettleseren din. 100 % offline via WebAssembly. Gratis, ubegrenset og svært sikker.
Konverter WEBP to JPG Gratis - HelpMyIMG",0,true,29
21,https://helpmyimg.com/ms/tanda-air/,©️ Tera Air Imej Saya - HelpMyIMG,text/html; charset=utf-8,false,200,0,false,"og:description
og:title","Gabungkan, belah, mampatkan, tukar dan proses foto terus dalam penyemak imbas anda. 100% di luar talian melalui WebAssembly. Percuma, tidak terhad dan sangat selamat.
©️ Tera Air Imej Saya - HelpMyIMG",0,true,29
21,https://helpmyimg.com/hi/image-crop/,पेशेवर ऑल-इन-वन फ़ोटो स्टूडियो और बल्क एडिटर - HelpMyIMG,text/html; charset=utf-8,false,200,0,false,"og:description
og:title","फ़ोटो को सीधे अपने ब्राउज़र में संयोजित करें, विभाजित करें, संपीड़ित करें, रूपांतरित करें और संसाधित करें। WebAssembly के माध्यम से 100% ऑफ़लाइन। मुफ़्त, असीमित और अत्यधिक सुरक्षित।
पेशेवर ऑल-इन-वन फ़ोटो स्टूडियो और बल्क एडिटर - HelpMyIMG",0,true,29
21,https://helpmyimg.com/uk/vodyanyy-znak/,©️ Водяний знак My Image - HelpMyIMG,text/html; charset=utf-8,false,200,0,false,"og:description
og:title","Комбінуйте, розділяйте, стискайте, конвертуйте та обробляйте фотографії безпосередньо у вашому браузері. 100% офлайн через WebAssembly. Безкоштовний, необмежений і дуже безпечний.
©️ Водяний знак My Image - HelpMyIMG",0,true,29
21,https://helpmyimg.com/sv/suddig-registreringsskylt/,Oskärpa registreringsskylt online - Auto Privacy Censor - HelpMyIMG,text/html; charset=utf-8,false,200,0,false,"og:description
og:title","Kombinera, dela, komprimera, konvertera och bearbeta foton direkt i din webbläsare. 100 % offline via WebAssembly. Gratis, obegränsad och mycket säker.
Oskärpa registreringsskylt online - Auto Privacy Censor - HelpMyIMG",0,true,29
21,https://helpmyimg.com/ro/estompare-fata/,Studio foto profesional și set de instrumente în vrac - HelpMyIMG,text/html; charset=utf-8,false,200,0,false,"og:description
og:title","Combinați, împărțiți, comprimați, convertiți și procesați fotografiile direct în browser. 100% offline prin WebAssembly. Gratuit, nelimitat și foarte sigur.
Studio foto profesional și set de instrumente în vrac - HelpMyIMG",0,true,29
21,https://helpmyimg.com/el/sympiesi-se-100kb/,Συμπίεση εικόνας σε 100 KB Δωρεάν Online - Γρήγορη και ιδιωτική - HelpMyIMG,text/html; charset=utf-8,false,200,0,false,"og:description
og:title","Συνδυάστε, διαχωρίστε, συμπιέστε, μετατρέψτε και επεξεργαστείτε φωτογραφίες απευθείας στο πρόγραμμα περιήγησής σας. 100% εκτός σύνδεσης μέσω WebAssembly. Δωρεάν, απεριόριστη και εξαιρετικά ασφαλής.
Συμπίεση εικόνας σε 100 KB Δωρεάν Online - Γρήγορη και ιδιωτική - HelpMyIMG",0,true,29
21,https://helpmyimg.com/en/remove-background/,✂️ AI Background Remover - HelpMyIMG,text/html; charset=utf-8,false,200,0,false,"og:description
og:title","Combine, split, compress, convert, and process photos directly in your browser. 100% offline via WebAssembly. Free, unlimited, and highly secure.
✂️ AI Background Remover - HelpMyIMG",0,true,58
21,https://helpmyimg.com/fr/redimensionner-image/,Redimensionner Image to 4x6 Gratuit - HelpMyIMG,text/html; charset=utf-8,false,200,0,false,"og:description
og:title","Combinez, divisez, compressez, convertissez et traitez des photos directement dans votre navigateur. 100% hors ligne via WebAssembly. Gratuit, illimité et hautement sécurisé.
Redimensionner Image to 4x6 Gratuit - HelpMyIMG",0,true,29
21,https://helpmyimg.com/pl/zmiana-rozmiaru-instagram/,Zmień rozmiar obrazu w serwisie Instagram Online — bez konieczności przycinania - HelpMyIMG,text/html; charset=utf-8,false,200,0,false,"og:description
og:title","Łącz, dziel, kompresuj, konwertuj i przetwarzaj zdjęcia bezpośrednio w przeglądarce. 100% offline poprzez WebAssembly. Bezpłatny, nieograniczony i wysoce bezpieczny.
Zmień rozmiar obrazu w serwisie Instagram Online — bez konieczności przycinania - HelpMyIMG",0,true,29
21,https://helpmyimg.com/zh/yasuo-tupian-100kb/,免费在线将图像压缩至 100KB - 快速且私密 - HelpMyIMG,text/html; charset=utf-8,false,200,0,false,"og:description
og:title","直接在浏览器中组合、分割、压缩、转换和处理照片。通过 WebAssembly 100% 离线。免费、无限制且高度安全。
免费在线将图像压缩至 100KB - 快速且私密 - HelpMyIMG",0,true,29
21,https://helpmyimg.com/tl/i-compress-larawan-100kb/,I-compress ang larawan sa 100KB - HelpMyIMG,text/html; charset=utf-8,false,200,0,false,"og:description
og:title","Pagsamahin, hatiin, i-compress, i-convert, at iproseso ang mga larawan nang direkta sa iyong browser. 100% offline sa pamamagitan ng WebAssembly. Libre, walang limitasyon, at lubos na secure.
I-compress ang larawan sa 100KB - HelpMyIMG",0,true,29
21,https://helpmyimg.com/es/matrcula-borrosa/,Desenfoque de matrícula en línea - Censor automático de privacidad - HelpMyIMG,text/html; charset=utf-8,false,200,0,false,"og:description
og:title","Combine, divida, comprima, convierta y procese fotografías directamente en su navegador. 100% sin conexión a través de WebAssembly. Gratis, ilimitado y muy seguro.
Desenfoque de matrícula en línea - Censor automático de privacidad - HelpMyIMG",0,true,29
21,https://helpmyimg.com/sv/komprimera-bilden-till-200kb/,Komprimera bild till 200KB - Högkvalitetsreducerare - HelpMyIMG,text/html; charset=utf-8,false,200,0,false,"og:description
og:title","Kombinera, dela, komprimera, konvertera och bearbeta foton direkt i din webbläsare. 100 % offline via WebAssembly. Gratis, obegränsad och mycket säker.
Komprimera bild till 200KB - Högkvalitetsreducerare - HelpMyIMG",0,true,29
21,https://helpmyimg.com/tl/alisin-background/,✂️ Alisin ang Background - HelpMyIMG,text/html; charset=utf-8,false,200,0,false,"og:description
og:title","Pagsamahin, hatiin, i-compress, i-convert, at iproseso ang mga larawan nang direkta sa iyong browser. 100% offline sa pamamagitan ng WebAssembly. Libre, walang limitasyon, at lubos na secure.
✂️ Alisin ang Background - HelpMyIMG",0,true,29
21,https://helpmyimg.com/tl/removeperson/,Alisin ang tao - HelpMyIMG,text/html; charset=utf-8,false,200,0,false,"og:description
og:title","Pagsamahin, hatiin, i-compress, i-convert, at iproseso ang mga larawan nang direkta sa iyong browser. 100% offline sa pamamagitan ng WebAssembly. Libre, walang limitasyon, at lubos na secure.
Alisin ang tao - HelpMyIMG",0,true,29
21,https://helpmyimg.com/pt/redimensionar-foto-para-tamanho-de-passaporte/,Redimensionar foto para tamanho de passaporte - Visa & ID Maker - HelpMyIMG,text/html; charset=utf-8,false,200,0,false,"og:description
og:title","Combine, divida, compacte, converta e processe fotos diretamente no seu navegador. 100% off-line via WebAssembly. Gratuito, ilimitado e altamente seguro.
Redimensionar foto para tamanho de passaporte - Visa & ID Maker - HelpMyIMG",0,true,29
21,https://helpmyimg.com/he/batch-watermark-photos/,תמונות סימן מים אצווה - Adder לוגו בתפזורת - HelpMyIMG,text/html; charset=utf-8,false,200,0,false,"og:description
og:title","שלב, פצל, דחס, המר ועבד תמונות ישירות בדפדפן שלך. 100% לא מקוון באמצעות WebAssembly. חינם, ללא הגבלה, ומאובטח מאוד.
תמונות סימן מים אצווה - Adder לוגו בתפזורת - HelpMyIMG",0,true,29
21,https://helpmyimg.com/ar/taghyir-hajm-instagram/,تغيير حجم الصورة لـ Instagram عبر الإنترنت - لا يلزم قصها - HelpMyIMG,text/html; charset=utf-8,false,200,0,false,"og:description
og:title","قم بدمج الصور وتقسيمها وضغطها وتحويلها ومعالجتها مباشرة في متصفحك.غير متصل بالإنترنت بنسبة 100% عبر WebAssembly.مجاني وغير محدود وآمن للغاية.
تغيير حجم الصورة لـ Instagram عبر الإنترنت - لا يلزم قصها - HelpMyIMG",0,true,29
21,https://helpmyimg.com/th/khrueang-mue-ook-baeb/,สตูดิโอถ่ายภาพระดับมืออาชีพและชุดเครื่องมือจำนวนมาก - HelpMyIMG,text/html; charset=utf-8,false,200,0,false,"og:description
og:title","รวม แยก บีบอัด แปลง และประมวลผลรูปภาพได้โดยตรงในเบราว์เซอร์ของคุณ ออฟไลน์ 100% ผ่าน WebAssembly ฟรี ไม่จำกัด และมีความปลอดภัยสูง
สตูดิโอถ่ายภาพระดับมืออาชีพและชุดเครื่องมือจำนวนมาก - HelpMyIMG",0,true,29
21,https://helpmyimg.com/ja/gazo-kaiten/,プロ仕様のオールインワン写真スタジオ - HelpMyIMG,text/html; charset=utf-8,false,200,0,false,"og:description
og:title","ブラウザ内で写真を直接結合、分割、圧縮、変換、処理できます。 WebAssembly 経由で 100% オフライン。無料、無制限、そして非常に安全です。
プロ仕様のオールインワン写真スタジオ - HelpMyIMG",0,true,29
21,https://helpmyimg.com/no/endre-storrelse-instagram/,Endre størrelse på bilde for Instagram Online - Ingen beskjæring nødvendig - HelpMyIMG,text/html; charset=utf-8,false,200,0,false,"og:description
og:title","Kombiner, del, komprimer, konverter og bearbeid bilder direkte i nettleseren din. 100 % offline via WebAssembly. Gratis, ubegrenset og svært sikker.
Endre størrelse på bilde for Instagram Online - Ingen beskjæring nødvendig - HelpMyIMG",0,true,29
21,https://helpmyimg.com/nl/formaat-van-foto-wijzigen-naar-paspoortformaat/,Formaat van foto wijzigen naar paspoortformaat - Visa & ID Maker - HelpMyIMG,text/html; charset=utf-8,false,200,0,false,"og:description
og:title","Combineer, splits, comprimeer, converteer en verwerk foto's rechtstreeks in uw browser. 100% offline via WebAssembly. Gratis, onbeperkt en zeer veilig.
Formaat van foto wijzigen naar paspoortformaat - Visa & ID Maker - HelpMyIMG",0,true,29
21,https://helpmyimg.com/vi/xoa-nen/,✂️ Xóa Nền AI - HelpMyIMG,text/html; charset=utf-8,false,200,0,false,"og:description
og:title","Kết hợp, tách, nén, chuyển đổi và xử lý ảnh trực tiếp trong trình duyệt của bạn. Ngoại tuyến 100% qua WebAssugging. Miễn phí, không giới hạn và có tính bảo mật cao.
✂️ Xóa Nền AI - HelpMyIMG",0,true,29
21,https://helpmyimg.com/es/quitar-fondo/,✂️ Quitar Fondo - HelpMyIMG,text/html; charset=utf-8,false,200,0,false,"og:description
og:title","Combine, divida, comprima, convierta y procese fotografías directamente en su navegador. 100% sin conexión a través de WebAssembly. Gratis, ilimitado y muy seguro.
✂️ Quitar Fondo - HelpMyIMG",0,true,29
21,https://helpmyimg.com/el/tholo-prosopo/,Επαγγελματικό Photo Studio & Bulk Toolkit - HelpMyIMG,text/html; charset=utf-8,false,200,0,false,"og:description
og:title","Συνδυάστε, διαχωρίστε, συμπιέστε, μετατρέψτε και επεξεργαστείτε φωτογραφίες απευθείας στο πρόγραμμα περιήγησής σας. 100% εκτός σύνδεσης μέσω WebAssembly. Δωρεάν, απεριόριστη και εξαιρετικά ασφαλής.
Επαγγελματικό Photo Studio & Bulk Toolkit - HelpMyIMG",0,true,29
21,https://helpmyimg.com/ja/gazo-henkan/,変換 WEBP to JPG 無料 - HelpMyIMG,text/html; charset=utf-8,false,200,0,false,"og:description
og:title","ブラウザ内で写真を直接結合、分割、圧縮、変換、処理できます。 WebAssembly 経由で 100% オフライン。無料、無制限、そして非常に安全です。
変換 WEBP to JPG 無料 - HelpMyIMG",0,true,29
21,https://helpmyimg.com/ar/daght-sura-50kb/,ضغط الصورة إلى 50 كيلو بايت - ضغط WebGPU الذكي - HelpMyIMG,text/html; charset=utf-8,false,200,0,false,"og:description
og:title","قم بدمج الصور وتقسيمها وضغطها وتحويلها ومعالجتها مباشرة في متصفحك.غير متصل بالإنترنت بنسبة 100% عبر WebAssembly.مجاني وغير محدود وآمن للغاية.
ضغط الصورة إلى 50 كيلو بايت - ضغط WebGPU الذكي - HelpMyIMG",0,true,29
21,https://helpmyimg.com/en/removelogo/,Remove Background from Logo Free - Transparent PNG Maker - HelpMyIMG,text/html; charset=utf-8,false,200,0,false,"og:description
og:title","Combine, split, compress, convert, and process photos directly in your browser. 100% offline via WebAssembly. Free, unlimited, and highly secure.
Remove Background from Logo Free - Transparent PNG Maker - HelpMyIMG",0,true,58
21,https://helpmyimg.com/tr/filigran/,©️ Resmimi Filigranla - HelpMyIMG,text/html; charset=utf-8,false,200,0,false,"og:description
og:title","Fotoğrafları doğrudan tarayıcınızda birleştirin, bölün, sıkıştırın, dönüştürün ve işleyin. WebAssembly aracılığıyla %100 çevrimdışı. Ücretsiz, sınırsız ve son derece güvenli.
©️ Resmimi Filigranla - HelpMyIMG",0,true,29
21,https://helpmyimg.com/tr/resim-sikistir-100kb/,Görüntüyü Çevrimiçi Olarak 100 KB'ye Sıkıştırın - Hızlı ve Özel - HelpMyIMG,text/html; charset=utf-8,false,200,0,false,"og:description
og:title","Fotoğrafları doğrudan tarayıcınızda birleştirin, bölün, sıkıştırın, dönüştürün ve işleyin. WebAssembly aracılığıyla %100 çevrimdışı. Ücretsiz, sınırsız ve son derece güvenli.
Görüntüyü Çevrimiçi Olarak 100 KB'ye Sıkıştırın - Hızlı ve Özel - HelpMyIMG",0,true,29
21,https://helpmyimg.com/de/farbauswahl/,Professionelles All-in-One Fotostudio & Toolkit - HelpMyIMG,text/html; charset=utf-8,false,200,0,false,"og:description
og:title","Kombinieren, teilen, komprimieren, konvertieren und verarbeiten Sie Fotos direkt in Ihrem Browser. 100 % offline über WebAssembly. Kostenlos, unbegrenzt und äußerst sicher.
Professionelles All-in-One Fotostudio & Toolkit - HelpMyIMG",0,true,29
21,https://helpmyimg.com/uk/200/,Стиснути зображення до 200 КБ - високоякісне скорочення - HelpMyIMG,text/html; charset=utf-8,false,200,0,false,"og:description
og:title","Комбінуйте, розділяйте, стискайте, конвертуйте та обробляйте фотографії безпосередньо у вашому браузері. 100% офлайн через WebAssembly. Безкоштовний, необмежений і дуже безпечний.
Стиснути зображення до 200 КБ - високоякісне скорочення - HelpMyIMG",0,true,29
21,https://helpmyimg.com/he/change-photo-background-to-white/,שנה רקע תמונה ללבן - מוכן לאמזון ולמסחר אלקטרוני - HelpMyIMG,text/html; charset=utf-8,false,200,0,false,"og:description
og:title","שלב, פצל, דחס, המר ועבד תמונות ישירות בדפדפן שלך. 100% לא מקוון באמצעות WebAssembly. חינם, ללא הגבלה, ומאובטח מאוד.
שנה רקע תמונה ללבן - מוכן לאמזון ולמסחר אלקטרוני - HelpMyIMG",0,true,29
21,https://helpmyimg.com/vi/chon-mau/,Studio ảnh chuyên nghiệp & Bộ công cụ hàng loạt - HelpMyIMG,text/html; charset=utf-8,false,200,0,false,"og:description
og:title","Kết hợp, tách, nén, chuyển đổi và xử lý ảnh trực tiếp trong trình duyệt của bạn. Ngoại tuyến 100% qua WebAssugging. Miễn phí, không giới hạn và có tính bảo mật cao.
Studio ảnh chuyên nghiệp & Bộ công cụ hàng loạt - HelpMyIMG",0,true,29
21,https://helpmyimg.com/it/comprimi-immagine/,Comprimi Immagine to 200KB Gratis - HelpMyIMG,text/html; charset=utf-8,false,200,0,false,"og:description
og:title","Combina, dividi, comprimi, converti ed elabora le foto direttamente nel tuo browser. 100% offline tramite WebAssembly. Gratuito, illimitato e altamente sicuro.
Comprimi Immagine to 200KB Gratis - HelpMyIMG",0,true,29
21,https://helpmyimg.com/sv/ndra-fotobakgrunden-till-vit/,Ändra fotobakgrund till vit - redo för Amazon och e-handel - HelpMyIMG,text/html; charset=utf-8,false,200,0,false,"og:description
og:title","Kombinera, dela, komprimera, konvertera och bearbeta foton direkt i din webbläsare. 100 % offline via WebAssembly. Gratis, obegränsad och mycket säker.
Ändra fotobakgrund till vit - redo för Amazon och e-handel - HelpMyIMG",0,true,29
21,https://helpmyimg.com/el/200-kb/,Συμπίεση εικόνας σε 200KB - Reducer υψηλής ποιότητας - HelpMyIMG,text/html; charset=utf-8,false,200,0,false,"og:description
og:title","Συνδυάστε, διαχωρίστε, συμπιέστε, μετατρέψτε και επεξεργαστείτε φωτογραφίες απευθείας στο πρόγραμμα περιήγησής σας. 100% εκτός σύνδεσης μέσω WebAssembly. Δωρεάν, απεριόριστη και εξαιρετικά ασφαλής.
Συμπίεση εικόνας σε 200KB - Reducer υψηλής ποιότητας - HelpMyIMG",0,true,29
21,https://helpmyimg.com/ko/baegyeong-jegeo/,✂️ 배경 제거 (누끼) - HelpMyIMG,text/html; charset=utf-8,false,200,0,false,"og:description
og:title","브라우저에서 직접 사진을 결합, 분할, 압축, 변환 및 처리합니다. WebAssembly를 통해 100% 오프라인. 무료이며 무제한이며 매우 안전합니다.
✂️ 배경 제거 (누끼) - HelpMyIMG",0,true,29
21,https://helpmyimg.com/fr/rogner-image/,Studio Photo Professionnel & Boîte à Outils - HelpMyIMG,text/html; charset=utf-8,false,200,0,false,"og:description
og:title","Combinez, divisez, compressez, convertissez et traitez des photos directement dans votre navigateur. 100% hors ligne via WebAssembly. Gratuit, illimité et hautement sécurisé.
Studio Photo Professionnel & Boîte à Outils - HelpMyIMG",0,true,29
21,https://helpmyimg.com/zh/magic-brush/,手动修图画笔 - HelpMyIMG,text/html; charset=utf-8,false,200,0,false,"og:description
og:title","直接在浏览器中组合、分割、压缩、转换和处理照片。通过 WebAssembly 100% 离线。免费、无限制且高度安全。
手动修图画笔 - HelpMyIMG",0,true,29
21,https://helpmyimg.com/uk/change-photo-background-to-white/,Змініть фон фотографії на білий - готовий до Amazon і електронної комерції - HelpMyIMG,text/html; charset=utf-8,false,200,0,false,"og:description
og:title","Комбінуйте, розділяйте, стискайте, конвертуйте та обробляйте фотографії безпосередньо у вашому браузері. 100% офлайн через WebAssembly. Безкоштовний, необмежений і дуже безпечний.
Змініть фон фотографії на білий - готовий до Amazon і електронної комерції - HelpMyIMG",0,true,29
21,https://helpmyimg.com/it/sfoca-viso/,Studio fotografico professionale e kit di strumenti in blocco - HelpMyIMG,text/html; charset=utf-8,false,200,0,false,"og:description
og:title","Combina, dividi, comprimi, converti ed elabora le foto direttamente nel tuo browser. 100% offline tramite WebAssembly. Gratuito, illimitato e altamente sicuro.
Studio fotografico professionale e kit di strumenti in blocco - HelpMyIMG",0,true,29
21,https://helpmyimg.com/it/cambia-lo-sfondo-della-foto-in-bianco/,Cambia lo sfondo della foto in bianco: pronto per Amazon ed e-commerce - HelpMyIMG,text/html; charset=utf-8,false,200,0,false,"og:description
og:title","Combina, dividi, comprimi, converti ed elabora le foto direttamente nel tuo browser. 100% offline tramite WebAssembly. Gratuito, illimitato e altamente sicuro.
Cambia lo sfondo della foto in bianco: pronto per Amazon ed e-commerce - HelpMyIMG",0,true,29
21,https://helpmyimg.com/ja/sukashi/,©️ 私の画像に透かしを入れる - HelpMyIMG,text/html; charset=utf-8,false,200,0,false,"og:description
og:title","ブラウザ内で写真を直接結合、分割、圧縮、変換、処理できます。 WebAssembly 経由で 100% オフライン。無料、無制限、そして非常に安全です。
©️ 私の画像に透かしを入れる - HelpMyIMG",0,true,29
21,https://helpmyimg.com/de/bild-drehen/,Professionelles All-in-One Fotostudio & Toolkit - HelpMyIMG,text/html; charset=utf-8,false,200,0,false,"og:description
og:title","Kombinieren, teilen, komprimieren, konvertieren und verarbeiten Sie Fotos direkt in Ihrem Browser. 100 % offline über WebAssembly. Kostenlos, unbegrenzt und äußerst sicher.
Professionelles All-in-One Fotostudio & Toolkit - HelpMyIMG",0,true,29
21,https://helpmyimg.com/pt/redimensionar-imagem/,Redimensionar Imagem to 4x6 Grátis - HelpMyIMG,text/html; charset=utf-8,false,200,0,false,"og:description
og:title","Combine, divida, compacte, converta e processe fotos diretamente no seu navegador. 100% off-line via WebAssembly. Gratuito, ilimitado e altamente seguro.
Redimensionar Imagem to 4x6 Grátis - HelpMyIMG",0,true,29
21,https://helpmyimg.com/tr/arka-plan-kaldir/,✂️ Arka Planı Sil - HelpMyIMG,text/html; charset=utf-8,false,200,0,false,"og:description
og:title","Fotoğrafları doğrudan tarayıcınızda birleştirin, bölün, sıkıştırın, dönüştürün ve işleyin. WebAssembly aracılığıyla %100 çevrimdışı. Ücretsiz, sınırsız ve son derece güvenli.
✂️ Arka Planı Sil - HelpMyIMG",0,true,29
21,https://helpmyimg.com/tl/colorwhite/,Gawing puti ang background - HelpMyIMG,text/html; charset=utf-8,false,200,0,false,"og:description
og:title","Pagsamahin, hatiin, i-compress, i-convert, at iproseso ang mga larawan nang direkta sa iyong browser. 100% offline sa pamamagitan ng WebAssembly. Libre, walang limitasyon, at lubos na secure.
Gawing puti ang background - HelpMyIMG",0,true,29
21,https://helpmyimg.com/nl/afbeelding-comprimeren-100kb/,Comprimeer afbeelding online gratis tot 100 KB - snel en privé - HelpMyIMG,text/html; charset=utf-8,false,200,0,false,"og:description
og:title","Combineer, splits, comprimeer, converteer en verwerk foto's rechtstreeks in uw browser. 100% offline via WebAssembly. Gratis, onbeperkt en zeer veilig.
Comprimeer afbeelding online gratis tot 100 KB - snel en privé - HelpMyIMG",0,true,29
21,https://helpmyimg.com/fr/compresser-limage-200-ko/,Compresser l'image à 200 Ko - Réducteur de haute qualité - HelpMyIMG,text/html; charset=utf-8,false,200,0,false,"og:description
og:title","Combinez, divisez, compressez, convertissez et traitez des photos directement dans votre navigateur. 100% hors ligne via WebAssembly. Gratuit, illimité et hautement sécurisé.
Compresser l'image à 200 Ko - Réducteur de haute qualité - HelpMyIMG",0,true,29
21,https://helpmyimg.com/es/editor-de-diseno/,Estudio Fotográfico Profesional Todo en Uno - HelpMyIMG,text/html; charset=utf-8,false,200,0,false,"og:description
og:title","Combine, divida, comprima, convierta y procese fotografías directamente en su navegador. 100% sin conexión a través de WebAssembly. Gratis, ilimitado y muy seguro.
Estudio Fotográfico Profesional Todo en Uno - HelpMyIMG",0,true,29
21,https://helpmyimg.com/th/bip-ad-rup-phap-50kb/,บีบอัดรูปภาพเป็น 50KB - การบีบอัด WebGPU อัจฉริยะ - HelpMyIMG,text/html; charset=utf-8,false,200,0,false,"og:description
og:title","รวม แยก บีบอัด แปลง และประมวลผลรูปภาพได้โดยตรงในเบราว์เซอร์ของคุณ ออฟไลน์ 100% ผ่าน WebAssembly ฟรี ไม่จำกัด และมีความปลอดภัยสูง
บีบอัดรูปภาพเป็น 50KB - การบีบอัด WebGPU อัจฉริยะ - HelpMyIMG",0,true,29
21,https://helpmyimg.com/ru/vodyanoy-znak/,©️ Водяной знак «Мое изображение» - HelpMyIMG,text/html; charset=utf-8,false,200,0,false,"og:description
og:title","Объединяйте, разделяйте, сжимайте, конвертируйте и обрабатывайте фотографии прямо в браузере. 100% автономный режим через WebAssembly. Бесплатно, безлимитно и очень безопасно.
©️ Водяной знак «Мое изображение» - HelpMyIMG",0,true,29
21,https://helpmyimg.com/tl/palitan-background/,Palitan ng Kulay ng Background ng Biometric Passport Online - HelpMyIMG,text/html; charset=utf-8,false,200,0,false,"og:description
og:title","Pagsamahin, hatiin, i-compress, i-convert, at iproseso ang mga larawan nang direkta sa iyong browser. 100% offline sa pamamagitan ng WebAssembly. Libre, walang limitasyon, at lubos na secure.
Palitan ng Kulay ng Background ng Biometric Passport Online - HelpMyIMG",0,true,29
21,https://helpmyimg.com/ja/magic-brush/,手動補正ブラシ - HelpMyIMG,text/html; charset=utf-8,false,200,0,false,"og:description
og:title","ブラウザ内で写真を直接結合、分割、圧縮、変換、処理できます。 WebAssembly 経由で 100% オフライン。無料、無制限、そして非常に安全です。
手動補正ブラシ - HelpMyIMG",0,true,29
21,https://helpmyimg.com/ro/redimensionare-imagine/,Redimensionare Imagine to 4x6 Gratuit - HelpMyIMG,text/html; charset=utf-8,false,200,0,false,"og:description
og:title","Combinați, împărțiți, comprimați, convertiți și procesați fotografiile direct în browser. 100% offline prin WebAssembly. Gratuit, nelimitat și foarte sigur.
Redimensionare Imagine to 4x6 Gratuit - HelpMyIMG",0,true,29
21,https://helpmyimg.com/da/komprimer-billedet-til-200kb/,Komprimer billede til 200KB - Reducer af høj kvalitet - HelpMyIMG,text/html; charset=utf-8,false,200,0,false,"og:description
og:title","Kombiner, opdel, komprimer, konverter og bearbejd billeder direkte i din browser. 100 % offline via WebAssembly. Gratis, ubegrænset og meget sikker.
Komprimer billede til 200KB - Reducer af høj kvalitet - HelpMyIMG",0,true,29
21,https://helpmyimg.com/it/ritaglia-immagine/,Studio fotografico professionale e kit di strumenti in blocco - HelpMyIMG,text/html; charset=utf-8,false,200,0,false,"og:description
og:title","Combina, dividi, comprimi, converti ed elabora le foto direttamente nel tuo browser. 100% offline tramite WebAssembly. Gratuito, illimitato e altamente sicuro.
Studio fotografico professionale e kit di strumenti in blocco - HelpMyIMG",0,true,29
21,https://helpmyimg.com/no/magic-brush/,Manuell Pensel - HelpMyIMG,text/html; charset=utf-8,false,200,0,false,"og:description
og:title","Kombiner, del, komprimer, konverter og bearbeid bilder direkte i nettleseren din. 100 % offline via WebAssembly. Gratis, ubegrenset og svært sikker.
Manuell Pensel - HelpMyIMG",0,true,29
21,https://helpmyimg.com/da/farvevaelger/,Professionelt fotostudie og bulk-værktøjssæt - HelpMyIMG,text/html; charset=utf-8,false,200,0,false,"og:description
og:title","Kombiner, opdel, komprimer, konverter og bearbejd billeder direkte i din browser. 100 % offline via WebAssembly. Gratis, ubegrænset og meget sikker.
Professionelt fotostudie og bulk-værktøjssæt - HelpMyIMG",0,true,29
21,https://helpmyimg.com/cs/komprese-na-100kb/,Komprimujte obrázek na 100 kB online zdarma – rychle a v soukromí - HelpMyIMG,text/html; charset=utf-8,false,200,0,false,"og:description
og:title","Kombinujte, rozdělujte, komprimujte, převádějte a zpracovávajte fotografie přímo ve vašem prohlížeči.100% offline přes WebAssembly.Zdarma, neomezené a vysoce bezpečné.
Komprimujte obrázek na 100 kB online zdarma – rychle a v soukromí - HelpMyIMG",0,true,29
21,https://helpmyimg.com/ms/mampat-imej-100kb/,Mampatkan Imej kepada 100KB Percuma Dalam Talian - Pantas & Peribadi - HelpMyIMG,text/html; charset=utf-8,false,200,0,false,"og:description
og:title","Gabungkan, belah, mampatkan, tukar dan proses foto terus dalam penyemak imbas anda. 100% di luar talian melalui WebAssembly. Percuma, tidak terhad dan sangat selamat.
Mampatkan Imej kepada 100KB Percuma Dalam Talian - Pantas & Peribadi - HelpMyIMG",0,true,29
21,https://helpmyimg.com/es/redimensionar-para-instagram/,Cambiar el tamaño de la imagen para Instagram en línea: no es necesario recortar - HelpMyIMG,text/html; charset=utf-8,false,200,0,false,"og:description
og:title","Combine, divida, comprima, convierta y procese fotografías directamente en su navegador. 100% sin conexión a través de WebAssembly. Gratis, ilimitado y muy seguro.
Cambiar el tamaño de la imagen para Instagram en línea: no es necesario recortar - HelpMyIMG",0,true,29
21,https://helpmyimg.com/ro/redimensionai-fotografia-la-dimensiunea-paaportului/,Redimensionați fotografia la dimensiunea pașaportului - Visa & ID Maker - HelpMyIMG,text/html; charset=utf-8,false,200,0,false,"og:description
og:title","Combinați, împărțiți, comprimați, convertiți și procesați fotografiile direct în browser. 100% offline prin WebAssembly. Gratuit, nelimitat și foarte sigur.
Redimensionați fotografia la dimensiunea pașaportului - Visa & ID Maker - HelpMyIMG",0,true,29
21,https://helpmyimg.com/hi/background-hatao/,✂️ बैकग्राउंड हटाएं - HelpMyIMG,text/html; charset=utf-8,false,200,0,false,"og:description
og:title","फ़ोटो को सीधे अपने ब्राउज़र में संयोजित करें, विभाजित करें, संपीड़ित करें, रूपांतरित करें और संसाधित करें। WebAssembly के माध्यम से 100% ऑफ़लाइन। मुफ़्त, असीमित और अत्यधिक सुरक्षित।
✂️ बैकग्राउंड हटाएं - HelpMyIMG",0,true,29
21,https://helpmyimg.com/uk/zminyty-rozmir/,Змінити розмір Зображення to 4x6 Безкоштовно - HelpMyIMG,text/html; charset=utf-8,false,200,0,false,"og:description
og:title","Комбінуйте, розділяйте, стискайте, конвертуйте та обробляйте фотографії безпосередньо у вашому браузері. 100% офлайн через WebAssembly. Безкоштовний, необмежений і дуже безпечний.
Змінити розмір Зображення to 4x6 Безкоштовно - HelpMyIMG",0,true,29
21,https://helpmyimg.com/fi/poista-henkil-valokuvasta/,Poista henkilö valokuvasta - ilmainen Photobomb Eraser - HelpMyIMG,text/html; charset=utf-8,false,200,0,false,"og:description
og:title","Yhdistä, jaa, pakkaa, muunna ja käsittele valokuvia suoraan selaimessasi. 100 % offline-tilassa WebAssemblyn kautta. Ilmainen, rajoittamaton ja erittäin turvallinen.
Poista henkilö valokuvasta - ilmainen Photobomb Eraser - HelpMyIMG",0,true,29
21,https://helpmyimg.com/pt/converter-webp-para-jpg/,Converta WEBP para JPG gratuitamente - Conversor de imagens - HelpMyIMG,text/html; charset=utf-8,false,200,0,false,"og:description
og:title","Combine, divida, compacte, converta e processe fotos diretamente no seu navegador. 100% off-line via WebAssembly. Gratuito, ilimitado e altamente seguro.
Converta WEBP para JPG gratuitamente - Conversor de imagens - HelpMyIMG",0,true,29
21,https://helpmyimg.com/ko/imiji-hoejeon/,전문가용 올인원 포토 스튜디오 & 대량 편집기 - HelpMyIMG,text/html; charset=utf-8,false,200,0,false,"og:description
og:title","브라우저에서 직접 사진을 결합, 분할, 압축, 변환 및 처리합니다. WebAssembly를 통해 100% 오프라인. 무료이며 무제한이며 매우 안전합니다.
전문가용 올인원 포토 스튜디오 & 대량 편집기 - HelpMyIMG",0,true,29
21,https://helpmyimg.com/ro/schimba-fundalul-fotografiei-n-alb/,Schimbați fundalul fotografiei în alb - gata pentru Amazon și comerț electronic - HelpMyIMG,text/html; charset=utf-8,false,200,0,false,"og:description
og:title","Combinați, împărțiți, comprimați, convertiți și procesați fotografiile direct în browser. 100% offline prin WebAssembly. Gratuit, nelimitat și foarte sigur.
Schimbați fundalul fotografiei în alb - gata pentru Amazon și comerț electronic - HelpMyIMG",0,true,29
21,https://helpmyimg.com/hu/kep-vagas/,Professzionális fotóstúdió és tömeges eszközkészlet - HelpMyIMG,text/html; charset=utf-8,false,200,0,false,"og:description
og:title","Kombinálja, osztja fel, tömörítse, konvertálja és dolgozza fel a fényképeket közvetlenül a böngészőben. 100%-ban offline a WebAssembly segítségével. Ingyenes, korlátlan és rendkívül biztonságos.
Professzionális fotóstúdió és tömeges eszközkészlet - HelpMyIMG",0,true,29
21,https://helpmyimg.com/th/remove-background-from-logo/,ลบพื้นหลังออกจากโลโก้ฟรี - เครื่องมือสร้าง PNG โปร่งใส - HelpMyIMG,text/html; charset=utf-8,false,200,0,false,"og:description
og:title","รวม แยก บีบอัด แปลง และประมวลผลรูปภาพได้โดยตรงในเบราว์เซอร์ของคุณ ออฟไลน์ 100% ผ่าน WebAssembly ฟรี ไม่จำกัด และมีความปลอดภัยสูง
ลบพื้นหลังออกจากโลโก้ฟรี - เครื่องมือสร้าง PNG โปร่งใส - HelpMyIMG",0,true,29
21,https://helpmyimg.com/fi/poista-tausta/,✂️ Poista Tausta - HelpMyIMG,text/html; charset=utf-8,false,200,0,false,"og:description
og:title","Yhdistä, jaa, pakkaa, muunna ja käsittele valokuvia suoraan selaimessasi. 100 % offline-tilassa WebAssemblyn kautta. Ilmainen, rajoittamaton ja erittäin turvallinen.
✂️ Poista Tausta - HelpMyIMG",0,true,29
21,https://helpmyimg.com/el/afairesi-fontou/,✂️ Αφαίρεση Φόντου - HelpMyIMG,text/html; charset=utf-8,false,200,0,false,"og:description
og:title","Συνδυάστε, διαχωρίστε, συμπιέστε, μετατρέψτε και επεξεργαστείτε φωτογραφίες απευθείας στο πρόγραμμα περιήγησής σας. 100% εκτός σύνδεσης μέσω WebAssembly. Δωρεάν, απεριόριστη και εξαιρετικά ασφαλής.
✂️ Αφαίρεση Φόντου - HelpMyIMG",0,true,29
21,https://helpmyimg.com/pt/desfocar-rosto/,Estúdio Fotográfico Profissional Tudo-em-Um - HelpMyIMG,text/html; charset=utf-8,false,200,0,false,"og:description
og:title","Combine, divida, compacte, converta e processe fotos diretamente no seu navegador. 100% off-line via WebAssembly. Gratuito, ilimitado e altamente seguro.
Estúdio Fotográfico Profissional Tudo-em-Um - HelpMyIMG",0,true,29
21,https://helpmyimg.com/hi/change-photo-background-to-white/,फोटो पृष्ठभूमि को सफेद में बदलें - अमेज़ॅन और ई-कॉमर्स तैयार - HelpMyIMG,text/html; charset=utf-8,false,200,0,false,"og:description
og:title","फ़ोटो को सीधे अपने ब्राउज़र में संयोजित करें, विभाजित करें, संपीड़ित करें, रूपांतरित करें और संसाधित करें। WebAssembly के माध्यम से 100% ऑफ़लाइन। मुफ़्त, असीमित और अत्यधिक सुरक्षित।
फोटो पृष्ठभूमि को सफेद में बदलें - अमेज़ॅन और ई-कॉमर्स तैयार - HelpMyIMG",0,true,29
21,https://helpmyimg.com/id/editor-desain/,Studio Foto & Pengeditan Massal Profesional - HelpMyIMG,text/html; charset=utf-8,false,200,0,false,"og:description
og:title","Gabungkan, pisahkan, kompres, konversi, dan proses foto langsung di browser Anda. 100% offline melalui WebAssembly. Gratis, tidak terbatas, dan sangat aman.
Studio Foto & Pengeditan Massal Profesional - HelpMyIMG",0,true,29
21,https://helpmyimg.com/id/ganti-background/,Ganti Background Biru KTP & Ijazah Online Gratis Tanpa Aplikasi - HelpMyIMG,text/html; charset=utf-8,false,200,0,false,"og:description
og:title","Gabungkan, pisahkan, kompres, konversi, dan proses foto langsung di browser Anda. 100% offline melalui WebAssembly. Gratis, tidak terbatas, dan sangat aman.
Ganti Background Biru KTP & Ijazah Online Gratis Tanpa Aplikasi - HelpMyIMG",0,true,29
21,https://helpmyimg.com/fi/muuntaa-webp-jpgksi/,Muunna WEBP JPG:ksi ilmaiseksi - Image Converter - HelpMyIMG,text/html; charset=utf-8,false,200,0,false,"og:description
og:title","Yhdistä, jaa, pakkaa, muunna ja käsittele valokuvia suoraan selaimessasi. 100 % offline-tilassa WebAssemblyn kautta. Ilmainen, rajoittamaton ja erittäin turvallinen.
Muunna WEBP JPG:ksi ilmaiseksi - Image Converter - HelpMyIMG",0,true,29
21,https://helpmyimg.com/en/resizepassport/,Resize Photo to Passport Size - Visa & ID Maker - HelpMyIMG,text/html; charset=utf-8,false,200,0,false,"og:description
og:title","Combine, split, compress, convert, and process photos directly in your browser. 100% offline via WebAssembly. Free, unlimited, and highly secure.
Resize Photo to Passport Size - Visa & ID Maker - HelpMyIMG",0,true,58
21,https://helpmyimg.com/he/remove-person-from-photo/,הסר אדם מתמונה - מחק Photobomb בחינם - HelpMyIMG,text/html; charset=utf-8,false,200,0,false,"og:description
og:title","שלב, פצל, דחס, המר ועבד תמונות ישירות בדפדפן שלך. 100% לא מקוון באמצעות WebAssembly. חינם, ללא הגבלה, ומאובטח מאוד.
הסר אדם מתמונה - מחק Photobomb בחינם - HelpMyIMG",0,true,29
21,https://helpmyimg.com/he/bocher-tseva/,סטודיו לצילום מקצועי וערכת כלים בתפזורת - HelpMyIMG,text/html; charset=utf-8,false,200,0,false,"og:description
og:title","שלב, פצל, דחס, המר ועבד תמונות ישירות בדפדפן שלך. 100% לא מקוון באמצעות WebAssembly. חינם, ללא הגבלה, ומאובטח מאוד.
סטודיו לצילום מקצועי וערכת כלים בתפזורת - HelpMyIMG",0,true,29
21,https://helpmyimg.com/ja/gazo-asshuku/,圧縮 画像 to 200KB 無料 - HelpMyIMG,text/html; charset=utf-8,false,200,0,false,"og:description
og:title","ブラウザ内で写真を直接結合、分割、圧縮、変換、処理できます。 WebAssembly 経由で 100% オフライン。無料、無制限、そして非常に安全です。
圧縮 画像 to 200KB 無料 - HelpMyIMG",0,true,29
21,https://helpmyimg.com/hi/design-editor/,पेशेवर ऑल-इन-वन फ़ोटो स्टूडियो और बल्क एडिटर - HelpMyIMG,text/html; charset=utf-8,false,200,0,false,"og:description
og:title","फ़ोटो को सीधे अपने ब्राउज़र में संयोजित करें, विभाजित करें, संपीड़ित करें, रूपांतरित करें और संसाधित करें। WebAssembly के माध्यम से 100% ऑफ़लाइन। मुफ़्त, असीमित और अत्यधिक सुरक्षित।
पेशेवर ऑल-इन-वन फ़ोटो स्टूडियो और बल्क एडिटर - HelpMyIMG",0,true,29
21,https://helpmyimg.com/fr/photos-en-filigrane-par-lots/,Photos en filigrane par lots - Additionneur de logo en masse - HelpMyIMG,text/html; charset=utf-8,false,200,0,false,"og:description
og:title","Combinez, divisez, compressez, convertissez et traitez des photos directement dans votre navigateur. 100% hors ligne via WebAssembly. Gratuit, illimité et hautement sécurisé.
Photos en filigrane par lots - Additionneur de logo en masse - HelpMyIMG",0,true,29
21,https://helpmyimg.com/pl/konwersja-obrazu/,Konwertuj WEBP to JPG Za darmo - HelpMyIMG,text/html; charset=utf-8,false,200,0,false,"og:description
og:title","Łącz, dziel, kompresuj, konwertuj i przetwarzaj zdjęcia bezpośrednio w przeglądarce. 100% offline poprzez WebAssembly. Bezpłatny, nieograniczony i wysoce bezpieczny.
Konwertuj WEBP to JPG Za darmo - HelpMyIMG",0,true,29
21,https://helpmyimg.com/da/fjern-baggrund-fra-logo/,Fjern baggrund fra logo gratis - Transparent PNG Maker - HelpMyIMG,text/html; charset=utf-8,false,200,0,false,"og:description
og:title","Kombiner, opdel, komprimer, konverter og bearbejd billeder direkte i din browser. 100 % offline via WebAssembly. Gratis, ubegrænset og meget sikker.
Fjern baggrund fra logo gratis - Transparent PNG Maker - HelpMyIMG",0,true,29
21,https://helpmyimg.com/ru/konvertirovat-izobrazhenie/,Конвертировать WEBP to JPG Бесплатно - HelpMyIMG,text/html; charset=utf-8,false,200,0,false,"og:description
og:title","Объединяйте, разделяйте, сжимайте, конвертируйте и обрабатывайте фотографии прямо в браузере. 100% автономный режим через WebAssembly. Бесплатно, безлимитно и очень безопасно.
Конвертировать WEBP to JPG Бесплатно - HelpMyIMG",0,true,29
21,https://helpmyimg.com/id/kompres-foto-100kb/,Compress Image to 100KB Online Free - Fast & Private - HelpMyIMG,text/html; charset=utf-8,false,200,0,false,"og:description
og:title","Gabungkan, pisahkan, kompres, konversi, dan proses foto langsung di browser Anda. 100% offline melalui WebAssembly. Gratis, tidak terbatas, dan sangat aman.
Compress Image to 100KB Online Free - Fast & Private - HelpMyIMG",0,true,29
21,https://helpmyimg.com/ru/magic-brush/,Ручная кисть - HelpMyIMG,text/html; charset=utf-8,false,200,0,false,"og:description
og:title","Объединяйте, разделяйте, сжимайте, конвертируйте и обрабатывайте фотографии прямо в браузере. 100% автономный режим через WebAssembly. Бесплатно, безлимитно и очень безопасно.
Ручная кисть - HelpMyIMG",0,true,29
21,https://helpmyimg.com/he/resize-photo-to-passport-size/,שנה את גודל התמונה לגודל דרכון - יצרן ויזה ותעודות זהות - HelpMyIMG,text/html; charset=utf-8,false,200,0,false,"og:description
og:title","שלב, פצל, דחס, המר ועבד תמונות ישירות בדפדפן שלך. 100% לא מקוון באמצעות WebAssembly. חינם, ללא הגבלה, ומאובטח מאוד.
שנה את גודל התמונה לגודל דרכון - יצרן ויזה ותעודות זהות - HelpMyIMG",0,true,29
21,https://helpmyimg.com/fi/kierita-kuva/,Ammattimainen valokuvastudio ja joukkotyökalupakki - HelpMyIMG,text/html; charset=utf-8,false,200,0,false,"og:description
og:title","Yhdistä, jaa, pakkaa, muunna ja käsittele valokuvia suoraan selaimessasi. 100 % offline-tilassa WebAssemblyn kautta. Ilmainen, rajoittamaton ja erittäin turvallinen.
Ammattimainen valokuvastudio ja joukkotyökalupakki - HelpMyIMG",0,true,29
21,https://helpmyimg.com/da/vandmaerke/,©️ Vandmærke mit billede - HelpMyIMG,text/html; charset=utf-8,false,200,0,false,"og:description
og:title","Kombiner, opdel, komprimer, konverter og bearbejd billeder direkte i din browser. 100 % offline via WebAssembly. Gratis, ubegrænset og meget sikker.
©️ Vandmærke mit billede - HelpMyIMG",0,true,29
21,https://helpmyimg.com/tr/resim-kirp/,Profesyonel Fotoğraf Stüdyosu ve Toplu Araç Seti - HelpMyIMG,text/html; charset=utf-8,false,200,0,false,"og:description
og:title","Fotoğrafları doğrudan tarayıcınızda birleştirin, bölün, sıkıştırın, dönüştürün ve işleyin. WebAssembly aracılığıyla %100 çevrimdışı. Ücretsiz, sınırsız ve son derece güvenli.
Profesyonel Fotoğraf Stüdyosu ve Toplu Araç Seti - HelpMyIMG",0,true,29
21,https://helpmyimg.com/no/fargevelger/,Profesjonelt fotostudio og bulkverktøysett - HelpMyIMG,text/html; charset=utf-8,false,200,0,false,"og:description
og:title","Kombiner, del, komprimer, konverter og bearbeid bilder direkte i nettleseren din. 100 % offline via WebAssembly. Gratis, ubegrenset og svært sikker.
Profesjonelt fotostudio og bulkverktøysett - HelpMyIMG",0,true,29
21,https://helpmyimg.com/el/sympiesi-eikonas/,Συμπίεση Εικόνα to 200KB Δωρεάν - HelpMyIMG,text/html; charset=utf-8,false,200,0,false,"og:description
og:title","Συνδυάστε, διαχωρίστε, συμπιέστε, μετατρέψτε και επεξεργαστείτε φωτογραφίες απευθείας στο πρόγραμμα περιήγησής σας. 100% εκτός σύνδεσης μέσω WebAssembly. Δωρεάν, απεριόριστη και εξαιρετικά ασφαλής.
Συμπίεση Εικόνα to 200KB Δωρεάν - HelpMyIMG",0,true,29
21,https://helpmyimg.com/ko/inseuta-imiji-keugi/,Instagram 온라인용 이미지 크기 조정 - 자르기 필요 없음 - HelpMyIMG,text/html; charset=utf-8,false,200,0,false,"og:description
og:title","브라우저에서 직접 사진을 결합, 분할, 압축, 변환 및 처리합니다. WebAssembly를 통해 100% 오프라인. 무료이며 무제한이며 매우 안전합니다.
Instagram 온라인용 이미지 크기 조정 - 자르기 필요 없음 - HelpMyIMG",0,true,29
21,https://helpmyimg.com/fr/filigrane/,©️ Filigraner mon image - HelpMyIMG,text/html; charset=utf-8,false,200,0,false,"og:description
og:title","Combinez, divisez, compressez, convertissez et traitez des photos directement dans votre navigateur. 100% hors ligne via WebAssembly. Gratuit, illimité et hautement sécurisé.
©️ Filigraner mon image - HelpMyIMG",0,true,29
21,https://helpmyimg.com/el/remove-background-from-logo/,Κατάργηση φόντου από το Logo Free - Transparent PNG Maker - HelpMyIMG,text/html; charset=utf-8,false,200,0,false,"og:description
og:title","Συνδυάστε, διαχωρίστε, συμπιέστε, μετατρέψτε και επεξεργαστείτε φωτογραφίες απευθείας στο πρόγραμμα περιήγησής σας. 100% εκτός σύνδεσης μέσω WebAssembly. Δωρεάν, απεριόριστη και εξαιρετικά ασφαλής.
Κατάργηση φόντου από το Logo Free - Transparent PNG Maker - HelpMyIMG",0,true,29
21,https://helpmyimg.com/ru/vybor-tsveta/,Профессиональная фотостудия «Все в одном» - HelpMyIMG,text/html; charset=utf-8,false,200,0,false,"og:description
og:title","Объединяйте, разделяйте, сжимайте, конвертируйте и обрабатывайте фотографии прямо в браузере. 100% автономный режим через WebAssembly. Бесплатно, безлимитно и очень безопасно.
Профессиональная фотостудия «Все в одном» - HelpMyIMG",0,true,29
21,https://helpmyimg.com/da/komprimer-til-50kb/,Komprimer billede til 50KB - Smart WebGPU-komprimering - HelpMyIMG,text/html; charset=utf-8,false,200,0,false,"og:description
og:title","Kombiner, opdel, komprimer, konverter og bearbejd billeder direkte i din browser. 100 % offline via WebAssembly. Gratis, ubegrænset og meget sikker.
Komprimer billede til 50KB - Smart WebGPU-komprimering - HelpMyIMG",0,true,29
21,https://helpmyimg.com/pl/przekonwertuj-webp-na-jpg/,Konwertuj WEBP na JPG za darmo - Konwerter obrazów - HelpMyIMG,text/html; charset=utf-8,false,200,0,false,"og:description
og:title","Łącz, dziel, kompresuj, konwertuj i przetwarzaj zdjęcia bezpośrednio w przeglądarce. 100% offline poprzez WebAssembly. Bezpłatny, nieograniczony i wysoce bezpieczny.
Konwertuj WEBP na JPG za darmo - Konwerter obrazów - HelpMyIMG",0,true,29
21,https://helpmyimg.com/ms/alih-keluar-orang-daripada-foto/,Alih Keluar Orang daripada Foto - Pemadam Photobomb Percuma - HelpMyIMG,text/html; charset=utf-8,false,200,0,false,"og:description
og:title","Gabungkan, belah, mampatkan, tukar dan proses foto terus dalam penyemak imbas anda. 100% di luar talian melalui WebAssembly. Percuma, tidak terhad dan sangat selamat.
Alih Keluar Orang daripada Foto - Pemadam Photobomb Percuma - HelpMyIMG",0,true,29
21,https://helpmyimg.com/es/comprimir-imagen/,Comprima imágenes a 100 KB en línea gratis (lotes de 20 a 50 fotos) - HelpMyIMG,text/html; charset=utf-8,false,200,0,false,"og:description
og:title","Combine, divida, comprima, convierta y procese fotografías directamente en su navegador. 100% sin conexión a través de WebAssembly. Gratis, ilimitado y muy seguro.
Comprima imágenes a 100 KB en línea gratis (lotes de 20 a 50 fotos) - HelpMyIMG",0,true,29
21,https://helpmyimg.com/ja/remove-background-from-logo/,ロゴから背景を削除無料 - 透明PNGメーカー - HelpMyIMG,text/html; charset=utf-8,false,200,0,false,"og:description
og:title","ブラウザ内で写真を直接結合、分割、圧縮、変換、処理できます。 WebAssembly 経由で 100% オフライン。無料、無制限、そして非常に安全です。
ロゴから背景を削除無料 - 透明PNGメーカー - HelpMyIMG",0,true,29
21,https://helpmyimg.com/uk/batch-watermark-photos/,Пакетні фотографії з водяними знаками - масовий додавач логотипів - HelpMyIMG,text/html; charset=utf-8,false,200,0,false,"og:description
og:title","Комбінуйте, розділяйте, стискайте, конвертуйте та обробляйте фотографії безпосередньо у вашому браузері. 100% офлайн через WebAssembly. Безкоштовний, необмежений і дуже безпечний.
Пакетні фотографії з водяними знаками - масовий додавач логотипів - HelpMyIMG",0,true,29
21,https://helpmyimg.com/tl/resizepassport/,I-resize para sa passport - HelpMyIMG,text/html; charset=utf-8,false,200,0,false,"og:description
og:title","Pagsamahin, hatiin, i-compress, i-convert, at iproseso ang mga larawan nang direkta sa iyong browser. 100% offline sa pamamagitan ng WebAssembly. Libre, walang limitasyon, at lubos na secure.
I-resize para sa passport - HelpMyIMG",0,true,29
21,https://helpmyimg.com/it/rimuovi-sfondo/,✂️ Rimuovi Sfondo - HelpMyIMG,text/html; charset=utf-8,false,200,0,false,"og:description
og:title","Combina, dividi, comprimi, converti ed elabora le foto direttamente nel tuo browser. 100% offline tramite WebAssembly. Gratuito, illimitato e altamente sicuro.
✂️ Rimuovi Sfondo - HelpMyIMG",0,true,29
21,https://helpmyimg.com/de/hintergrund-aendern/,Biometrische Passfoto-Hintergrund-Farbwechsler online - HelpMyIMG,text/html; charset=utf-8,false,200,0,false,"og:description
og:title","Kombinieren, teilen, komprimieren, konvertieren und verarbeiten Sie Fotos direkt in Ihrem Browser. 100 % offline über WebAssembly. Kostenlos, unbegrenzt und äußerst sicher.
Biometrische Passfoto-Hintergrund-Farbwechsler online - HelpMyIMG",0,true,29
21,https://helpmyimg.com/es/convertir-webp-a-jpg/,Convierta WEBP a JPG gratis - Convertidor de imágenes - HelpMyIMG,text/html; charset=utf-8,false,200,0,false,"og:description
og:title","Combine, divida, comprima, convierta y procese fotografías directamente en su navegador. 100% sin conexión a través de WebAssembly. Gratis, ilimitado y muy seguro.
Convierta WEBP a JPG gratis - Convertidor de imágenes - HelpMyIMG",0,true,29
21,https://helpmyimg.com/uk/vybir-koloru/,Професійна фотостудія та набір інструментів - HelpMyIMG,text/html; charset=utf-8,false,200,0,false,"og:description
og:title","Комбінуйте, розділяйте, стискайте, конвертуйте та обробляйте фотографії безпосередньо у вашому браузері. 100% офлайн через WebAssembly. Безкоштовний, необмежений і дуже безпечний.
Професійна фотостудія та набір інструментів - HelpMyIMG",0,true,29
21,https://helpmyimg.com/he/hasarat-reka/,✂️ הסרת רקע AI - HelpMyIMG,text/html; charset=utf-8,false,200,0,false,"og:description
og:title","שלב, פצל, דחס, המר ועבד תמונות ישירות בדפדפן שלך. 100% לא מקוון באמצעות WebAssembly. חינם, ללא הגבלה, ומאובטח מאוד.
✂️ הסרת רקע AI - HelpMyIMG",0,true,29
21,https://helpmyimg.com/pt/remover-fundo-do-logotipo/,Remover fundo do logotipo gratuitamente - Criador de PNG transparente - HelpMyIMG,text/html; charset=utf-8,false,200,0,false,"og:description
og:title","Combine, divida, compacte, converta e processe fotos diretamente no seu navegador. 100% off-line via WebAssembly. Gratuito, ilimitado e altamente seguro.
Remover fundo do logotipo gratuitamente - Criador de PNG transparente - HelpMyIMG",0,true,29
21,https://helpmyimg.com/hu/kep-tomorites/,Tömörítés Kép to 200KB Ingyenes - HelpMyIMG,text/html; charset=utf-8,false,200,0,false,"og:description
og:title","Kombinálja, osztja fel, tömörítse, konvertálja és dolgozza fel a fényképeket közvetlenül a böngészőben. 100%-ban offline a WebAssembly segítségével. Ingyenes, korlátlan és rendkívül biztonságos.
Tömörítés Kép to 200KB Ingyenes - HelpMyIMG",0,true,29
21,https://helpmyimg.com/id/magic-brush/,Kuas Manual - HelpMyIMG,text/html; charset=utf-8,false,200,0,false,"og:description
og:title","Gabungkan, pisahkan, kompres, konversi, dan proses foto langsung di browser Anda. 100% offline melalui WebAssembly. Gratis, tidak terbatas, dan sangat aman.
Kuas Manual - HelpMyIMG",0,true,29
21,https://helpmyimg.com/id/kumpulan-foto-tanda-air/,Foto Tanda Air Batch - Penambah Logo Massal - HelpMyIMG,text/html; charset=utf-8,false,200,0,false,"og:description
og:title","Gabungkan, pisahkan, kompres, konversi, dan proses foto langsung di browser Anda. 100% offline melalui WebAssembly. Gratis, tidak terbatas, dan sangat aman.
Foto Tanda Air Batch - Penambah Logo Massal - HelpMyIMG",0,true,29
21,https://helpmyimg.com/ja/gazo-torimingu/,プロ仕様のオールインワン写真スタジオ - HelpMyIMG,text/html; charset=utf-8,false,200,0,false,"og:description
og:title","ブラウザ内で写真を直接結合、分割、圧縮、変換、処理できます。 WebAssembly 経由で 100% オフライン。無料、無制限、そして非常に安全です。
プロ仕様のオールインワン写真スタジオ - HelpMyIMG",0,true,29
21,https://helpmyimg.com/cs/komprese-obrazku/,Komprimovat Obrázek to 200KB Zdarma - HelpMyIMG,text/html; charset=utf-8,false,200,0,false,"og:description
og:title","Kombinujte, rozdělujte, komprimujte, převádějte a zpracovávajte fotografie přímo ve vašem prohlížeči.100% offline přes WebAssembly.Zdarma, neomezené a vysoce bezpečné.
Komprimovat Obrázek to 200KB Zdarma - HelpMyIMG",0,true,29
21,https://helpmyimg.com/fr/changer-le-fond-de-la-photo-en-blanc/,Changez l'arrière-plan de la photo en blanc - Prêt pour Amazon et le commerce électronique - HelpMyIMG,text/html; charset=utf-8,false,200,0,false,"og:description
og:title","Combinez, divisez, compressez, convertissez et traitez des photos directement dans votre navigateur. 100% hors ligne via WebAssembly. Gratuit, illimité et hautement sécurisé.
Changez l'arrière-plan de la photo en blanc - Prêt pour Amazon et le commerce électronique - HelpMyIMG",0,true,29
21,https://helpmyimg.com/tl/convertwebp/,I-convert ang WEBP sa JPG - HelpMyIMG,text/html; charset=utf-8,false,200,0,false,"og:description
og:title","Pagsamahin, hatiin, i-compress, i-convert, at iproseso ang mga larawan nang direkta sa iyong browser. 100% offline sa pamamagitan ng WebAssembly. Libre, walang limitasyon, at lubos na secure.
I-convert ang WEBP sa JPG - HelpMyIMG",0,true,29
21,https://helpmyimg.com/ko/remove-person-from-photo/,사진에서 사람 제거 - 무료 Photobomb Eraser - HelpMyIMG,text/html; charset=utf-8,false,200,0,false,"og:description
og:title","브라우저에서 직접 사진을 결합, 분할, 압축, 변환 및 처리합니다. WebAssembly를 통해 100% 오프라인. 무료이며 무제한이며 매우 안전합니다.
사진에서 사람 제거 - 무료 Photobomb Eraser - HelpMyIMG",0,true,29
21,https://helpmyimg.com/fr/supprimer-larrireplan-du-logo/,Supprimer l'arrière-plan du logo gratuitement - Créateur PNG transparent - HelpMyIMG,text/html; charset=utf-8,false,200,0,false,"og:description
og:title","Combinez, divisez, compressez, convertissez et traitez des photos directement dans votre navigateur. 100% hors ligne via WebAssembly. Gratuit, illimité et hautement sécurisé.
Supprimer l'arrière-plan du logo gratuitement - Créateur PNG transparent - HelpMyIMG",0,true,29
21,https://helpmyimg.com/ja/dezain-edita/,プロ仕様のオールインワン写真スタジオ - HelpMyIMG,text/html; charset=utf-8,false,200,0,false,"og:description
og:title","ブラウザ内で写真を直接結合、分割、圧縮、変換、処理できます。 WebAssembly 経由で 100% オフライン。無料、無制限、そして非常に安全です。
プロ仕様のオールインワン写真スタジオ - HelpMyIMG",0,true,29
21,https://helpmyimg.com/de/ndern-sie-den-fotohintergrund-in-wei/,Ändern Sie den Fotohintergrund in Weiß – bereit für Amazon und E-Commerce - HelpMyIMG,text/html; charset=utf-8,false,200,0,false,"og:description
og:title","Kombinieren, teilen, komprimieren, konvertieren und verarbeiten Sie Fotos direkt in Ihrem Browser. 100 % offline über WebAssembly. Kostenlos, unbegrenzt und äußerst sicher.
Ändern Sie den Fotohintergrund in Weiß – bereit für Amazon und E-Commerce - HelpMyIMG",0,true,29
21,https://helpmyimg.com/it/rimuovere-lo-sfondo-dal-logo/,Rimuovi lo sfondo dal logo gratuitamente - Creatore di PNG trasparenti - HelpMyIMG,text/html; charset=utf-8,false,200,0,false,"og:description
og:title","Combina, dividi, comprimi, converti ed elabora le foto direttamente nel tuo browser. 100% offline tramite WebAssembly. Gratuito, illimitato e altamente sicuro.
Rimuovi lo sfondo dal logo gratuitamente - Creatore di PNG trasparenti - HelpMyIMG",0,true,29
21,https://helpmyimg.com/pt/comprimir-imagem/,Comprimir Imagem to 200KB Grátis - HelpMyIMG,text/html; charset=utf-8,false,200,0,false,"og:description
og:title","Combine, divida, compacte, converta e processe fotos diretamente no seu navegador. 100% off-line via WebAssembly. Gratuito, ilimitado e altamente seguro.
Comprimir Imagem to 200KB Grátis - HelpMyIMG",0,true,29
21,https://helpmyimg.com/ar/resize-photo-to-passport-size/,تغيير حجم الصورة إلى حجم جواز السفر - صانع التأشيرات والهويات - HelpMyIMG,text/html; charset=utf-8,false,200,0,false,"og:description
og:title","قم بدمج الصور وتقسيمها وضغطها وتحويلها ومعالجتها مباشرة في متصفحك.غير متصل بالإنترنت بنسبة 100% عبر WebAssembly.مجاني وغير محدود وآمن للغاية.
تغيير حجم الصورة إلى حجم جواز السفر - صانع التأشيرات والهويات - HelpMyIMG",0,true,29
21,https://helpmyimg.com/pt/remover-fundo/,✂️ Remover Fundo - HelpMyIMG,text/html; charset=utf-8,false,200,0,false,"og:description
og:title","Combine, divida, compacte, converta e processe fotos diretamente no seu navegador. 100% off-line via WebAssembly. Gratuito, ilimitado e altamente seguro.
✂️ Remover Fundo - HelpMyIMG",0,true,29
21,https://helpmyimg.com/el/blur-license-plate/,Blur License Plate Online - Auto Privacy Censor - HelpMyIMG,text/html; charset=utf-8,false,200,0,false,"og:description
og:title","Συνδυάστε, διαχωρίστε, συμπιέστε, μετατρέψτε και επεξεργαστείτε φωτογραφίες απευθείας στο πρόγραμμα περιήγησής σας. 100% εκτός σύνδεσης μέσω WebAssembly. Δωρεάν, απεριόριστη και εξαιρετικά ασφαλής.
Blur License Plate Online - Auto Privacy Censor - HelpMyIMG",0,true,29
21,https://helpmyimg.com/nl/verwijder-persoon-van-foto/,Persoon van foto verwijderen - Gratis Photobomb Eraser - HelpMyIMG,text/html; charset=utf-8,false,200,0,false,"og:description
og:title","Combineer, splits, comprimeer, converteer en verwerk foto's rechtstreeks in uw browser. 100% offline via WebAssembly. Gratis, onbeperkt en zeer veilig.
Persoon van foto verwijderen - Gratis Photobomb Eraser - HelpMyIMG",0,true,29
21,https://helpmyimg.com/el/magic-brush/,Πινέλο - HelpMyIMG,text/html; charset=utf-8,false,200,0,false,"og:description
og:title","Συνδυάστε, διαχωρίστε, συμπιέστε, μετατρέψτε και επεξεργαστείτε φωτογραφίες απευθείας στο πρόγραμμα περιήγησής σας. 100% εκτός σύνδεσης μέσω WebAssembly. Δωρεάν, απεριόριστη και εξαιρετικά ασφαλής.
Πινέλο - HelpMyIMG",0,true,29
21,https://helpmyimg.com/hu/kep-tomorites-100kb/,Tömörítse a képet 100 KB-ra online ingyenes – gyors és privát - HelpMyIMG,text/html; charset=utf-8,false,200,0,false,"og:description
og:title","Kombinálja, osztja fel, tömörítse, konvertálja és dolgozza fel a fényképeket közvetlenül a böngészőben. 100%-ban offline a WebAssembly segítségével. Ingyenes, korlátlan és rendkívül biztonságos.
Tömörítse a képet 100 KB-ra online ingyenes – gyors és privát - HelpMyIMG",0,true,29
21,https://helpmyimg.com/he/siman-maim/,©️ סימן מים לתמונה שלי - HelpMyIMG,text/html; charset=utf-8,false,200,0,false,"og:description
og:title","שלב, פצל, דחס, המר ועבד תמונות ישירות בדפדפן שלך. 100% לא מקוון באמצעות WebAssembly. חינם, ללא הגבלה, ומאובטח מאוד.
©️ סימן מים לתמונה שלי - HelpMyIMG",0,true,29
21,https://helpmyimg.com/zh/yasuo-tupian-50kb/,将图像压缩至 50KB - 智能 WebGPU 压缩 - HelpMyIMG,text/html; charset=utf-8,false,200,0,false,"og:description
og:title","直接在浏览器中组合、分割、压缩、转换和处理照片。通过 WebAssembly 100% 离线。免费、无限制且高度安全。
将图像压缩至 50KB - 智能 WebGPU 压缩 - HelpMyIMG",0,true,29
21,https://helpmyimg.com/pl/usu-osob-ze-zdjcia/,Usuń osobę ze zdjęcia — bezpłatna gumka do fotobomb - HelpMyIMG,text/html; charset=utf-8,false,200,0,false,"og:description
og:title","Łącz, dziel, kompresuj, konwertuj i przetwarzaj zdjęcia bezpośrednio w przeglądarce. 100% offline poprzez WebAssembly. Bezpłatny, nieograniczony i wysoce bezpieczny.
Usuń osobę ze zdjęcia — bezpłatna gumka do fotobomb - HelpMyIMG",0,true,29
21,https://helpmyimg.com/en/blur-face/,Professional Photo Studio & Bulk Toolkit - HelpMyIMG,text/html; charset=utf-8,false,200,0,false,"og:description
og:title","Combine, split, compress, convert, and process photos directly in your browser. 100% offline via WebAssembly. Free, unlimited, and highly secure.
Professional Photo Studio & Bulk Toolkit - HelpMyIMG",0,true,58
21,https://helpmyimg.com/de/nummernschild-verwischen/,Kfz-Kennzeichen online verwischen – Auto Privacy Censor - HelpMyIMG,text/html; charset=utf-8,false,200,0,false,"og:description
og:title","Kombinieren, teilen, komprimieren, konvertieren und verarbeiten Sie Fotos direkt in Ihrem Browser. 100 % offline über WebAssembly. Kostenlos, unbegrenzt und äußerst sicher.
Kfz-Kennzeichen online verwischen – Auto Privacy Censor - HelpMyIMG",0,true,29
21,https://helpmyimg.com/no/endre-bildestorrelse/,Endre størrelse Bilde to 4x6 Gratis - HelpMyIMG,text/html; charset=utf-8,false,200,0,false,"og:description
og:title","Kombiner, del, komprimer, konverter og bearbeid bilder direkte i nettleseren din. 100 % offline via WebAssembly. Gratis, ubegrenset og svært sikker.
Endre størrelse Bilde to 4x6 Gratis - HelpMyIMG",0,true,29
21,https://helpmyimg.com/ja/gazo-asshuku-50kb/,画像を 50KB に圧縮 - スマート WebGPU 圧縮 - HelpMyIMG,text/html; charset=utf-8,false,200,0,false,"og:description
og:title","ブラウザ内で写真を直接結合、分割、圧縮、変換、処理できます。 WebAssembly 経由で 100% オフライン。無料、無制限、そして非常に安全です。
画像を 50KB に圧縮 - スマート WebGPU 圧縮 - HelpMyIMG",0,true,29
21,https://helpmyimg.com/ja/kao-bokashi/,プロ仕様のオールインワン写真スタジオ - HelpMyIMG,text/html; charset=utf-8,false,200,0,false,"og:description
og:title","ブラウザ内で写真を直接結合、分割、圧縮、変換、処理できます。 WebAssembly 経由で 100% オフライン。無料、無制限、そして非常に安全です。
プロ仕様のオールインワン写真スタジオ - HelpMyIMG",0,true,29
21,https://helpmyimg.com/it/foto-con-filigrana-in-batch/,Foto con filigrana in batch: sommatore di logo in blocco - HelpMyIMG,text/html; charset=utf-8,false,200,0,false,"og:description
og:title","Combina, dividi, comprimi, converti ed elabora le foto direttamente nel tuo browser. 100% offline tramite WebAssembly. Gratuito, illimitato e altamente sicuro.
Foto con filigrana in batch: sommatore di logo in blocco - HelpMyIMG",0,true,29
21,https://helpmyimg.com/it/ruota-immagine/,Studio fotografico professionale e kit di strumenti in blocco - HelpMyIMG,text/html; charset=utf-8,false,200,0,false,"og:description
og:title","Combina, dividi, comprimi, converti ed elabora le foto direttamente nel tuo browser. 100% offline tramite WebAssembly. Gratuito, illimitato e altamente sicuro.
Studio fotografico professionale e kit di strumenti in blocco - HelpMyIMG",0,true,29
21,https://helpmyimg.com/da/fjern-baggrund/,✂️ Fjern Baggrund - HelpMyIMG,text/html; charset=utf-8,false,200,0,false,"og:description
og:title","Kombiner, opdel, komprimer, konverter og bearbejd billeder direkte i din browser. 100 % offline via WebAssembly. Gratis, ubegrænset og meget sikker.
✂️ Fjern Baggrund - HelpMyIMG",0,true,29
21,https://helpmyimg.com/ja/haikei-henko/,生体認証パスポート写真背景カラーチェンジャーオンライン - HelpMyIMG,text/html; charset=utf-8,false,200,0,false,"og:description
og:title","ブラウザ内で写真を直接結合、分割、圧縮、変換、処理できます。 WebAssembly 経由で 100% オフライン。無料、無制限、そして非常に安全です。
生体認証パスポート写真背景カラーチェンジャーオンライン - HelpMyIMG",0,true,29
21,https://helpmyimg.com/nl/verkleinen-voor-instagram/,Formaat van afbeelding wijzigen voor Instagram online - bijsnijden niet vereist - HelpMyIMG,text/html; charset=utf-8,false,200,0,false,"og:description
og:title","Combineer, splits, comprimeer, converteer en verwerk foto's rechtstreeks in uw browser. 100% offline via WebAssembly. Gratis, onbeperkt en zeer veilig.
Formaat van afbeelding wijzigen voor Instagram online - bijsnijden niet vereist - HelpMyIMG",0,true,29
21,https://helpmyimg.com/cs/odstraneni-pozadi/,✂️ Odstranit Pozadí - HelpMyIMG,text/html; charset=utf-8,false,200,0,false,"og:description
og:title","Kombinujte, rozdělujte, komprimujte, převádějte a zpracovávajte fotografie přímo ve vašem prohlížeči.100% offline přes WebAssembly.Zdarma, neomezené a vysoce bezpečné.
✂️ Odstranit Pozadí - HelpMyIMG",0,true,29
21,https://helpmyimg.com/ja/blur-license-plate/,オンラインでナンバープレートをぼかす - 自動車プライバシーセンサー - HelpMyIMG,text/html; charset=utf-8,false,200,0,false,"og:description
og:title","ブラウザ内で写真を直接結合、分割、圧縮、変換、処理できます。 WebAssembly 経由で 100% オフライン。無料、無制限、そして非常に安全です。
オンラインでナンバープレートをぼかす - 自動車プライバシーセンサー - HelpMyIMG",0,true,29
21,https://helpmyimg.com/id/hapus-orang-dari-foto/,Hapus Orang dari Foto - Penghapus Photobomb Gratis - HelpMyIMG,text/html; charset=utf-8,false,200,0,false,"og:description
og:title","Gabungkan, pisahkan, kompres, konversi, dan proses foto langsung di browser Anda. 100% offline melalui WebAssembly. Gratis, tidak terbatas, dan sangat aman.
Hapus Orang dari Foto - Penghapus Photobomb Gratis - HelpMyIMG",0,true,29
21,https://helpmyimg.com/fr/convertir-webp-en-jpg/,Convertir WEBP en JPG gratuitement - Convertisseur d'images - HelpMyIMG,text/html; charset=utf-8,false,200,0,false,"og:description
og:title","Combinez, divisez, compressez, convertissez et traitez des photos directement dans votre navigateur. 100% hors ligne via WebAssembly. Gratuit, illimité et hautement sécurisé.
Convertir WEBP en JPG gratuitement - Convertisseur d'images - HelpMyIMG",0,true,29
21,https://helpmyimg.com/en/advanced-editor/,Professional Photo Studio & Bulk Toolkit - HelpMyIMG,text/html; charset=utf-8,false,200,0,false,"og:description
og:title","Combine, split, compress, convert, and process photos directly in your browser. 100% offline via WebAssembly. Free, unlimited, and highly secure.
Professional Photo Studio & Bulk Toolkit - HelpMyIMG",0,true,58
21,https://helpmyimg.com/pt/marca-dagua/,©️ Marca d’água em minha imagem - HelpMyIMG,text/html; charset=utf-8,false,200,0,false,"og:description
og:title","Combine, divida, compacte, converta e processe fotos diretamente no seu navegador. 100% off-line via WebAssembly. Gratuito, ilimitado e altamente seguro.
©️ Marca d’água em minha imagem - HelpMyIMG",0,true,29
21,https://helpmyimg.com/es/fotos-de-marca-de-agua-por-lotes/,Fotos de marcas de agua por lotes: sumador de logotipos a granel - HelpMyIMG,text/html; charset=utf-8,false,200,0,false,"og:description
og:title","Combine, divida, comprima, convierta y procese fotografías directamente en su navegador. 100% sin conexión a través de WebAssembly. Gratis, ilimitado y muy seguro.
Fotos de marcas de agua por lotes: sumador de logotipos a granel - HelpMyIMG",0,true,29
21,https://helpmyimg.com/tr/grnty-200kbye-sktr/,Görüntüyü 200 KB'a Sıkıştır - Yüksek Kaliteli Düşürücü - HelpMyIMG,text/html; charset=utf-8,false,200,0,false,"og:description
og:title","Fotoğrafları doğrudan tarayıcınızda birleştirin, bölün, sıkıştırın, dönüştürün ve işleyin. WebAssembly aracılığıyla %100 çevrimdışı. Ücretsiz, sınırsız ve son derece güvenli.
Görüntüyü 200 KB'a Sıkıştır - Yüksek Kaliteli Düşürücü - HelpMyIMG",0,true,29
21,https://helpmyimg.com/nl/geavanceerde-editor/,Professionele fotostudio en bulktoolkit - HelpMyIMG,text/html; charset=utf-8,false,200,0,false,"og:description
og:title","Combineer, splits, comprimeer, converteer en verwerk foto's rechtstreeks in uw browser. 100% offline via WebAssembly. Gratis, onbeperkt en zeer veilig.
Professionele fotostudio en bulktoolkit - HelpMyIMG",0,true,29
21,https://helpmyimg.com/nl/verander-de-fotoachtergrond-naar-wit/,Verander de fotoachtergrond in wit - klaar voor Amazon en e-commerce - HelpMyIMG,text/html; charset=utf-8,false,200,0,false,"og:description
og:title","Combineer, splits, comprimeer, converteer en verwerk foto's rechtstreeks in uw browser. 100% offline via WebAssembly. Gratis, onbeperkt en zeer veilig.
Verander de fotoachtergrond in wit - klaar voor Amazon en e-commerce - HelpMyIMG",0,true,29
21,https://helpmyimg.com/cs/komprimovat-obrzek-na-200-kb/,Komprimujte obrázek na 200 kB – vysoce kvalitní redukce - HelpMyIMG,text/html; charset=utf-8,false,200,0,false,"og:description
og:title","Kombinujte, rozdělujte, komprimujte, převádějte a zpracovávajte fotografie přímo ve vašem prohlížeči.100% offline přes WebAssembly.Zdarma, neomezené a vysoce bezpečné.
Komprimujte obrázek na 200 kB – vysoce kvalitní redukce - HelpMyIMG",0,true,29
21,https://helpmyimg.com/ro/convertire-imagine/,Convertire WEBP to JPG Gratuit - HelpMyIMG,text/html; charset=utf-8,false,200,0,false,"og:description
og:title","Combinați, împărțiți, comprimați, convertiți și procesați fotografiile direct în browser. 100% offline prin WebAssembly. Gratuit, nelimitat și foarte sigur.
Convertire WEBP to JPG Gratuit - HelpMyIMG",0,true,29
21,https://helpmyimg.com/ms/putar-imej/,Studio Foto Profesional & Kit Alat Pukal - HelpMyIMG,text/html; charset=utf-8,false,200,0,false,"og:description
og:title","Gabungkan, belah, mampatkan, tukar dan proses foto terus dalam penyemak imbas anda. 100% di luar talian melalui WebAssembly. Percuma, tidak terhad dan sangat selamat.
Studio Foto Profesional & Kit Alat Pukal - HelpMyIMG",0,true,29
21,https://helpmyimg.com/he/sivuv-tmuna/,סטודיו לצילום מקצועי וערכת כלים בתפזורת - HelpMyIMG,text/html; charset=utf-8,false,200,0,false,"og:description
og:title","שלב, פצל, דחס, המר ועבד תמונות ישירות בדפדפן שלך. 100% לא מקוון באמצעות WebAssembly. חינם, ללא הגבלה, ומאובטח מאוד.
סטודיו לצילום מקצועי וערכת כלים בתפזורת - HelpMyIMG",0,true,29
21,https://helpmyimg.com/ru/izmenit-razmer/,Изменить размер Изображение to 4x6 Бесплатно - HelpMyIMG,text/html; charset=utf-8,false,200,0,false,"og:description
og:title","Объединяйте, разделяйте, сжимайте, конвертируйте и обрабатывайте фотографии прямо в браузере. 100% автономный режим через WebAssembly. Бесплатно, безлимитно и очень безопасно.
Изменить размер Изображение to 4x6 Бесплатно - HelpMyIMG",0,true,29
21,https://helpmyimg.com/ar/jpg/,تحويل WEBP إلى JPG مجانًا - محول الصور - HelpMyIMG,text/html; charset=utf-8,false,200,0,false,"og:description
og:title","قم بدمج الصور وتقسيمها وضغطها وتحويلها ومعالجتها مباشرة في متصفحك.غير متصل بالإنترنت بنسبة 100% عبر WebAssembly.مجاني وغير محدود وآمن للغاية.
تحويل WEBP إلى JPG مجانًا - محول الصور - HelpMyIMG",0,true,29
21,https://helpmyimg.com/hu/hatter-eltavolitas/,✂️ Háttér Eltávolítása - HelpMyIMG,text/html; charset=utf-8,false,200,0,false,"og:description
og:title","Kombinálja, osztja fel, tömörítse, konvertálja és dolgozza fel a fényképeket közvetlenül a böngészőben. 100%-ban offline a WebAssembly segítségével. Ingyenes, korlátlan és rendkívül biztonságos.
✂️ Háttér Eltávolítása - HelpMyIMG",0,true,29
21,https://helpmyimg.com/es/difuminar-rostro/,Estudio Fotográfico Profesional Todo en Uno - HelpMyIMG,text/html; charset=utf-8,false,200,0,false,"og:description
og:title","Combine, divida, comprima, convierta y procese fotografías directamente en su navegador. 100% sin conexión a través de WebAssembly. Gratis, ilimitado y muy seguro.
Estudio Fotográfico Profesional Todo en Uno - HelpMyIMG",0,true,29
21,https://helpmyimg.com/es/recortar-imagen/,Estudio Fotográfico Profesional Todo en Uno - HelpMyIMG,text/html; charset=utf-8,false,200,0,false,"og:description
og:title","Combine, divida, comprima, convierta y procese fotografías directamente en su navegador. 100% sin conexión a través de WebAssembly. Gratis, ilimitado y muy seguro.
Estudio Fotográfico Profesional Todo en Uno - HelpMyIMG",0,true,29
21,https://helpmyimg.com/hu/elmosdott-rendszm/,Elmosódott rendszámtábla online – Auto Privacy Censor - HelpMyIMG,text/html; charset=utf-8,false,200,0,false,"og:description
og:title","Kombinálja, osztja fel, tömörítse, konvertálja és dolgozza fel a fényképeket közvetlenül a böngészőben. 100%-ban offline a WebAssembly segítségével. Ingyenes, korlátlan és rendkívül biztonságos.
Elmosódott rendszámtábla online – Auto Privacy Censor - HelpMyIMG",0,true,29
21,https://helpmyimg.com/tl/advanced-na-editor/,Propesyonal na Photo Studio at Bulk Toolkit - HelpMyIMG,text/html; charset=utf-8,false,200,0,false,"og:description
og:title","Pagsamahin, hatiin, i-compress, i-convert, at iproseso ang mga larawan nang direkta sa iyong browser. 100% offline sa pamamagitan ng WebAssembly. Libre, walang limitasyon, at lubos na secure.
Propesyonal na Photo Studio at Bulk Toolkit - HelpMyIMG",0,true,29
21,https://helpmyimg.com/cs/dvkov-fotografie-vodoznaku/,Batch Watermark Photos - Bulk Logo Adder - HelpMyIMG,text/html; charset=utf-8,false,200,0,false,"og:description
og:title","Kombinujte, rozdělujte, komprimujte, převádějte a zpracovávajte fotografie přímo ve vašem prohlížeči.100% offline přes WebAssembly.Zdarma, neomezené a vysoce bezpečné.
Batch Watermark Photos - Bulk Logo Adder - HelpMyIMG",0,true,29
21,https://helpmyimg.com/en/compress-image/,Compress Image to 100KB Online Free (Batch 20-50 Photos) - HelpMyIMG,text/html; charset=utf-8,false,200,0,false,"og:description
og:title","Combine, split, compress, convert, and process photos directly in your browser. 100% offline via WebAssembly. Free, unlimited, and highly secure.
Compress Image to 100KB Online Free (Batch 20-50 Photos) - HelpMyIMG",0,true,58
21,https://helpmyimg.com/ro/eliminai-persoana-din-fotografie/,Eliminați persoana din fotografie - Photobomb Eraser gratuit - HelpMyIMG,text/html; charset=utf-8,false,200,0,false,"og:description
og:title","Combinați, împărțiți, comprimați, convertiți și procesați fotografiile direct în browser. 100% offline prin WebAssembly. Gratuit, nelimitat și foarte sigur.
Eliminați persoana din fotografie - Photobomb Eraser gratuit - HelpMyIMG",0,true,29
21,https://helpmyimg.com/th/bip-ad-rup-phap/,บีบอัด รูปภาพ to 200KB ฟรี - HelpMyIMG,text/html; charset=utf-8,false,200,0,false,"og:description
og:title","รวม แยก บีบอัด แปลง และประมวลผลรูปภาพได้โดยตรงในเบราว์เซอร์ของคุณ ออฟไลน์ 100% ผ่าน WebAssembly ฟรี ไม่จำกัด และมีความปลอดภัยสูง
บีบอัด รูปภาพ to 200KB ฟรี - HelpMyIMG",0,true,29
21,https://helpmyimg.com/he/dchisat-tmuna-100kb/,דחוס תמונה ל-100KB בחינם באינטרנט - מהיר ופרטי - HelpMyIMG,text/html; charset=utf-8,false,200,0,false,"og:description
og:title","שלב, פצל, דחס, המר ועבד תמונות ישירות בדפדפן שלך. 100% לא מקוון באמצעות WebAssembly. חינם, ללא הגבלה, ומאובטח מאוד.
דחוס תמונה ל-100KB בחינם באינטרנט - מהיר ופרטי - HelpMyIMG",0,true,29
21,https://helpmyimg.com/it/ridimensiona-immagine/,Ridimensiona Immagine to 4x6 Gratis - HelpMyIMG,text/html; charset=utf-8,false,200,0,false,"og:description
og:title","Combina, dividi, comprimi, converti ed elabora le foto direttamente nel tuo browser. 100% offline tramite WebAssembly. Gratuito, illimitato e altamente sicuro.
Ridimensiona Immagine to 4x6 Gratis - HelpMyIMG",0,true,29
21,https://helpmyimg.com/hi/convert-webp-to-jpg/,WEBP को JPG में निःशुल्क कनवर्ट करें - छवि कनवर्टर - HelpMyIMG,text/html; charset=utf-8,false,200,0,false,"og:description
og:title","फ़ोटो को सीधे अपने ब्राउज़र में संयोजित करें, विभाजित करें, संपीड़ित करें, रूपांतरित करें और संसाधित करें। WebAssembly के माध्यम से 100% ऑफ़लाइन। मुफ़्त, असीमित और अत्यधिक सुरक्षित।
WEBP को JPG में निःशुल्क कनवर्ट करें - छवि कनवर्टर - HelpMyIMG",0,true,29
21,https://helpmyimg.com/ar/daght-sura-100kb/,ضغط الصور إلى 100 كيلو بايت عبر الإنترنت مجانًا - سريع وخاص - HelpMyIMG,text/html; charset=utf-8,false,200,0,false,"og:description
og:title","قم بدمج الصور وتقسيمها وضغطها وتحويلها ومعالجتها مباشرة في متصفحك.غير متصل بالإنترنت بنسبة 100% عبر WebAssembly.مجاني وغير محدود وآمن للغاية.
ضغط الصور إلى 100 كيلو بايت عبر الإنترنت مجانًا - سريع وخاص - HelpMyIMG",0,true,29
21,https://helpmyimg.com/sv/avancerad-redigerare/,Professionell fotostudio & Bulk Toolkit - HelpMyIMG,text/html; charset=utf-8,false,200,0,false,"og:description
og:title","Kombinera, dela, komprimera, konvertera och bearbeta foton direkt i din webbläsare. 100 % offline via WebAssembly. Gratis, obegränsad och mycket säker.
Professionell fotostudio & Bulk Toolkit - HelpMyIMG",0,true,29
21,https://helpmyimg.com/zh/genghuan-beijing/,生物识别护照照片背景在线换色器 - HelpMyIMG,text/html; charset=utf-8,false,200,0,false,"og:description
og:title","直接在浏览器中组合、分割、压缩、转换和处理照片。通过 WebAssembly 100% 离线。免费、无限制且高度安全。
生物识别护照照片背景在线换色器 - HelpMyIMG",0,true,29
21,https://helpmyimg.com/ar/tadwir-sura/,الاستوديو الاحترافي الشامل لتحرير الصور والمعالجة الجماعية - HelpMyIMG,text/html; charset=utf-8,false,200,0,false,"og:description
og:title","قم بدمج الصور وتقسيمها وضغطها وتحويلها ومعالجتها مباشرة في متصفحك.غير متصل بالإنترنت بنسبة 100% عبر WebAssembly.مجاني وغير محدود وآمن للغاية.
الاستوديو الاحترافي الشامل لتحرير الصور والمعالجة الجماعية - HelpMyIMG",0,true,29
21,https://helpmyimg.com/th/resize-photo-to-passport-size/,ปรับขนาดภาพถ่ายเป็นขนาดหนังสือเดินทาง - Visa & ID Maker - HelpMyIMG,text/html; charset=utf-8,false,200,0,false,"og:description
og:title","รวม แยก บีบอัด แปลง และประมวลผลรูปภาพได้โดยตรงในเบราว์เซอร์ของคุณ ออฟไลน์ 100% ผ่าน WebAssembly ฟรี ไม่จำกัด และมีความปลอดภัยสูง
ปรับขนาดภาพถ่ายเป็นขนาดหนังสือเดินทาง - Visa & ID Maker - HelpMyIMG",0,true,29
21,https://helpmyimg.com/pl/wybieracz-kolorow/,Profesjonalne studio fotograficzne i zestaw narzędzi zbiorczych - HelpMyIMG,text/html; charset=utf-8,false,200,0,false,"og:description
og:title","Łącz, dziel, kompresuj, konwertuj i przetwarzaj zdjęcia bezpośrednio w przeglądarce. 100% offline poprzez WebAssembly. Bezpłatny, nieograniczony i wysoce bezpieczny.
Profesjonalne studio fotograficzne i zestaw narzędzi zbiorczych - HelpMyIMG",0,true,29
21,https://helpmyimg.com/uk/stysnuty-do-50kb/,Стисніть зображення до 50 КБ - Smart WebGPU Compression - HelpMyIMG,text/html; charset=utf-8,false,200,0,false,"og:description
og:title","Комбінуйте, розділяйте, стискайте, конвертуйте та обробляйте фотографії безпосередньо у вашому браузері. 100% офлайн через WebAssembly. Безкоштовний, необмежений і дуже безпечний.
Стисніть зображення до 50 КБ - Smart WebGPU Compression - HelpMyIMG",0,true,29
21,https://helpmyimg.com/cs/otoceni-obrazku/,Profesionální fotografické studio a sada nástrojů pro hromadné zpracování - HelpMyIMG,text/html; charset=utf-8,false,200,0,false,"og:description
og:title","Kombinujte, rozdělujte, komprimujte, převádějte a zpracovávajte fotografie přímo ve vašem prohlížeči.100% offline přes WebAssembly.Zdarma, neomezené a vysoce bezpečné.
Profesionální fotografické studio a sada nástrojů pro hromadné zpracování - HelpMyIMG",0,true,29
21,https://helpmyimg.com/nl/afbeelding-verkleinen/,Formaat wijzigen Afbeelding to 4x6 Gratis - HelpMyIMG,text/html; charset=utf-8,false,200,0,false,"og:description
og:title","Combineer, splits, comprimeer, converteer en verwerk foto's rechtstreeks in uw browser. 100% offline via WebAssembly. Gratis, onbeperkt en zeer veilig.
Formaat wijzigen Afbeelding to 4x6 Gratis - HelpMyIMG",0,true,29
21,https://helpmyimg.com/sv/batch-vattenstmpel-bilder/,Batch Watermark Photos - Bulk Logo Adder - HelpMyIMG,text/html; charset=utf-8,false,200,0,false,"og:description
og:title","Kombinera, dela, komprimera, konvertera och bearbeta foton direkt i din webbläsare. 100 % offline via WebAssembly. Gratis, obegränsad och mycket säker.
Batch Watermark Photos - Bulk Logo Adder - HelpMyIMG",0,true,29
21,https://helpmyimg.com/it/comprimi-immagine-100kb/,Comprimi immagine a 100KB online gratuitamente: veloce e privato - HelpMyIMG,text/html; charset=utf-8,false,200,0,false,"og:description
og:title","Combina, dividi, comprimi, converti ed elabora le foto direttamente nel tuo browser. 100% offline tramite WebAssembly. Gratuito, illimitato e altamente sicuro.
Comprimi immagine a 100KB online gratuitamente: veloce e privato - HelpMyIMG",0,true,29
21,https://helpmyimg.com/da/sloret-ansigt/,Professionelt fotostudie og bulk-værktøjssæt - HelpMyIMG,text/html; charset=utf-8,false,200,0,false,"og:description
og:title","Kombiner, opdel, komprimer, konverter og bearbejd billeder direkte i din browser. 100 % offline via WebAssembly. Gratis, ubegrænset og meget sikker.
Professionelt fotostudie og bulk-værktøjssæt - HelpMyIMG",0,true,29
21,https://helpmyimg.com/fi/pakkaa-kuvan-kokoon-200-kb/,Pakkaa kuva 200 kilotavuun - korkealaatuinen pienennys - HelpMyIMG,text/html; charset=utf-8,false,200,0,false,"og:description
og:title","Yhdistä, jaa, pakkaa, muunna ja käsittele valokuvia suoraan selaimessasi. 100 % offline-tilassa WebAssemblyn kautta. Ilmainen, rajoittamaton ja erittäin turvallinen.
Pakkaa kuva 200 kilotavuun - korkealaatuinen pienennys - HelpMyIMG",0,true,29
21,https://helpmyimg.com/da/konverter-billede/,Konverter WEBP to JPG Gratis - HelpMyIMG,text/html; charset=utf-8,false,200,0,false,"og:description
og:title","Kombiner, opdel, komprimer, konverter og bearbejd billeder direkte i din browser. 100 % offline via WebAssembly. Gratis, ubegrænset og meget sikker.
Konverter WEBP to JPG Gratis - HelpMyIMG",0,true,29
21,https://helpmyimg.com/en/compress200kb/,Compress Image to 200KB - High Quality Reducer - HelpMyIMG,text/html; charset=utf-8,false,200,0,false,"og:description
og:title","Combine, split, compress, convert, and process photos directly in your browser. 100% offline via WebAssembly. Free, unlimited, and highly secure.
Compress Image to 200KB - High Quality Reducer - HelpMyIMG",0,true,58
21,https://helpmyimg.com/th/luk-si/,สตูดิโอถ่ายภาพระดับมืออาชีพและชุดเครื่องมือจำนวนมาก - HelpMyIMG,text/html; charset=utf-8,false,200,0,false,"og:description
og:title","รวม แยก บีบอัด แปลง และประมวลผลรูปภาพได้โดยตรงในเบราว์เซอร์ของคุณ ออฟไลน์ 100% ผ่าน WebAssembly ฟรี ไม่จำกัด และมีความปลอดภัยสูง
สตูดิโอถ่ายภาพระดับมืออาชีพและชุดเครื่องมือจำนวนมาก - HelpMyIMG",0,true,29
21,https://helpmyimg.com/he/tistush-panim/,סטודיו לצילום מקצועי וערכת כלים בתפזורת - HelpMyIMG,text/html; charset=utf-8,false,200,0,false,"og:description
og:title","שלב, פצל, דחס, המר ועבד תמונות ישירות בדפדפן שלך. 100% לא מקוון באמצעות WebAssembly. חינם, ללא הגבלה, ומאובטח מאוד.
סטודיו לצילום מקצועי וערכת כלים בתפזורת - HelpMyIMG",0,true,29
21,https://helpmyimg.com/he/magic-brush/,מברשת ידנית - HelpMyIMG,text/html; charset=utf-8,false,200,0,false,"og:description
og:title","שלב, פצל, דחס, המר ועבד תמונות ישירות בדפדפן שלך. 100% לא מקוון באמצעות WebAssembly. חינם, ללא הגבלה, ומאובטח מאוד.
מברשת ידנית - HelpMyIMG",0,true,29
21,https://helpmyimg.com/it/comprimi-immagine-50kb/,Comprimi immagine a 50 KB: compressione WebGPU intelligente - HelpMyIMG,text/html; charset=utf-8,false,200,0,false,"og:description
og:title","Combina, dividi, comprimi, converti ed elabora le foto direttamente nel tuo browser. 100% offline tramite WebAssembly. Gratuito, illimitato e altamente sicuro.
Comprimi immagine a 50 KB: compressione WebGPU intelligente - HelpMyIMG",0,true,29
21,https://helpmyimg.com/hu/a-fnykp-tmretezse-az-tlevl-mretre/,Fénykép átméretezése útlevélméretre – Visa & ID Maker - HelpMyIMG,text/html; charset=utf-8,false,200,0,false,"og:description
og:title","Kombinálja, osztja fel, tömörítse, konvertálja és dolgozza fel a fényképeket közvetlenül a böngészőben. 100%-ban offline a WebAssembly segítségével. Ingyenes, korlátlan és rendkívül biztonságos.
Fénykép átméretezése útlevélméretre – Visa & ID Maker - HelpMyIMG",0,true,29
21,https://helpmyimg.com/vi/cat-anh/,Studio ảnh chuyên nghiệp & Bộ công cụ hàng loạt - HelpMyIMG,text/html; charset=utf-8,false,200,0,false,"og:description
og:title","Kết hợp, tách, nén, chuyển đổi và xử lý ảnh trực tiếp trong trình duyệt của bạn. Ngoại tuyến 100% qua WebAssugging. Miễn phí, không giới hạn và có tính bảo mật cao.
Studio ảnh chuyên nghiệp & Bộ công cụ hàng loạt - HelpMyIMG",0,true,29
21,https://helpmyimg.com/fr/supprimer-fond/,✂️ Détourage IA - HelpMyIMG,text/html; charset=utf-8,false,200,0,false,"og:description
og:title","Combinez, divisez, compressez, convertissez et traitez des photos directement dans votre navigateur. 100% hors ligne via WebAssembly. Gratuit, illimité et hautement sécurisé.
✂️ Détourage IA - HelpMyIMG",0,true,29
21,https://helpmyimg.com/ms/magic-brush/,Berus Manual - HelpMyIMG,text/html; charset=utf-8,false,200,0,false,"og:description
og:title","Gabungkan, belah, mampatkan, tukar dan proses foto terus dalam penyemak imbas anda. 100% di luar talian melalui WebAssembly. Percuma, tidak terhad dan sangat selamat.
Berus Manual - HelpMyIMG",0,true,29
21,https://helpmyimg.com/tl/palabuin-ang-mukha/,Propesyonal na Photo Studio at Bulk Toolkit - HelpMyIMG,text/html; charset=utf-8,false,200,0,false,"og:description
og:title","Pagsamahin, hatiin, i-compress, i-convert, at iproseso ang mga larawan nang direkta sa iyong browser. 100% offline sa pamamagitan ng WebAssembly. Libre, walang limitasyon, at lubos na secure.
Propesyonal na Photo Studio at Bulk Toolkit - HelpMyIMG",0,true,29
21,https://helpmyimg.com/vi/nen-anh-50kb/,Nén hình ảnh xuống 50KB - Nén WebGPU thông minh - HelpMyIMG,text/html; charset=utf-8,false,200,0,false,"og:description
og:title","Kết hợp, tách, nén, chuyển đổi và xử lý ảnh trực tiếp trong trình duyệt của bạn. Ngoại tuyến 100% qua WebAssugging. Miễn phí, không giới hạn và có tính bảo mật cao.
Nén hình ảnh xuống 50KB - Nén WebGPU thông minh - HelpMyIMG",0,true,29
21,https://helpmyimg.com/ar/izalat-khalfia/,✂️ إزالة الخلفية - HelpMyIMG,text/html; charset=utf-8,false,200,0,false,"og:description
og:title","قم بدمج الصور وتقسيمها وضغطها وتحويلها ومعالجتها مباشرة في متصفحك.غير متصل بالإنترنت بنسبة 100% عبر WebAssembly.مجاني وغير محدود وآمن للغاية.
✂️ إزالة الخلفية - HelpMyIMG",0,true,29
21,https://helpmyimg.com/zh/shuiyin/,©️ 给我的图片加水印 - HelpMyIMG,text/html; charset=utf-8,false,200,0,false,"og:description
og:title","直接在浏览器中组合、分割、压缩、转换和处理照片。通过 WebAssembly 100% 离线。免费、无限制且高度安全。
©️ 给我的图片加水印 - HelpMyIMG",0,true,29
21,https://helpmyimg.com/fr/editeur-avance/,Studio Photo Professionnel & Boîte à Outils - HelpMyIMG,text/html; charset=utf-8,false,200,0,false,"og:description
og:title","Combinez, divisez, compressez, convertissez et traitez des photos directement dans votre navigateur. 100% hors ligne via WebAssembly. Gratuit, illimité et hautement sécurisé.
Studio Photo Professionnel & Boîte à Outils - HelpMyIMG",0,true,29
21,https://helpmyimg.com/ja/insutaguramu-ri-saizu/,Instagramオンライン用に画像のサイズを変更 - トリミングは必要ありません - HelpMyIMG,text/html; charset=utf-8,false,200,0,false,"og:description
og:title","ブラウザ内で写真を直接結合、分割、圧縮、変換、処理できます。 WebAssembly 経由で 100% オフライン。無料、無制限、そして非常に安全です。
Instagramオンライン用に画像のサイズを変更 - トリミングは必要ありません - HelpMyIMG",0,true,29
21,https://helpmyimg.com/ar/remove-background-from-logo/,إزالة الخلفية من الشعار مجانًا - صانع PNG الشفاف - HelpMyIMG,text/html; charset=utf-8,false,200,0,false,"og:description
og:title","قم بدمج الصور وتقسيمها وضغطها وتحويلها ومعالجتها مباشرة في متصفحك.غير متصل بالإنترنت بنسبة 100% عبر WebAssembly.مجاني وغير محدود وآمن للغاية.
إزالة الخلفية من الشعار مجانًا - صانع PNG الشفاف - HelpMyIMG",0,true,29
21,https://helpmyimg.com/id/ubah-ukuran-gambar/,Ubah Ukuran (Resize) Foto Jadi 4x6 untuk CPNS & KTP - HelpMyIMG,text/html; charset=utf-8,false,200,0,false,"og:description
og:title","Gabungkan, pisahkan, kompres, konversi, dan proses foto langsung di browser Anda. 100% offline melalui WebAssembly. Gratis, tidak terbatas, dan sangat aman.
Ubah Ukuran (Resize) Foto Jadi 4x6 untuk CPNS & KTP - HelpMyIMG",0,true,29
21,https://helpmyimg.com/nl/converteer-webp-naar-jpg/,Converteer WEBP naar JPG Gratis - Image Converter - HelpMyIMG,text/html; charset=utf-8,false,200,0,false,"og:description
og:title","Combineer, splits, comprimeer, converteer en verwerk foto's rechtstreeks in uw browser. 100% offline via WebAssembly. Gratis, onbeperkt en zeer veilig.
Converteer WEBP naar JPG Gratis - Image Converter - HelpMyIMG",0,true,29
21,https://helpmyimg.com/ms/ubah-saiz-instagram/,Ubah Saiz Imej untuk Instagram Dalam Talian - Tiada Pemotongan Diperlukan - HelpMyIMG,text/html; charset=utf-8,false,200,0,false,"og:description
og:title","Gabungkan, belah, mampatkan, tukar dan proses foto terus dalam penyemak imbas anda. 100% di luar talian melalui WebAssembly. Percuma, tidak terhad dan sangat selamat.
Ubah Saiz Imej untuk Instagram Dalam Talian - Tiada Pemotongan Diperlukan - HelpMyIMG",0,true,29
21,https://helpmyimg.com/he/dchisat-tmuna-50kb/,דחוס תמונה ל-50KB - דחיסה חכמה של WebGPU - HelpMyIMG,text/html; charset=utf-8,false,200,0,false,"og:description
og:title","שלב, פצל, דחס, המר ועבד תמונות ישירות בדפדפן שלך. 100% לא מקוון באמצעות WebAssembly. חינם, ללא הגבלה, ומאובטח מאוד.
דחוס תמונה ל-50KB - דחיסה חכמה של WebGPU - HelpMyIMG",0,true,29
21,https://helpmyimg.com/ru/szhat-izobrazhenie-100kb/,Сжимайте изображение до 100 КБ онлайн бесплатно — быстро и конфиденциально - HelpMyIMG,text/html; charset=utf-8,false,200,0,false,"og:description
og:title","Объединяйте, разделяйте, сжимайте, конвертируйте и обрабатывайте фотографии прямо в браузере. 100% автономный режим через WebAssembly. Бесплатно, безлимитно и очень безопасно.
Сжимайте изображение до 100 КБ онлайн бесплатно — быстро и конфиденциально - HelpMyIMG",0,true,29
21,https://helpmyimg.com/hu/hatter-modositas/,Biometrikus útlevélfotó háttérszínváltó online - HelpMyIMG,text/html; charset=utf-8,false,200,0,false,"og:description
og:title","Kombinálja, osztja fel, tömörítse, konvertálja és dolgozza fel a fényképeket közvetlenül a böngészőben. 100%-ban offline a WebAssembly segítségével. Ingyenes, korlátlan és rendkívül biztonságos.
Biometrikus útlevélfotó háttérszínváltó online - HelpMyIMG",0,true,29
21,https://helpmyimg.com/cs/zmena-velikosti-instagram/,Změna velikosti obrázku pro Instagram online – není potřeba žádné oříznutí - HelpMyIMG,text/html; charset=utf-8,false,200,0,false,"og:description
og:title","Kombinujte, rozdělujte, komprimujte, převádějte a zpracovávajte fotografie přímo ve vašem prohlížeči.100% offline přes WebAssembly.Zdarma, neomezené a vysoce bezpečné.
Změna velikosti obrázku pro Instagram online – není potřeba žádné oříznutí - HelpMyIMG",0,true,29
21,https://helpmyimg.com/es/convertir-imagen/,Convierta 30 fotos a WEBP en línea gratis (procesamiento por lotes y ZIP) - HelpMyIMG,text/html; charset=utf-8,false,200,0,false,"og:description
og:title","Combine, divida, comprima, convierta y procese fotografías directamente en su navegador. 100% sin conexión a través de WebAssembly. Gratis, ilimitado y muy seguro.
Convierta 30 fotos a WEBP en línea gratis (procesamiento por lotes y ZIP) - HelpMyIMG",0,true,29
21,https://helpmyimg.com/cs/vyber-barev/,Profesionální fotografické studio a sada nástrojů pro hromadné zpracování - HelpMyIMG,text/html; charset=utf-8,false,200,0,false,"og:description
og:title","Kombinujte, rozdělujte, komprimujte, převádějte a zpracovávajte fotografie přímo ve vašem prohlížeči.100% offline přes WebAssembly.Zdarma, neomezené a vysoce bezpečné.
Profesionální fotografické studio a sada nástrojů pro hromadné zpracování - HelpMyIMG",0,true,29
21,https://helpmyimg.com/ko/remove-background-from-logo/,로고에서 배경을 무료로 제거하세요 - Transparent PNG Maker - HelpMyIMG,text/html; charset=utf-8,false,200,0,false,"og:description
og:title","브라우저에서 직접 사진을 결합, 분할, 압축, 변환 및 처리합니다. WebAssembly를 통해 100% 오프라인. 무료이며 무제한이며 매우 안전합니다.
로고에서 배경을 무료로 제거하세요 - Transparent PNG Maker - HelpMyIMG",0,true,29
21,https://helpmyimg.com/he/webp-jpg/,המר WEBP ל-JPG חינם - ממיר תמונות - HelpMyIMG,text/html; charset=utf-8,false,200,0,false,"og:description
og:title","שלב, פצל, דחס, המר ועבד תמונות ישירות בדפדפן שלך. 100% לא מקוון באמצעות WebAssembly. חינם, ללא הגבלה, ומאובטח מאוד.
המר WEBP ל-JPG חינם - ממיר תמונות - HelpMyIMG",0,true,29
21,https://helpmyimg.com/hu/szinvalaszto/,Professzionális fotóstúdió és tömeges eszközkészlet - HelpMyIMG,text/html; charset=utf-8,false,200,0,false,"og:description
og:title","Kombinálja, osztja fel, tömörítse, konvertálja és dolgozza fel a fényképeket közvetlenül a böngészőben. 100%-ban offline a WebAssembly segítségével. Ingyenes, korlátlan és rendkívül biztonságos.
Professzionális fotóstúdió és tömeges eszközkészlet - HelpMyIMG",0,true,29
21,https://helpmyimg.com/uk/konvertuvaty-zobrazhennya/,Конвертувати WEBP to JPG Безкоштовно - HelpMyIMG,text/html; charset=utf-8,false,200,0,false,"og:description
og:title","Комбінуйте, розділяйте, стискайте, конвертуйте та обробляйте фотографії безпосередньо у вашому браузері. 100% офлайн через WebAssembly. Безкоштовний, необмежений і дуже безпечний.
Конвертувати WEBP to JPG Безкоштовно - HelpMyIMG",0,true,29
21,https://helpmyimg.com/no/endre-bildebakgrunnen-til-hvit/,Endre bildebakgrunn til hvit - klar for Amazon og e-handel - HelpMyIMG,text/html; charset=utf-8,false,200,0,false,"og:description
og:title","Kombiner, del, komprimer, konverter og bearbeid bilder direkte i nettleseren din. 100 % offline via WebAssembly. Gratis, ubegrenset og svært sikker.
Endre bildebakgrunn til hvit - klar for Amazon og e-handel - HelpMyIMG",0,true,29
21,https://helpmyimg.com/pl/znak-wodny/,©️ Znak wodny mojego obrazu - HelpMyIMG,text/html; charset=utf-8,false,200,0,false,"og:description
og:title","Łącz, dziel, kompresuj, konwertuj i przetwarzaj zdjęcia bezpośrednio w przeglądarce. 100% offline poprzez WebAssembly. Bezpłatny, nieograniczony i wysoce bezpieczny.
©️ Znak wodny mojego obrazu - HelpMyIMG",0,true,29
21,https://helpmyimg.com/cs/komprese-na-50kb/,Komprimujte obrázek na 50 kB – Inteligentní komprese WebGPU - HelpMyIMG,text/html; charset=utf-8,false,200,0,false,"og:description
og:title","Kombinujte, rozdělujte, komprimujte, převádějte a zpracovávajte fotografie přímo ve vašem prohlížeči.100% offline přes WebAssembly.Zdarma, neomezené a vysoce bezpečné.
Komprimujte obrázek na 50 kB – Inteligentní komprese WebGPU - HelpMyIMG",0,true,29
21,https://helpmyimg.com/da/konverter-webp-til-jpg/,Konverter WEBP til JPG Free - Image Converter - HelpMyIMG,text/html; charset=utf-8,false,200,0,false,"og:description
og:title","Kombiner, opdel, komprimer, konverter og bearbejd billeder direkte i din browser. 100 % offline via WebAssembly. Gratis, ubegrænset og meget sikker.
Konverter WEBP til JPG Free - Image Converter - HelpMyIMG",0,true,29
21,https://helpmyimg.com/el/metatropi-eikonas/,Μετατροπή WEBP to JPG Δωρεάν - HelpMyIMG,text/html; charset=utf-8,false,200,0,false,"og:description
og:title","Συνδυάστε, διαχωρίστε, συμπιέστε, μετατρέψτε και επεξεργαστείτε φωτογραφίες απευθείας στο πρόγραμμα περιήγησής σας. 100% εκτός σύνδεσης μέσω WebAssembly. Δωρεάν, απεριόριστη και εξαιρετικά ασφαλής.
Μετατροπή WEBP to JPG Δωρεάν - HelpMyIMG",0,true,29
21,https://helpmyimg.com/sv/magic-brush/,Manuell Pensel - HelpMyIMG,text/html; charset=utf-8,false,200,0,false,"og:description
og:title","Kombinera, dela, komprimera, konvertera och bearbeta foton direkt i din webbläsare. 100 % offline via WebAssembly. Gratis, obegränsad och mycket säker.
Manuell Pensel - HelpMyIMG",0,true,29
21,https://helpmyimg.com/nl/magic-brush/,Handmatig Penseel - HelpMyIMG,text/html; charset=utf-8,false,200,0,false,"og:description
og:title","Combineer, splits, comprimeer, converteer en verwerk foto's rechtstreeks in uw browser. 100% offline via WebAssembly. Gratis, onbeperkt en zeer veilig.
Handmatig Penseel - HelpMyIMG",0,true,29
21,https://helpmyimg.com/fr/flouter-visage/,Studio Photo Professionnel & Boîte à Outils - HelpMyIMG,text/html; charset=utf-8,false,200,0,false,"og:description
og:title","Combinez, divisez, compressez, convertissez et traitez des photos directement dans votre navigateur. 100% hors ligne via WebAssembly. Gratuit, illimité et hautement sécurisé.
Studio Photo Professionnel & Boîte à Outils - HelpMyIMG",0,true,29
21,https://helpmyimg.com/cs/rozmazat-oblicej/,Profesionální fotografické studio a sada nástrojů pro hromadné zpracování - HelpMyIMG,text/html; charset=utf-8,false,200,0,false,"og:description
og:title","Kombinujte, rozdělujte, komprimujte, převádějte a zpracovávajte fotografie přímo ve vašem prohlížeči.100% offline přes WebAssembly.Zdarma, neomezené a vysoce bezpečné.
Profesionální fotografické studio a sada nástrojů pro hromadné zpracování - HelpMyIMG",0,true,29
21,https://helpmyimg.com/de/bild-auf-50kb-komprimieren/,Bild auf 50 KB komprimieren – Intelligente WebGPU-Komprimierung - HelpMyIMG,text/html; charset=utf-8,false,200,0,false,"og:description
og:title","Kombinieren, teilen, komprimieren, konvertieren und verarbeiten Sie Fotos direkt in Ihrem Browser. 100 % offline über WebAssembly. Kostenlos, unbegrenzt und äußerst sicher.
Bild auf 50 KB komprimieren – Intelligente WebGPU-Komprimierung - HelpMyIMG",0,true,29
21,https://helpmyimg.com/tr/logodan-arka-plan-kaldr/,Logodan Arka Planı Kaldırma Ücretsiz - Şeffaf PNG Oluşturucu - HelpMyIMG,text/html; charset=utf-8,false,200,0,false,"og:description
og:title","Fotoğrafları doğrudan tarayıcınızda birleştirin, bölün, sıkıştırın, dönüştürün ve işleyin. WebAssembly aracılığıyla %100 çevrimdışı. Ücretsiz, sınırsız ve son derece güvenli.
Logodan Arka Planı Kaldırma Ücretsiz - Şeffaf PNG Oluşturucu - HelpMyIMG",0,true,29
21,https://helpmyimg.com/tr/kiiyi-fotoraftan-kaldr/,Fotoğraftan Kişiyi Kaldır - Ücretsiz Fotoğraf Bombası Silgisi - HelpMyIMG,text/html; charset=utf-8,false,200,0,false,"og:description
og:title","Fotoğrafları doğrudan tarayıcınızda birleştirin, bölün, sıkıştırın, dönüştürün ve işleyin. WebAssembly aracılığıyla %100 çevrimdışı. Ücretsiz, sınırsız ve son derece güvenli.
Fotoğraftan Kişiyi Kaldır - Ücretsiz Fotoğraf Bombası Silgisi - HelpMyIMG",0,true,29
21,https://helpmyimg.com/he/200kb/,דחוס תמונה ל-200KB - מפחית באיכות גבוהה - HelpMyIMG,text/html; charset=utf-8,false,200,0,false,"og:description
og:title","שלב, פצל, דחס, המר ועבד תמונות ישירות בדפדפן שלך. 100% לא מקוון באמצעות WebAssembly. חינם, ללא הגבלה, ומאובטח מאוד.
דחוס תמונה ל-200KB - מפחית באיכות גבוהה - HelpMyIMG",0,true,29
21,https://helpmyimg.com/nl/watermerk/,©️ Watermerk mijn afbeelding - HelpMyIMG,text/html; charset=utf-8,false,200,0,false,"og:description
og:title","Combineer, splits, comprimeer, converteer en verwerk foto's rechtstreeks in uw browser. 100% offline via WebAssembly. Gratis, onbeperkt en zeer veilig.
©️ Watermerk mijn afbeelding - HelpMyIMG",0,true,29
21,https://helpmyimg.com/es/comprimir-imagen-a-100kb/,Comprime imágenes a 100 KB en línea gratis: rápido y privado - HelpMyIMG,text/html; charset=utf-8,false,200,0,false,"og:description
og:title","Combine, divida, comprima, convierta y procese fotografías directamente en su navegador. 100% sin conexión a través de WebAssembly. Gratis, ilimitado y muy seguro.
Comprime imágenes a 100 KB en línea gratis: rápido y privado - HelpMyIMG",0,true,29
21,https://helpmyimg.com/hu/vizjel/,©️ Vízjel Saját kép - HelpMyIMG,text/html; charset=utf-8,false,200,0,false,"og:description
og:title","Kombinálja, osztja fel, tömörítse, konvertálja és dolgozza fel a fényképeket közvetlenül a böngészőben. 100%-ban offline a WebAssembly segítségével. Ingyenes, korlátlan és rendkívül biztonságos.
©️ Vízjel Saját kép - HelpMyIMG",0,true,29
21,https://helpmyimg.com/pt/converter-imagem/,Converter WEBP to JPG Grátis - HelpMyIMG,text/html; charset=utf-8,false,200,0,false,"og:description
og:title","Combine, divida, compacte, converta e processe fotos diretamente no seu navegador. 100% off-line via WebAssembly. Gratuito, ilimitado e altamente seguro.
Converter WEBP to JPG Grátis - HelpMyIMG",0,true,29
21,https://helpmyimg.com/ro/eliminai-fundalul-din-logo/,Eliminați fundalul din Logo Free - Transparent PNG Maker - HelpMyIMG,text/html; charset=utf-8,false,200,0,false,"og:description
og:title","Combinați, împărțiți, comprimați, convertiți și procesați fotografiile direct în browser. 100% offline prin WebAssembly. Gratuit, nelimitat și foarte sigur.
Eliminați fundalul din Logo Free - Transparent PNG Maker - HelpMyIMG",0,true,29
21,https://helpmyimg.com/pt/editor-de-design/,Estúdio Fotográfico Profissional Tudo-em-Um - HelpMyIMG,text/html; charset=utf-8,false,200,0,false,"og:description
og:title","Combine, divida, compacte, converta e processe fotos diretamente no seu navegador. 100% off-line via WebAssembly. Gratuito, ilimitado e altamente seguro.
Estúdio Fotográfico Profissional Tudo-em-Um - HelpMyIMG",0,true,29
21,https://helpmyimg.com/en/magic-brush/,Manual Brush - HelpMyIMG,text/html; charset=utf-8,false,200,0,false,"og:description
og:title","Combine, split, compress, convert, and process photos directly in your browser. 100% offline via WebAssembly. Free, unlimited, and highly secure.
Manual Brush - HelpMyIMG",0,true,58
21,https://helpmyimg.com/tr/toplu-filigran-fotoraflar/,Toplu Filigran Fotoğrafları - Toplu Logo Ekleyici - HelpMyIMG,text/html; charset=utf-8,false,200,0,false,"og:description
og:title","Fotoğrafları doğrudan tarayıcınızda birleştirin, bölün, sıkıştırın, dönüştürün ve işleyin. WebAssembly aracılığıyla %100 çevrimdışı. Ücretsiz, sınırsız ve son derece güvenli.
Toplu Filigran Fotoğrafları - Toplu Logo Ekleyici - HelpMyIMG",0,true,29
21,https://helpmyimg.com/zh/mohu-renlian/,专业级一站式批量图像处理与摄影工作室 - HelpMyIMG,text/html; charset=utf-8,false,200,0,false,"og:description
og:title","直接在浏览器中组合、分割、压缩、转换和处理照片。通过 WebAssembly 100% 离线。免费、无限制且高度安全。
专业级一站式批量图像处理与摄影工作室 - HelpMyIMG",0,true,29
21,https://helpmyimg.com/el/allagi-megethous-instagram/,Αλλαγή μεγέθους εικόνας για το Instagram Online - Δεν απαιτείται περικοπή - HelpMyIMG,text/html; charset=utf-8,false,200,0,false,"og:description
og:title","Συνδυάστε, διαχωρίστε, συμπιέστε, μετατρέψτε και επεξεργαστείτε φωτογραφίες απευθείας στο πρόγραμμα περιήγησής σας. 100% εκτός σύνδεσης μέσω WebAssembly. Δωρεάν, απεριόριστη και εξαιρετικά ασφαλής.
Αλλαγή μεγέθους εικόνας για το Instagram Online - Δεν απαιτείται περικοπή - HelpMyIMG",0,true,29
21,https://helpmyimg.com/cs/magic-brush/,Ruční Štětec - HelpMyIMG,text/html; charset=utf-8,false,200,0,false,"og:description
og:title","Kombinujte, rozdělujte, komprimujte, převádějte a zpracovávajte fotografie přímo ve vašem prohlížeči.100% offline přes WebAssembly.Zdarma, neomezené a vysoce bezpečné.
Ruční Štětec - HelpMyIMG",0,true,29
21,https://helpmyimg.com/hu/konvertlja-a-webpt-jpgbe/,A WEBP konvertálása JPG formátumba ingyenes - Képkonverter - HelpMyIMG,text/html; charset=utf-8,false,200,0,false,"og:description
og:title","Kombinálja, osztja fel, tömörítse, konvertálja és dolgozza fel a fényképeket közvetlenül a böngészőben. 100%-ban offline a WebAssembly segítségével. Ingyenes, korlátlan és rendkívül biztonságos.
A WEBP konvertálása JPG formátumba ingyenes - Képkonverter - HelpMyIMG",0,true,29
21,https://helpmyimg.com/id/mengonversi-webp-ke-jpg/,Konversi WEBP ke JPG Gratis - Pengonversi Gambar - HelpMyIMG,text/html; charset=utf-8,false,200,0,false,"og:description
og:title","Gabungkan, pisahkan, kompres, konversi, dan proses foto langsung di browser Anda. 100% offline melalui WebAssembly. Gratis, tidak terbatas, dan sangat aman.
Konversi WEBP ke JPG Gratis - Pengonversi Gambar - HelpMyIMG",0,true,29
21,https://helpmyimg.com/de/bild-auf-100kb-komprimieren/,Komprimieren Sie das Bild online kostenlos auf 100 KB – schnell und privat - HelpMyIMG,text/html; charset=utf-8,false,200,0,false,"og:description
og:title","Kombinieren, teilen, komprimieren, konvertieren und verarbeiten Sie Fotos direkt in Ihrem Browser. 100 % offline über WebAssembly. Kostenlos, unbegrenzt und äußerst sicher.
Komprimieren Sie das Bild online kostenlos auf 100 KB – schnell und privat - HelpMyIMG",0,true,29
21,https://helpmyimg.com/nl/batch-watermerkfotos/,Batchwatermerkfoto's - Bulklogo-adder - HelpMyIMG,text/html; charset=utf-8,false,200,0,false,"og:description
og:title","Combineer, splits, comprimeer, converteer en verwerk foto's rechtstreeks in uw browser. 100% offline via WebAssembly. Gratis, onbeperkt en zeer veilig.
Batchwatermerkfoto's - Bulklogo-adder - HelpMyIMG",0,true,29
21,https://helpmyimg.com/hi/image-rotate/,पेशेवर ऑल-इन-वन फ़ोटो स्टूडियो और बल्क एडिटर - HelpMyIMG,text/html; charset=utf-8,false,200,0,false,"og:description
og:title","फ़ोटो को सीधे अपने ब्राउज़र में संयोजित करें, विभाजित करें, संपीड़ित करें, रूपांतरित करें और संसाधित करें। WebAssembly के माध्यम से 100% ऑफ़लाइन। मुफ़्त, असीमित और अत्यधिक सुरक्षित।
पेशेवर ऑल-इन-वन फ़ोटो स्टूडियो और बल्क एडिटर - HelpMyIMG",0,true,29
21,https://helpmyimg.com/zh/colorwhite/,将照片背景更改为白色 - 亚马逊和电子商​​​​务就绪 - HelpMyIMG,text/html; charset=utf-8,false,200,0,false,"og:description
og:title","直接在浏览器中组合、分割、压缩、转换和处理照片。通过 WebAssembly 100% 离线。免费、无限制且高度安全。
将照片背景更改为白色 - 亚马逊和电子商​​​​务就绪 - HelpMyIMG",0,true,29
21,https://helpmyimg.com/no/avansert-editor/,Profesjonelt fotostudio og bulkverktøysett - HelpMyIMG,text/html; charset=utf-8,false,200,0,false,"og:description
og:title","Kombiner, del, komprimer, konverter og bearbeid bilder direkte i nettleseren din. 100 % offline via WebAssembly. Gratis, ubegrenset og svært sikker.
Profesjonelt fotostudio og bulkverktøysett - HelpMyIMG",0,true,29
21,https://helpmyimg.com/fi/vesileima/,©️ Vesileima Kuvani - HelpMyIMG,text/html; charset=utf-8,false,200,0,false,"og:description
og:title","Yhdistä, jaa, pakkaa, muunna ja käsittele valokuvia suoraan selaimessasi. 100 % offline-tilassa WebAssemblyn kautta. Ilmainen, rajoittamaton ja erittäin turvallinen.
©️ Vesileima Kuvani - HelpMyIMG",0,true,29
21,https://helpmyimg.com/fi/ern-vesileimakuvia/,Erävesileimakuvat - Bulk Logo Adder - HelpMyIMG,text/html; charset=utf-8,false,200,0,false,"og:description
og:title","Yhdistä, jaa, pakkaa, muunna ja käsittele valokuvia suoraan selaimessasi. 100 % offline-tilassa WebAssemblyn kautta. Ilmainen, rajoittamaton ja erittäin turvallinen.
Erävesileimakuvat - Bulk Logo Adder - HelpMyIMG",0,true,29
21,https://helpmyimg.com/ru/jpg/,Конвертировать WEBP в JPG бесплатно — конвертер изображений - HelpMyIMG,text/html; charset=utf-8,false,200,0,false,"og:description
og:title","Объединяйте, разделяйте, сжимайте, конвертируйте и обрабатывайте фотографии прямо в браузере. 100% автономный режим через WebAssembly. Бесплатно, безлимитно и очень безопасно.
Конвертировать WEBP в JPG бесплатно — конвертер изображений - HelpMyIMG",0,true,29
21,https://helpmyimg.com/fr/redimensionner-la-photo-au-format-passeport/,Redimensionner la photo au format du passeport - Visa & ID Maker - HelpMyIMG,text/html; charset=utf-8,false,200,0,false,"og:description
og:title","Combinez, divisez, compressez, convertissez et traitez des photos directement dans votre navigateur. 100% hors ligne via WebAssembly. Gratuit, illimité et hautement sécurisé.
Redimensionner la photo au format du passeport - Visa & ID Maker - HelpMyIMG",0,true,29
21,https://helpmyimg.com/hu/tmrtse-a-kpet-200-kbra/,Kép tömörítése 200 KB-ra – Kiváló minőségű reduktor - HelpMyIMG,text/html; charset=utf-8,false,200,0,false,"og:description
og:title","Kombinálja, osztja fel, tömörítse, konvertálja és dolgozza fel a fényképeket közvetlenül a böngészőben. 100%-ban offline a WebAssembly segítségével. Ingyenes, korlátlan és rendkívül biztonságos.
Kép tömörítése 200 KB-ra – Kiváló minőségű reduktor - HelpMyIMG",0,true,29
21,https://helpmyimg.com/hi/image-resize/,आकार बदलें छवि to 4x6 मुफ़्त - HelpMyIMG,text/html; charset=utf-8,false,200,0,false,"og:description
og:title","फ़ोटो को सीधे अपने ब्राउज़र में संयोजित करें, विभाजित करें, संपीड़ित करें, रूपांतरित करें और संसाधित करें। WebAssembly के माध्यम से 100% ऑफ़लाइन। मुफ़्त, असीमित और अत्यधिक सुरक्षित।
आकार बदलें छवि to 4x6 मुफ़्त - HelpMyIMG",0,true,29
21,https://helpmyimg.com/es/cambiar-fondo/,Cambiador de color de fondo de foto de pasaporte biométrico en línea - HelpMyIMG,text/html; charset=utf-8,false,200,0,false,"og:description
og:title","Combine, divida, comprima, convierta y procese fotografías directamente en su navegador. 100% sin conexión a través de WebAssembly. Gratis, ilimitado y muy seguro.
Cambiador de color de fondo de foto de pasaporte biométrico en línea - HelpMyIMG",0,true,29
21,https://helpmyimg.com/sv/beskara-bild/,Professionell fotostudio & Bulk Toolkit - HelpMyIMG,text/html; charset=utf-8,false,200,0,false,"og:description
og:title","Kombinera, dela, komprimera, konvertera och bearbeta foton direkt i din webbläsare. 100 % offline via WebAssembly. Gratis, obegränsad och mycket säker.
Professionell fotostudio & Bulk Toolkit - HelpMyIMG",0,true,29
21,https://helpmyimg.com/nl/kleurkiezer/,Professionele fotostudio en bulktoolkit - HelpMyIMG,text/html; charset=utf-8,false,200,0,false,"og:description
og:title","Combineer, splits, comprimeer, converteer en verwerk foto's rechtstreeks in uw browser. 100% offline via WebAssembly. Gratis, onbeperkt en zeer veilig.
Professionele fotostudio en bulktoolkit - HelpMyIMG",0,true,29
21,https://helpmyimg.com/hu/kep-forgatas/,Professzionális fotóstúdió és tömeges eszközkészlet - HelpMyIMG,text/html; charset=utf-8,false,200,0,false,"og:description
og:title","Kombinálja, osztja fel, tömörítse, konvertálja és dolgozza fel a fényképeket közvetlenül a böngészőben. 100%-ban offline a WebAssembly segítségével. Ingyenes, korlátlan és rendkívül biztonságos.
Professzionális fotóstúdió és tömeges eszközkészlet - HelpMyIMG",0,true,29
21,https://helpmyimg.com/ru/200/,Сжать изображение до 200 КБ — Высококачественный редуктор - HelpMyIMG,text/html; charset=utf-8,false,200,0,false,"og:description
og:title","Объединяйте, разделяйте, сжимайте, конвертируйте и обрабатывайте фотографии прямо в браузере. 100% автономный режим через WebAssembly. Бесплатно, безлимитно и очень безопасно.
Сжать изображение до 200 КБ — Высококачественный редуктор - HelpMyIMG",0,true,29
21,https://helpmyimg.com/uk/obrizaty-zobrazhennya/,Професійна фотостудія та набір інструментів - HelpMyIMG,text/html; charset=utf-8,false,200,0,false,"og:description
og:title","Комбінуйте, розділяйте, стискайте, конвертуйте та обробляйте фотографії безпосередньо у вашому браузері. 100% офлайн через WebAssembly. Безкоштовний, необмежений і дуже безпечний.
Професійна фотостудія та набір інструментів - HelpMyIMG",0,true,29
21,https://helpmyimg.com/da/batch-vandmrkebilleder/,Batch Watermark Photos - Bulk Logo Adder - HelpMyIMG,text/html; charset=utf-8,false,200,0,false,"og:description
og:title","Kombiner, opdel, komprimer, konverter og bearbejd billeder direkte i din browser. 100 % offline via WebAssembly. Gratis, ubegrænset og meget sikker.
Batch Watermark Photos - Bulk Logo Adder - HelpMyIMG",0,true,29
21,https://helpmyimg.com/el/allagi-fontou/,Βιομετρική αλλαγή χρώματος φόντου φωτογραφιών διαβατηρίου σε απευθείας σύνδεση - HelpMyIMG,text/html; charset=utf-8,false,200,0,false,"og:description
og:title","Συνδυάστε, διαχωρίστε, συμπιέστε, μετατρέψτε και επεξεργαστείτε φωτογραφίες απευθείας στο πρόγραμμα περιήγησής σας. 100% εκτός σύνδεσης μέσω WebAssembly. Δωρεάν, απεριόριστη και εξαιρετικά ασφαλής.
Βιομετρική αλλαγή χρώματος φόντου φωτογραφιών διαβατηρίου σε απευθείας σύνδεση - HelpMyIMG",0,true,29
21,https://helpmyimg.com/ro/estomparea-plcuei-de-nmatriculare/,Blur License Plate Online - Auto Privacy Censor - HelpMyIMG,text/html; charset=utf-8,false,200,0,false,"og:description
og:title","Combinați, împărțiți, comprimați, convertiți și procesați fotografiile direct în browser. 100% offline prin WebAssembly. Gratuit, nelimitat și foarte sigur.
Blur License Plate Online - Auto Privacy Censor - HelpMyIMG",0,true,29
21,https://helpmyimg.com/it/converti-immagine/,Converti WEBP to JPG Gratis - HelpMyIMG,text/html; charset=utf-8,false,200,0,false,"og:description
og:title","Combina, dividi, comprimi, converti ed elabora le foto direttamente nel tuo browser. 100% offline tramite WebAssembly. Gratuito, illimitato e altamente sicuro.
Converti WEBP to JPG Gratis - HelpMyIMG",0,true,29
21,https://helpmyimg.com/hi/image-compress-100kb/,छवि को 100KB तक ऑनलाइन निःशुल्क संपीड़ित करें - तेज़ और निजी - HelpMyIMG,text/html; charset=utf-8,false,200,0,false,"og:description
og:title","फ़ोटो को सीधे अपने ब्राउज़र में संयोजित करें, विभाजित करें, संपीड़ित करें, रूपांतरित करें और संसाधित करें। WebAssembly के माध्यम से 100% ऑफ़लाइन। मुफ़्त, असीमित और अत्यधिक सुरक्षित।
छवि को 100KB तक ऑनलाइन निःशुल्क संपीड़ित करें - तेज़ और निजी - HelpMyIMG",0,true,29
21,https://helpmyimg.com/pt/desfocar-placa-de-carro/,Desfocar placa de carro online - Censor de privacidade automático - HelpMyIMG,text/html; charset=utf-8,false,200,0,false,"og:description
og:title","Combine, divida, compacte, converta e processe fotos diretamente no seu navegador. 100% off-line via WebAssembly. Gratuito, ilimitado e altamente seguro.
Desfocar placa de carro online - Censor de privacidade automático - HelpMyIMG",0,true,29
21,https://helpmyimg.com/tr/renk-secici/,Profesyonel Fotoğraf Stüdyosu ve Toplu Araç Seti - HelpMyIMG,text/html; charset=utf-8,false,200,0,false,"og:description
og:title","Fotoğrafları doğrudan tarayıcınızda birleştirin, bölün, sıkıştırın, dönüştürün ve işleyin. WebAssembly aracılığıyla %100 çevrimdışı. Ücretsiz, sınırsız ve son derece güvenli.
Profesyonel Fotoğraf Stüdyosu ve Toplu Araç Seti - HelpMyIMG",0,true,29
21,https://helpmyimg.com/en/remove-person-from-photo/,Remove Person from Photo - Free Photobomb Eraser - HelpMyIMG,text/html; charset=utf-8,false,200,0,false,"og:description
og:title","Combine, split, compress, convert, and process photos directly in your browser. 100% offline via WebAssembly. Free, unlimited, and highly secure.
Remove Person from Photo - Free Photobomb Eraser - HelpMyIMG",0,true,58
21,https://helpmyimg.com/ms/kabur-wajah/,Studio Foto Profesional & Kit Alat Pukal - HelpMyIMG,text/html; charset=utf-8,false,200,0,false,"og:description
og:title","Gabungkan, belah, mampatkan, tukar dan proses foto terus dalam penyemak imbas anda. 100% di luar talian melalui WebAssembly. Percuma, tidak terhad dan sangat selamat.
Studio Foto Profesional & Kit Alat Pukal - HelpMyIMG",0,true,29
21,https://helpmyimg.com/nl/afbeelding-draaien/,Professionele fotostudio en bulktoolkit - HelpMyIMG,text/html; charset=utf-8,false,200,0,false,"og:description
og:title","Combineer, splits, comprimeer, converteer en verwerk foto's rechtstreeks in uw browser. 100% offline via WebAssembly. Gratis, onbeperkt en zeer veilig.
Professionele fotostudio en bulktoolkit - HelpMyIMG",0,true,29
21,https://helpmyimg.com/fi/muuta-kokoa/,Muuta kokoa Kuva to 4x6 Ilmainen - HelpMyIMG,text/html; charset=utf-8,false,200,0,false,"og:description
og:title","Yhdistä, jaa, pakkaa, muunna ja käsittele valokuvia suoraan selaimessasi. 100 % offline-tilassa WebAssemblyn kautta. Ilmainen, rajoittamaton ja erittäin turvallinen.
Muuta kokoa Kuva to 4x6 Ilmainen - HelpMyIMG",0,true,29
21,https://helpmyimg.com/no/komprimer-til-100kb/,Komprimer bildet til 100KB online gratis – raskt og privat - HelpMyIMG,text/html; charset=utf-8,false,200,0,false,"og:description
og:title","Kombiner, del, komprimer, konverter og bearbeid bilder direkte i nettleseren din. 100 % offline via WebAssembly. Gratis, ubegrenset og svært sikker.
Komprimer bildet til 100KB online gratis – raskt og privat - HelpMyIMG",0,true,29
21,https://helpmyimg.com/zh/tiaozheng-daxiao/,调整大小 图片 to 4x6 免费 - HelpMyIMG,text/html; charset=utf-8,false,200,0,false,"og:description
og:title","直接在浏览器中组合、分割、压缩、转换和处理照片。通过 WebAssembly 100% 离线。免费、无限制且高度安全。
调整大小 图片 to 4x6 免费 - HelpMyIMG",0,true,29
21,https://helpmyimg.com/ru/szhat-izobrazhenie/,Сжатие Изображение to 200KB Бесплатно - HelpMyIMG,text/html; charset=utf-8,false,200,0,false,"og:description
og:title","Объединяйте, разделяйте, сжимайте, конвертируйте и обрабатывайте фотографии прямо в браузере. 100% автономный режим через WebAssembly. Бесплатно, безлимитно и очень безопасно.
Сжатие Изображение to 200KB Бесплатно - HelpMyIMG",0,true,29
21,https://helpmyimg.com/he/blur-license-plate/,טשטוש לוחית רישוי מקוון - צנזור פרטיות אוטומטי - HelpMyIMG,text/html; charset=utf-8,false,200,0,false,"og:description
og:title","שלב, פצל, דחס, המר ועבד תמונות ישירות בדפדפן שלך. 100% לא מקוון באמצעות WebAssembly. חינם, ללא הגבלה, ומאובטח מאוד.
טשטוש לוחית רישוי מקוון - צנזור פרטיות אוטומטי - HelpMyIMG",0,true,29
21,https://helpmyimg.com/fi/muuta-valokuvan-kokoa-passin-kokoon/,Muuta valokuvan kokoa passin kokoon - Visa & ID Maker - HelpMyIMG,text/html; charset=utf-8,false,200,0,false,"og:description
og:title","Yhdistä, jaa, pakkaa, muunna ja käsittele valokuvia suoraan selaimessasi. 100 % offline-tilassa WebAssemblyn kautta. Ilmainen, rajoittamaton ja erittäin turvallinen.
Muuta valokuvan kokoa passin kokoon - Visa & ID Maker - HelpMyIMG",0,true,29
21,https://helpmyimg.com/uk/magic-brush/,Ручний пензель - HelpMyIMG,text/html; charset=utf-8,false,200,0,false,"og:description
og:title","Комбінуйте, розділяйте, стискайте, конвертуйте та обробляйте фотографії безпосередньо у вашому браузері. 100% офлайн через WebAssembly. Безкоштовний, необмежений і дуже безпечний.
Ручний пензель - HelpMyIMG",0,true,29
21,https://helpmyimg.com/tl/i-crop-larawan/,Propesyonal na Photo Studio at Bulk Toolkit - HelpMyIMG,text/html; charset=utf-8,false,200,0,false,"og:description
og:title","Pagsamahin, hatiin, i-compress, i-convert, at iproseso ang mga larawan nang direkta sa iyong browser. 100% offline sa pamamagitan ng WebAssembly. Libre, walang limitasyon, at lubos na secure.
Propesyonal na Photo Studio at Bulk Toolkit - HelpMyIMG",0,true,29
21,https://helpmyimg.com/hu/arc-elmosasa/,Professzionális fotóstúdió és tömeges eszközkészlet - HelpMyIMG,text/html; charset=utf-8,false,200,0,false,"og:description
og:title","Kombinálja, osztja fel, tömörítse, konvertálja és dolgozza fel a fényképeket közvetlenül a böngészőben. 100%-ban offline a WebAssembly segítségével. Ingyenes, korlátlan és rendkívül biztonságos.
Professzionális fotóstúdió és tömeges eszközkészlet - HelpMyIMG",0,true,29
21,https://helpmyimg.com/de/bild-auf-200-kb-komprimieren/,Bild auf 200 KB komprimieren – Hochwertige Reduzierung - HelpMyIMG,text/html; charset=utf-8,false,200,0,false,"og:description
og:title","Kombinieren, teilen, komprimieren, konvertieren und verarbeiten Sie Fotos direkt in Ihrem Browser. 100 % offline über WebAssembly. Kostenlos, unbegrenzt und äußerst sicher.
Bild auf 200 KB komprimieren – Hochwertige Reduzierung - HelpMyIMG",0,true,29
21,https://helpmyimg.com/vi/chuyen-doi-anh/,Chuyển đổi WEBP to JPG Miễn phí - HelpMyIMG,text/html; charset=utf-8,false,200,0,false,"og:description
og:title","Kết hợp, tách, nén, chuyển đổi và xử lý ảnh trực tiếp trong trình duyệt của bạn. Ngoại tuyến 100% qua WebAssugging. Miễn phí, không giới hạn và có tính bảo mật cao.
Chuyển đổi WEBP to JPG Miễn phí - HelpMyIMG",0,true,29
21,https://helpmyimg.com/zh/compress200kb/,将图像压缩至 200KB - 高质量减速器 - HelpMyIMG,text/html; charset=utf-8,false,200,0,false,"og:description
og:title","直接在浏览器中组合、分割、压缩、转换和处理照片。通过 WebAssembly 100% 离线。免费、无限制且高度安全。
将图像压缩至 200KB - 高质量减速器 - HelpMyIMG",0,true,29
21,https://helpmyimg.com/tr/gelismis-editor/,Profesyonel Fotoğraf Stüdyosu ve Toplu Araç Seti - HelpMyIMG,text/html; charset=utf-8,false,200,0,false,"og:description
og:title","Fotoğrafları doğrudan tarayıcınızda birleştirin, bölün, sıkıştırın, dönüştürün ve işleyin. WebAssembly aracılığıyla %100 çevrimdışı. Ücretsiz, sınırsız ve son derece güvenli.
Profesyonel Fotoğraf Stüdyosu ve Toplu Araç Seti - HelpMyIMG",0,true,29
21,https://helpmyimg.com/pt/magic-brush/,Pincel Manual - HelpMyIMG,text/html; charset=utf-8,false,200,0,false,"og:description
og:title","Combine, divida, compacte, converta e processe fotos diretamente no seu navegador. 100% off-line via WebAssembly. Gratuito, ilimitado e altamente seguro.
Pincel Manual - HelpMyIMG",0,true,29
21,https://helpmyimg.com/es/magic-brush/,Pincel Manual - HelpMyIMG,text/html; charset=utf-8,false,200,0,false,"og:description
og:title","Combine, divida, comprima, convierta y procese fotografías directamente en su navegador. 100% sin conexión a través de WebAssembly. Gratis, ilimitado y muy seguro.
Pincel Manual - HelpMyIMG",0,true,29
21,https://helpmyimg.com/fi/rajaa-kuva/,Ammattimainen valokuvastudio ja joukkotyökalupakki - HelpMyIMG,text/html; charset=utf-8,false,200,0,false,"og:description
og:title","Yhdistä, jaa, pakkaa, muunna ja käsittele valokuvia suoraan selaimessasi. 100 % offline-tilassa WebAssemblyn kautta. Ilmainen, rajoittamaton ja erittäin turvallinen.
Ammattimainen valokuvastudio ja joukkotyökalupakki - HelpMyIMG",0,true,29
21,https://helpmyimg.com/zh/resizepassport/,将照片调整为护照尺寸 - 签证和身份证制作工具 - HelpMyIMG,text/html; charset=utf-8,false,200,0,false,"og:description
og:title","直接在浏览器中组合、分割、压缩、转换和处理照片。通过 WebAssembly 100% 离线。免费、无限制且高度安全。
将照片调整为护照尺寸 - 签证和身份证制作工具 - HelpMyIMG",0,true,29
21,https://helpmyimg.com/ko/magic-brush/,수동 브러시 - HelpMyIMG,text/html; charset=utf-8,false,200,0,false,"og:description
og:title","브라우저에서 직접 사진을 결합, 분할, 압축, 변환 및 처리합니다. WebAssembly를 통해 100% 오프라인. 무료이며 무제한이며 매우 안전합니다.
수동 브러시 - HelpMyIMG",0,true,29
21,https://helpmyimg.com/sv/ta-bort-bakgrund/,✂️ Ta bort bakgrund - HelpMyIMG,text/html; charset=utf-8,false,200,0,false,"og:description
og:title","Kombinera, dela, komprimera, konvertera och bearbeta foton direkt i din webbläsare. 100 % offline via WebAssembly. Gratis, obegränsad och mycket säker.
✂️ Ta bort bakgrund - HelpMyIMG",0,true,29
21,https://helpmyimg.com/tl/baguhin-sukat/,I-resize Larawan to 4x6 Libre - HelpMyIMG,text/html; charset=utf-8,false,200,0,false,"og:description
og:title","Pagsamahin, hatiin, i-compress, i-convert, at iproseso ang mga larawan nang direkta sa iyong browser. 100% offline sa pamamagitan ng WebAssembly. Libre, walang limitasyon, at lubos na secure.
I-resize Larawan to 4x6 Libre - HelpMyIMG",0,true,29
21,https://helpmyimg.com/pl/usun-tlo/,✂️ Usuń Tło - HelpMyIMG,text/html; charset=utf-8,false,200,0,false,"og:description
og:title","Łącz, dziel, kompresuj, konwertuj i przetwarzaj zdjęcia bezpośrednio w przeglądarce. 100% offline poprzez WebAssembly. Bezpłatny, nieograniczony i wysoce bezpieczny.
✂️ Usuń Tło - HelpMyIMG",0,true,29
21,https://helpmyimg.com/ar/remove-person-from-photo/,إزالة شخص من الصورة - ممحاة Photobomb المجانية - HelpMyIMG,text/html; charset=utf-8,false,200,0,false,"og:description
og:title","قم بدمج الصور وتقسيمها وضغطها وتحويلها ومعالجتها مباشرة في متصفحك.غير متصل بالإنترنت بنسبة 100% عبر WebAssembly.مجاني وغير محدود وآمن للغاية.
إزالة شخص من الصورة - ممحاة Photobomb المجانية - HelpMyIMG",0,true,29
21,https://helpmyimg.com/ja/iro-supotto/,プロ仕様のオールインワン写真スタジオ - HelpMyIMG,text/html; charset=utf-8,false,200,0,false,"og:description
og:title","ブラウザ内で写真を直接結合、分割、圧縮、変換、処理できます。 WebAssembly 経由で 100% オフライン。無料、無制限、そして非常に安全です。
プロ仕様のオールインワン写真スタジオ - HelpMyIMG",0,true,29
21,https://helpmyimg.com/de/person-aus-foto-entfernen/,Person aus Foto entfernen – Kostenloser Photobomb Eraser - HelpMyIMG,text/html; charset=utf-8,false,200,0,false,"og:description
og:title","Kombinieren, teilen, komprimieren, konvertieren und verarbeiten Sie Fotos direkt in Ihrem Browser. 100 % offline über WebAssembly. Kostenlos, unbegrenzt und äußerst sicher.
Person aus Foto entfernen – Kostenloser Photobomb Eraser - HelpMyIMG",0,true,29
21,https://helpmyimg.com/ro/selector-culori/,Studio foto profesional și set de instrumente în vrac - HelpMyIMG,text/html; charset=utf-8,false,200,0,false,"og:description
og:title","Combinați, împărțiți, comprimați, convertiți și procesați fotografiile direct în browser. 100% offline prin WebAssembly. Gratuit, nelimitat și foarte sigur.
Studio foto profesional și set de instrumente în vrac - HelpMyIMG",0,true,29
21,https://helpmyimg.com/nl/comprimeer-de-afbeelding-tot-200-kb/,Comprimeer afbeelding tot 200 KB - Reducer van hoge kwaliteit - HelpMyIMG,text/html; charset=utf-8,false,200,0,false,"og:description
og:title","Combineer, splits, comprimeer, converteer en verwerk foto's rechtstreeks in uw browser. 100% offline via WebAssembly. Gratis, onbeperkt en zeer veilig.
Comprimeer afbeelding tot 200 KB - Reducer van hoge kwaliteit - HelpMyIMG",0,true,29
21,https://helpmyimg.com/el/webp-jpg/,Μετατροπή WEBP σε JPG Δωρεάν - Μετατροπέας εικόνων - HelpMyIMG,text/html; charset=utf-8,false,200,0,false,"og:description
og:title","Συνδυάστε, διαχωρίστε, συμπιέστε, μετατρέψτε και επεξεργαστείτε φωτογραφίες απευθείας στο πρόγραμμα περιήγησής σας. 100% εκτός σύνδεσης μέσω WebAssembly. Δωρεάν, απεριόριστη και εξαιρετικά ασφαλής.
Μετατροπή WEBP σε JPG Δωρεάν - Μετατροπέας εικόνων - HelpMyIMG",0,true,29
21,https://helpmyimg.com/pt/comprimir-imagem-100kb/,Compactar imagem para 100 KB online gratuitamente - rápido e privado - HelpMyIMG,text/html; charset=utf-8,false,200,0,false,"og:description
og:title","Combine, divida, compacte, converta e processe fotos diretamente no seu navegador. 100% off-line via WebAssembly. Gratuito, ilimitado e altamente seguro.
Compactar imagem para 100 KB online gratuitamente - rápido e privado - HelpMyIMG",0,true,29
21,https://helpmyimg.com/tl/compress200kb/,I-compress ang larawan sa 200KB - HelpMyIMG,text/html; charset=utf-8,false,200,0,false,"og:description
og:title","Pagsamahin, hatiin, i-compress, i-convert, at iproseso ang mga larawan nang direkta sa iyong browser. 100% offline sa pamamagitan ng WebAssembly. Libre, walang limitasyon, at lubos na secure.
I-compress ang larawan sa 200KB - HelpMyIMG",0,true,29
21,https://helpmyimg.com/ar/istikhraja-alwan/,الاستوديو الاحترافي الشامل لتحرير الصور والمعالجة الجماعية - HelpMyIMG,text/html; charset=utf-8,false,200,0,false,"og:description
og:title","قم بدمج الصور وتقسيمها وضغطها وتحويلها ومعالجتها مباشرة في متصفحك.غير متصل بالإنترنت بنسبة 100% عبر WebAssembly.مجاني وغير محدود وآمن للغاية.
الاستوديو الاحترافي الشامل لتحرير الصور والمعالجة الجماعية - HelpMyIMG",0,true,29
21,https://helpmyimg.com/th/mun-rup-phap/,สตูดิโอถ่ายภาพระดับมืออาชีพและชุดเครื่องมือจำนวนมาก - HelpMyIMG,text/html; charset=utf-8,false,200,0,false,"og:description
og:title","รวม แยก บีบอัด แปลง และประมวลผลรูปภาพได้โดยตรงในเบราว์เซอร์ของคุณ ออฟไลน์ 100% ผ่าน WebAssembly ฟรี ไม่จำกัด และมีความปลอดภัยสูง
สตูดิโอถ่ายภาพระดับมืออาชีพและชุดเครื่องมือจำนวนมาก - HelpMyIMG",0,true,29
21,https://helpmyimg.com/ar/taghyir-khalfia/,مغير لون خلفية صورة جواز السفر البيومترية عبر الإنترنت - HelpMyIMG,text/html; charset=utf-8,false,200,0,false,"og:description
og:title","قم بدمج الصور وتقسيمها وضغطها وتحويلها ومعالجتها مباشرة في متصفحك.غير متصل بالإنترنت بنسبة 100% عبر WebAssembly.مجاني وغير محدود وآمن للغاية.
مغير لون خلفية صورة جواز السفر البيومترية عبر الإنترنت - HelpMyIMG",0,true,29
21,https://helpmyimg.com/el/remove-person-from-photo/,Κατάργηση ατόμου από τη φωτογραφία - Δωρεάν γόμα Photobomb - HelpMyIMG,text/html; charset=utf-8,false,200,0,false,"og:description
og:title","Συνδυάστε, διαχωρίστε, συμπιέστε, μετατρέψτε και επεξεργαστείτε φωτογραφίες απευθείας στο πρόγραμμα περιήγησής σας. 100% εκτός σύνδεσης μέσω WebAssembly. Δωρεάν, απεριόριστη και εξαιρετικά ασφαλής.
Κατάργηση ατόμου από τη φωτογραφία - Δωρεάν γόμα Photobomb - HelpMyIMG",0,true,29
21,https://helpmyimg.com/en/watermark-image/,©️ Watermark My Image - HelpMyIMG,text/html; charset=utf-8,false,200,0,false,"og:description
og:title","Combine, split, compress, convert, and process photos directly in your browser. 100% offline via WebAssembly. Free, unlimited, and highly secure.
©️ Watermark My Image - HelpMyIMG",0,true,58
21,https://helpmyimg.com/id/mengaburkan-pelat-nomor/,Buramkan Plat Nomor Online - Sensor Privasi Otomatis - HelpMyIMG,text/html; charset=utf-8,false,200,0,false,"og:description
og:title","Gabungkan, pisahkan, kompres, konversi, dan proses foto langsung di browser Anda. 100% offline melalui WebAssembly. Gratis, tidak terbatas, dan sangat aman.
Buramkan Plat Nomor Online - Sensor Privasi Otomatis - HelpMyIMG",0,true,29
21,https://helpmyimg.com/da/tilpas-til-instagram/,Ændre størrelse på billede til Instagram online - ingen beskæring påkrævet - HelpMyIMG,text/html; charset=utf-8,false,200,0,false,"og:description
og:title","Kombiner, opdel, komprimer, konverter og bearbejd billeder direkte i din browser. 100 % offline via WebAssembly. Gratis, ubegrænset og meget sikker.
Ændre størrelse på billede til Instagram online - ingen beskæring påkrævet - HelpMyIMG",0,true,29
21,https://helpmyimg.com/zh/blurplate/,在线模糊车牌 - 汽车隐私审查 - HelpMyIMG,text/html; charset=utf-8,false,200,0,false,"og:description
og:title","直接在浏览器中组合、分割、压缩、转换和处理照片。通过 WebAssembly 100% 离线。免费、无限制且高度安全。
在线模糊车牌 - 汽车隐私审查 - HelpMyIMG",0,true,29
21,https://helpmyimg.com/he/chitucha-tmuna/,סטודיו לצילום מקצועי וערכת כלים בתפזורת - HelpMyIMG,text/html; charset=utf-8,false,200,0,false,"og:description
og:title","שלב, פצל, דחס, המר ועבד תמונות ישירות בדפדפן שלך. 100% לא מקוון באמצעות WebAssembly. חינם, ללא הגבלה, ומאובטח מאוד.
סטודיו לצילום מקצועי וערכת כלים בתפזורת - HelpMyIMG",0,true,29
21,https://helpmyimg.com/de/konvertieren-sie-webp-in-jpg/,Konvertieren Sie WEBP kostenlos in JPG – Bildkonverter - HelpMyIMG,text/html; charset=utf-8,false,200,0,false,"og:description
og:title","Kombinieren, teilen, komprimieren, konvertieren und verarbeiten Sie Fotos direkt in Ihrem Browser. 100 % offline über WebAssembly. Kostenlos, unbegrenzt und äußerst sicher.
Konvertieren Sie WEBP kostenlos in JPG – Bildkonverter - HelpMyIMG",0,true,29
21,https://helpmyimg.com/fr/magic-brush/,Pinceau Manuel - HelpMyIMG,text/html; charset=utf-8,false,200,0,false,"og:description
og:title","Combinez, divisez, compressez, convertissez et traitez des photos directement dans votre navigateur. 100% hors ligne via WebAssembly. Gratuit, illimité et hautement sécurisé.
Pinceau Manuel - HelpMyIMG",0,true,29
21,https://helpmyimg.com/ja/200kb/,画像を 200KB に圧縮 - 高品質リデューサー - HelpMyIMG,text/html; charset=utf-8,false,200,0,false,"og:description
og:title","ブラウザ内で写真を直接結合、分割、圧縮、変換、処理できます。 WebAssembly 経由で 100% オフライン。無料、無制限、そして非常に安全です。
画像を 200KB に圧縮 - 高品質リデューサー - HelpMyIMG",0,true,29
21,https://helpmyimg.com/it/magic-brush/,Pennello Manuale - HelpMyIMG,text/html; charset=utf-8,false,200,0,false,"og:description
og:title","Combina, dividi, comprimi, converti ed elabora le foto direttamente nel tuo browser. 100% offline tramite WebAssembly. Gratuito, illimitato e altamente sicuro.
Pennello Manuale - HelpMyIMG",0,true,29
21,https://helpmyimg.com/fi/muuta-kokoa-instagram/,Muuta kuvan kokoa Instagram Onlinea varten - Rajausta ei vaadita - HelpMyIMG,text/html; charset=utf-8,false,200,0,false,"og:description
og:title","Yhdistä, jaa, pakkaa, muunna ja käsittele valokuvia suoraan selaimessasi. 100 % offline-tilassa WebAssemblyn kautta. Ilmainen, rajoittamaton ja erittäin turvallinen.
Muuta kuvan kokoa Instagram Onlinea varten - Rajausta ei vaadita - HelpMyIMG",0,true,29
21,https://helpmyimg.com/hu/kep-atmeretezes/,Átméretezés Kép to 4x6 Ingyenes - HelpMyIMG,text/html; charset=utf-8,false,200,0,false,"og:description
og:title","Kombinálja, osztja fel, tömörítse, konvertálja és dolgozza fel a fényképeket közvetlenül a böngészőben. 100%-ban offline a WebAssembly segítségével. Ingyenes, korlátlan és rendkívül biztonságos.
Átméretezés Kép to 4x6 Ingyenes - HelpMyIMG",0,true,29
21,https://helpmyimg.com/uk/blur-license-plate/,Розмивання номерного знака в Інтернеті - автоматичний цензор конфіденційності - HelpMyIMG,text/html; charset=utf-8,false,200,0,false,"og:description
og:title","Комбінуйте, розділяйте, стискайте, конвертуйте та обробляйте фотографії безпосередньо у вашому браузері. 100% офлайн через WebAssembly. Безкоштовний, необмежений і дуже безпечний.
Розмивання номерного знака в Інтернеті - автоматичний цензор конфіденційності - HelpMyIMG",0,true,29
21,https://helpmyimg.com/ar/muharrir-tasamim/,الاستوديو الاحترافي الشامل لتحرير الصور والمعالجة الجماعية - HelpMyIMG,text/html; charset=utf-8,false,200,0,false,"og:description
og:title","قم بدمج الصور وتقسيمها وضغطها وتحويلها ومعالجتها مباشرة في متصفحك.غير متصل بالإنترنت بنسبة 100% عبر WebAssembly.مجاني وغير محدود وآمن للغاية.
الاستوديو الاحترافي الشامل لتحرير الصور والمعالجة الجماعية - HelpMyIMG",0,true,29
21,https://helpmyimg.com/zh/gaoji-bianjiqi/,专业级一站式批量图像处理与摄影工作室 - HelpMyIMG,text/html; charset=utf-8,false,200,0,false,"og:description
og:title","直接在浏览器中组合、分割、压缩、转换和处理照片。通过 WebAssembly 100% 离线。免费、无限制且高度安全。
专业级一站式批量图像处理与摄影工作室 - HelpMyIMG",0,true,29
21,https://helpmyimg.com/en/resize-image/,Professional Photo Studio & Bulk Toolkit - HelpMyIMG,text/html; charset=utf-8,false,200,0,false,"og:description
og:title","Combine, split, compress, convert, and process photos directly in your browser. 100% offline via WebAssembly. Free, unlimited, and highly secure.
Professional Photo Studio & Bulk Toolkit - HelpMyIMG",0,true,58
21,https://helpmyimg.com/cs/pokrocily-editor/,Profesionální fotografické studio a sada nástrojů pro hromadné zpracování - HelpMyIMG,text/html; charset=utf-8,false,200,0,false,"og:description
og:title","Kombinujte, rozdělujte, komprimujte, převádějte a zpracovávajte fotografie přímo ve vašem prohlížeči.100% offline přes WebAssembly.Zdarma, neomezené a vysoce bezpečné.
Profesionální fotografické studio a sada nástrojů pro hromadné zpracování - HelpMyIMG",0,true,29
21,https://helpmyimg.com/hu/szemly-eltvoltsa-a-fnykprl/,Személy eltávolítása a fényképről - Ingyenes Photobomb Eraser - HelpMyIMG,text/html; charset=utf-8,false,200,0,false,"og:description
og:title","Kombinálja, osztja fel, tömörítse, konvertálja és dolgozza fel a fényképeket közvetlenül a böngészőben. 100%-ban offline a WebAssembly segítségével. Ingyenes, korlátlan és rendkívül biztonságos.
Személy eltávolítása a fényképről - Ingyenes Photobomb Eraser - HelpMyIMG",0,true,29
21,https://helpmyimg.com/tl/blurplate/,I-blur ang plaka - HelpMyIMG,text/html; charset=utf-8,false,200,0,false,"og:description
og:title","Pagsamahin, hatiin, i-compress, i-convert, at iproseso ang mga larawan nang direkta sa iyong browser. 100% offline sa pamamagitan ng WebAssembly. Libre, walang limitasyon, at lubos na secure.
I-blur ang plaka - HelpMyIMG",0,true,29
21,https://helpmyimg.com/nl/achtergrond-uit-logo-verwijderen/,Achtergrond verwijderen uit logo gratis - Transparante PNG Maker - HelpMyIMG,text/html; charset=utf-8,false,200,0,false,"og:description
og:title","Combineer, splits, comprimeer, converteer en verwerk foto's rechtstreeks in uw browser. 100% offline via WebAssembly. Gratis, onbeperkt en zeer veilig.
Achtergrond verwijderen uit logo gratis - Transparante PNG Maker - HelpMyIMG",0,true,29
21,https://helpmyimg.com/de/bild-zuschneiden/,Professionelles All-in-One Fotostudio & Toolkit - HelpMyIMG,text/html; charset=utf-8,false,200,0,false,"og:description
og:title","Kombinieren, teilen, komprimieren, konvertieren und verarbeiten Sie Fotos direkt in Ihrem Browser. 100 % offline über WebAssembly. Kostenlos, unbegrenzt und äußerst sicher.
Professionelles All-in-One Fotostudio & Toolkit - HelpMyIMG",0,true,29
21,https://helpmyimg.com/uk/zminyty-rozmir-instagram/,Змініть розмір зображення для Instagram онлайн – обрізання не потрібне - HelpMyIMG,text/html; charset=utf-8,false,200,0,false,"og:description
og:title","Комбінуйте, розділяйте, стискайте, конвертуйте та обробляйте фотографії безпосередньо у вашому браузері. 100% офлайн через WebAssembly. Безкоштовний, необмежений і дуже безпечний.
Змініть розмір зображення для Instagram онлайн – обрізання не потрібне - HelpMyIMG",0,true,29
21,https://helpmyimg.com/ja/change-photo-background-to-white/,写真の背景を白に変更 - Amazon & Eコマース対応 - HelpMyIMG,text/html; charset=utf-8,false,200,0,false,"og:description
og:title","ブラウザ内で写真を直接結合、分割、圧縮、変換、処理できます。 WebAssembly 経由で 100% オフライン。無料、無制限、そして非常に安全です。
写真の背景を白に変更 - Amazon & Eコマース対応 - HelpMyIMG",0,true,29
21,https://helpmyimg.com/vi/lam-mo-khuon-mat/,Studio ảnh chuyên nghiệp & Bộ công cụ hàng loạt - HelpMyIMG,text/html; charset=utf-8,false,200,0,false,"og:description
og:title","Kết hợp, tách, nén, chuyển đổi và xử lý ảnh trực tiếp trong trình duyệt của bạn. Ngoại tuyến 100% qua WebAssugging. Miễn phí, không giới hạn và có tính bảo mật cao.
Studio ảnh chuyên nghiệp & Bộ công cụ hàng loạt - HelpMyIMG",0,true,29
21,https://helpmyimg.com/ms/tukar-imej/,Tukar Format WEBP to JPG Percuma - HelpMyIMG,text/html; charset=utf-8,false,200,0,false,"og:description
og:title","Gabungkan, belah, mampatkan, tukar dan proses foto terus dalam penyemak imbas anda. 100% di luar talian melalui WebAssembly. Percuma, tidak terhad dan sangat selamat.
Tukar Format WEBP to JPG Percuma - HelpMyIMG",0,true,29
21,https://helpmyimg.com/cs/vodoznak/,©️ Vodoznak Můj obrázek - HelpMyIMG,text/html; charset=utf-8,false,200,0,false,"og:description
og:title","Kombinujte, rozdělujte, komprimujte, převádějte a zpracovávajte fotografie přímo ve vašem prohlížeči.100% offline přes WebAssembly.Zdarma, neomezené a vysoce bezpečné.
©️ Vodoznak Můj obrázek - HelpMyIMG",0,true,29
21,https://helpmyimg.com/no/endre-bakgrunn/,Biometrisk passfoto Bakgrunnsfargeveksler Online - HelpMyIMG,text/html; charset=utf-8,false,200,0,false,"og:description
og:title","Kombiner, del, komprimer, konverter og bearbeid bilder direkte i nettleseren din. 100 % offline via WebAssembly. Gratis, ubegrenset og svært sikker.
Biometrisk passfoto Bakgrunnsfargeveksler Online - HelpMyIMG",0,true,29
21,https://helpmyimg.com/it/editor-di-design/,Studio fotografico professionale e kit di strumenti in blocco - HelpMyIMG,text/html; charset=utf-8,false,200,0,false,"og:description
og:title","Combina, dividi, comprimi, converti ed elabora le foto direttamente nel tuo browser. 100% offline tramite WebAssembly. Gratuito, illimitato e altamente sicuro.
Studio fotografico professionale e kit di strumenti in blocco - HelpMyIMG",0,true,29
21,https://helpmyimg.com/cs/odstranit-osobu-z-fotografie/,Odebrat osobu z fotografie - bezplatná guma Photobomb - HelpMyIMG,text/html; charset=utf-8,false,200,0,false,"og:description
og:title","Kombinujte, rozdělujte, komprimujte, převádějte a zpracovávajte fotografie přímo ve vašem prohlížeči.100% offline přes WebAssembly.Zdarma, neomezené a vysoce bezpečné.
Odebrat osobu z fotografie - bezplatná guma Photobomb - HelpMyIMG",0,true,29
21,https://helpmyimg.com/no/roter-bilde/,Profesjonelt fotostudio og bulkverktøysett - HelpMyIMG,text/html; charset=utf-8,false,200,0,false,"og:description
og:title","Kombiner, del, komprimer, konverter og bearbeid bilder direkte i nettleseren din. 100 % offline via WebAssembly. Gratis, ubegrenset og svært sikker.
Profesjonelt fotostudio og bulkverktøysett - HelpMyIMG",0,true,29
21,https://helpmyimg.com/th/batch-watermark-photos/,Batch Watermark Photos - ตัวเพิ่มโลโก้จำนวนมาก - HelpMyIMG,text/html; charset=utf-8,false,200,0,false,"og:description
og:title","รวม แยก บีบอัด แปลง และประมวลผลรูปภาพได้โดยตรงในเบราว์เซอร์ของคุณ ออฟไลน์ 100% ผ่าน WebAssembly ฟรี ไม่จำกัด และมีความปลอดภัยสูง
Batch Watermark Photos - ตัวเพิ่มโลโก้จำนวนมาก - HelpMyIMG",0,true,29
21,https://helpmyimg.com/ro/comprimare-imagine-50kb/,Comprimați imaginea la 50KB - Smart WebGPU Compression - HelpMyIMG,text/html; charset=utf-8,false,200,0,false,"og:description
og:title","Combinați, împărțiți, comprimați, convertiți și procesați fotografiile direct în browser. 100% offline prin WebAssembly. Gratuit, nelimitat și foarte sigur.
Comprimați imaginea la 50KB - Smart WebGPU Compression - HelpMyIMG",0,true,29
21,https://helpmyimg.com/no/batch-vannmerkebilder/,Batch Watermark Photos - Bulk Logo Adder - HelpMyIMG,text/html; charset=utf-8,false,200,0,false,"og:description
og:title","Kombiner, del, komprimer, konverter og bearbeid bilder direkte i nettleseren din. 100 % offline via WebAssembly. Gratis, ubegrenset og svært sikker.
Batch Watermark Photos - Bulk Logo Adder - HelpMyIMG",0,true,29
21,https://helpmyimg.com/ms/buang-latar-belakang/,✂️ Buang Latar Belakang - HelpMyIMG,text/html; charset=utf-8,false,200,0,false,"og:description
og:title","Gabungkan, belah, mampatkan, tukar dan proses foto terus dalam penyemak imbas anda. 100% di luar talian melalui WebAssembly. Percuma, tidak terhad dan sangat selamat.
✂️ Buang Latar Belakang - HelpMyIMG",0,true,29
21,https://helpmyimg.com/ko/imiji-jareugi/,전문가용 올인원 포토 스튜디오 & 대량 편집기 - HelpMyIMG,text/html; charset=utf-8,false,200,0,false,"og:description
og:title","브라우저에서 직접 사진을 결합, 분할, 압축, 변환 및 처리합니다. WebAssembly를 통해 100% 오프라인. 무료이며 무제한이며 매우 안전합니다.
전문가용 올인원 포토 스튜디오 & 대량 편집기 - HelpMyIMG",0,true,29
21,https://helpmyimg.com/zh/watermarkbulk/,批量水印照片 - 批量徽标添加器 - HelpMyIMG,text/html; charset=utf-8,false,200,0,false,"og:description
og:title","直接在浏览器中组合、分割、压缩、转换和处理照片。通过 WebAssembly 100% 离线。免费、无限制且高度安全。
批量水印照片 - 批量徽标添加器 - HelpMyIMG",0,true,29
21,https://helpmyimg.com/de/bild-skalieren/,Größe ändern Bild to 4x6 Kostenlos - HelpMyIMG,text/html; charset=utf-8,false,200,0,false,"og:description
og:title","Kombinieren, teilen, komprimieren, konvertieren und verarbeiten Sie Fotos direkt in Ihrem Browser. 100 % offline über WebAssembly. Kostenlos, unbegrenzt und äußerst sicher.
Größe ändern Bild to 4x6 Kostenlos - HelpMyIMG",0,true,29
21,https://helpmyimg.com/he/dchisat-tmuna/,דחיסה תמונה to 200KB חינם - HelpMyIMG,text/html; charset=utf-8,false,200,0,false,"og:description
og:title","שלב, פצל, דחס, המר ועבד תמונות ישירות בדפדפן שלך. 100% לא מקוון באמצעות WebAssembly. חינם, ללא הגבלה, ומאובטח מאוד.
דחיסה תמונה to 200KB חינם - HelpMyIMG",0,true,29
21,https://helpmyimg.com/ko/imiji-abchuk/,압축 이미지 to 200KB 무료 - HelpMyIMG,text/html; charset=utf-8,false,200,0,false,"og:description
og:title","브라우저에서 직접 사진을 결합, 분할, 압축, 변환 및 처리합니다. WebAssembly를 통해 100% 오프라인. 무료이며 무제한이며 매우 안전합니다.
압축 이미지 to 200KB 무료 - HelpMyIMG",0,true,29
21,https://helpmyimg.com/tr/yuz-bulaniklastirma/,Profesyonel Fotoğraf Stüdyosu ve Toplu Araç Seti - HelpMyIMG,text/html; charset=utf-8,false,200,0,false,"og:description
og:title","Fotoğrafları doğrudan tarayıcınızda birleştirin, bölün, sıkıştırın, dönüştürün ve işleyin. WebAssembly aracılığıyla %100 çevrimdışı. Ücretsiz, sınırsız ve son derece güvenli.
Profesyonel Fotoğraf Stüdyosu ve Toplu Araç Seti - HelpMyIMG",0,true,29
21,https://helpmyimg.com/fi/pakkaa-100kb/,Pakkaa kuva 100 kilotavuun verkossa ilmaiseksi - nopea ja yksityinen - HelpMyIMG,text/html; charset=utf-8,false,200,0,false,"og:description
og:title","Yhdistä, jaa, pakkaa, muunna ja käsittele valokuvia suoraan selaimessasi. 100 % offline-tilassa WebAssemblyn kautta. Ilmainen, rajoittamaton ja erittäin turvallinen.
Pakkaa kuva 100 kilotavuun verkossa ilmaiseksi - nopea ja yksityinen - HelpMyIMG",0,true,29
21,https://helpmyimg.com/ms/mampat-imej/,Mampat Imej to 200KB Percuma - HelpMyIMG,text/html; charset=utf-8,false,200,0,false,"og:description
og:title","Gabungkan, belah, mampatkan, tukar dan proses foto terus dalam penyemak imbas anda. 100% di luar talian melalui WebAssembly. Percuma, tidak terhad dan sangat selamat.
Mampat Imej to 200KB Percuma - HelpMyIMG",0,true,29
21,https://helpmyimg.com/pt/girar-imagem/,Estúdio Fotográfico Profissional Tudo-em-Um - HelpMyIMG,text/html; charset=utf-8,false,200,0,false,"og:description
og:title","Combine, divida, compacte, converta e processe fotos diretamente no seu navegador. 100% off-line via WebAssembly. Gratuito, ilimitado e altamente seguro.
Estúdio Fotográfico Profissional Tudo-em-Um - HelpMyIMG",0,true,29
21,https://helpmyimg.com/pt/fotos-de-marca-dgua-em-lote/,Fotos de marca d'água em lote - Adicionador de logotipo em massa - HelpMyIMG,text/html; charset=utf-8,false,200,0,false,"og:description
og:title","Combine, divida, compacte, converta e processe fotos diretamente no seu navegador. 100% off-line via WebAssembly. Gratuito, ilimitado e altamente seguro.
Fotos de marca d'água em lote - Adicionador de logotipo em massa - HelpMyIMG",0,true,29
21,https://helpmyimg.com/el/change-photo-background-to-white/,Αλλάξτε το φόντο φωτογραφιών σε λευκό - Έτοιμος για το Amazon και το ηλεκτρονικό εμπόριο - HelpMyIMG,text/html; charset=utf-8,false,200,0,false,"og:description
og:title","Συνδυάστε, διαχωρίστε, συμπιέστε, μετατρέψτε και επεξεργαστείτε φωτογραφίες απευθείας στο πρόγραμμα περιήγησής σας. 100% εκτός σύνδεσης μέσω WebAssembly. Δωρεάν, απεριόριστη και εξαιρετικά ασφαλής.
Αλλάξτε το φόντο φωτογραφιών σε λευκό - Έτοιμος για το Amazon και το ηλεκτρονικό εμπόριο - HelpMyIMG",0,true,29
21,https://helpmyimg.com/cs/odstranit-pozad-z-loga/,Odebrat pozadí z loga zdarma - Transparentní PNG Maker - HelpMyIMG,text/html; charset=utf-8,false,200,0,false,"og:description
og:title","Kombinujte, rozdělujte, komprimujte, převádějte a zpracovávajte fotografie přímo ve vašem prohlížeči.100% offline přes WebAssembly.Zdarma, neomezené a vysoce bezpečné.
Odebrat pozadí z loga zdarma - Transparentní PNG Maker - HelpMyIMG",0,true,29
21,https://helpmyimg.com/pl/skompresuj-obraz-do-200kb/,Kompresuj obraz do 200 KB — redukcja wysokiej jakości - HelpMyIMG,text/html; charset=utf-8,false,200,0,false,"og:description
og:title","Łącz, dziel, kompresuj, konwertuj i przetwarzaj zdjęcia bezpośrednio w przeglądarce. 100% offline poprzez WebAssembly. Bezpłatny, nieograniczony i wysoce bezpieczny.
Kompresuj obraz do 200 KB — redukcja wysokiej jakości - HelpMyIMG",0,true,29
21,https://helpmyimg.com/de/bild-konvertieren/,Konvertieren WEBP to JPG Kostenlos - HelpMyIMG,text/html; charset=utf-8,false,200,0,false,"og:description
og:title","Kombinieren, teilen, komprimieren, konvertieren und verarbeiten Sie Fotos direkt in Ihrem Browser. 100 % offline über WebAssembly. Kostenlos, unbegrenzt und äußerst sicher.
Konvertieren WEBP to JPG Kostenlos - HelpMyIMG",0,true,29
20,https://helpmyimg.com/el/schetika/,Σχετικά με εμάς - HelpMyIMG,text/html; charset=utf-8,false,200,0,false,"og:description
og:title","Πιστεύουμε ότι η ισχυρή τεχνητή νοημοσύνη δεν πρέπει να κλειδώνεται πίσω από ακριβούς τοίχους πληρωμής ή διακομιστές cloud που παρεμποδίζουν το απόρρητο. Το HelpMyIMG είναι ο ταχύτερος, 100% εκτός σύνδεσης, πρώτος επεξεργαστής εικόνας AI στον κόσμο που εκτελείται εξ ολοκλήρου στο πρόγραμμα περιήγησής σας.
Σχετικά με εμάς - HelpMyIMG",0,true,0
20,https://helpmyimg.com/th/ra-kha/,ราคา - HelpMyIMG,text/html; charset=utf-8,false,200,0,false,"og:description
og:title","การประมวลผลภาพระดับองค์กร ฟรีแน่นอน
ราคา - HelpMyIMG",0,true,0
20,https://helpmyimg.com/hi/bhashayein/,समर्थित भाषाएँ - HelpMyIMG,text/html; charset=utf-8,false,200,0,false,"og:description
og:title","हमारा मानना ​​है कि शक्तिशाली AI हर जगह, हर किसी के लिए सुलभ होना चाहिए। यही कारण है कि हेल्पमायआईएमजी को मूल रूप से 30 विभिन्न भाषाओं में स्थानीयकृत किया गया है।
समर्थित भाषाएँ - HelpMyIMG",0,true,0
20,https://helpmyimg.com/es/acerca-de/,Sobre nosotros - HelpMyIMG,text/html; charset=utf-8,false,200,0,false,"og:description
og:title","Creemos que la IA poderosa no debería encerrarse detrás de costosos muros de pago o servidores en la nube que invadan la privacidad. HelpMyIMG es el editor de imágenes de IA más rápido del mundo, 100% fuera de línea y que prioriza la privacidad y se ejecuta completamente dentro de su navegador.
Sobre nosotros - HelpMyIMG",0,true,0
20,https://helpmyimg.com/es/idiomas/,Idiomas admitidos - HelpMyIMG,text/html; charset=utf-8,false,200,0,false,"og:description
og:title","Creemos que una IA poderosa debería ser accesible para todos, en todas partes. Es por eso que HelpMyIMG está traducido de forma nativa a 30 idiomas diferentes.
Idiomas admitidos - HelpMyIMG",0,true,0
20,https://helpmyimg.com/pt/idiomas/,Idiomas Suportados - HelpMyIMG,text/html; charset=utf-8,false,200,0,false,"og:description
og:title","Acreditamos que a IA poderosa deve ser acessível a todos, em qualquer lugar. É por isso que HelpMyIMG está localizado nativamente em 30 idiomas diferentes.
Idiomas Suportados - HelpMyIMG",0,true,0
20,https://helpmyimg.com/ko/iyong-yakgwan/,서비스 약관 - HelpMyIMG,text/html; charset=utf-8,false,200,0,false,"og:description
og:title","HelpMyIMG에 오신 것을 환영합니다. 당사 웹사이트, 도구 및 서비스에 접속하거나 이를 사용함으로써 귀하는 본 서비스 약관을 준수할 것에 동의하게 됩니다. 귀하의 법적 권리와 의무에 적용되므로 주의 깊게 읽어보시기 바랍니다.
서비스 약관 - HelpMyIMG",0,true,0
20,https://helpmyimg.com/vi/bao-mat/,Bảo mật & Tin cậy - HelpMyIMG,text/html; charset=utf-8,false,200,0,false,"og:description
og:title","Trải nghiệm chỉnh sửa hình ảnh AI riêng tư 100% được cung cấp bởi WebAssugging cục bộ. Chúng tôi không thể xem, lưu trữ hoặc bán ảnh của bạn vì chúng không bao giờ đến được máy chủ của chúng tôi.
Bảo mật & Tin cậy - HelpMyIMG",0,true,0
20,https://helpmyimg.com/es/seguridad/,Seguridad y confianza - HelpMyIMG,text/html; charset=utf-8,false,200,0,false,"og:description
og:title","Experimente la edición de imágenes con IA 100% privada impulsada por WebAssembly local. No podemos ver, almacenar ni vender sus fotos porque nunca llegan a nuestros servidores.
Seguridad y confianza - HelpMyIMG",0,true,0
20,https://helpmyimg.com/he/odot/,אודותינו - HelpMyIMG,text/html; charset=utf-8,false,200,0,false,"og:description
og:title","אנו מאמינים שאין לנעול AI רב עוצמה מאחורי חומות תשלום יקרות או שרתי ענן פולשני פרטיות. HelpMyIMG הוא עורך תמונות הבינה המלאכותית המהירה בעולם, 100% במצב לא מקוון, הראשון בפרטיות, הפועל כולו בתוך הדפדפן שלך.
אודותינו - HelpMyIMG",0,true,0
20,https://helpmyimg.com/pt/termos/,Termos de Serviço - HelpMyIMG,text/html; charset=utf-8,false,200,0,false,"og:description
og:title","Bem-vindo ao HelpMyIMG. Ao acessar ou usar nosso site, ferramentas e serviços, você concorda em obedecer a estes Termos de Serviço. Leia-os com atenção, pois eles regem seus direitos e obrigações legais.
Termos de Serviço - HelpMyIMG",0,true,0
20,https://helpmyimg.com/ko/bigyo/,비교하다 - HelpMyIMG,text/html; charset=utf-8,false,200,0,false,"og:description
og:title","우리는 로컬에서 실행되도록 AI 이미지 처리를 처음부터 다시 구축했습니다. 클라우드가 더 이상 사용되지 않는 이유를 알아보세요.
비교하다 - HelpMyIMG",0,true,0
20,https://helpmyimg.com/pt/seguranca/,Segurança e confiança - HelpMyIMG,text/html; charset=utf-8,false,200,0,false,"og:description
og:title","Experimente edição de imagens de IA 100% privada com tecnologia WebAssembly local. Não podemos ver, armazenar ou vender suas fotos porque elas nunca chegam aos nossos servidores.
Segurança e confiança - HelpMyIMG",0,true,0
20,https://helpmyimg.com/hu/biztonsag/,Biztonság és bizalom - HelpMyIMG,text/html; charset=utf-8,false,200,0,false,"og:description
og:title","Tapasztalja meg a 100%-ban privát mesterséges intelligencia képszerkesztést a helyi WebAssembly segítségével. Nem láthatjuk, tárolhatjuk vagy értékesíthetjük fotóit, mert azok soha nem jutnak el szervereinkre.
Biztonság és bizalom - HelpMyIMG",0,true,0
20,https://helpmyimg.com/el/asfaleia/,Ασφάλεια & Εμπιστοσύνη - HelpMyIMG,text/html; charset=utf-8,false,200,0,false,"og:description
og:title","Απολαύστε 100% ιδιωτική επεξεργασία εικόνων AI με την υποστήριξη της τοπικής WebAssembly. Δεν μπορούμε να δούμε, να αποθηκεύσουμε ή να πουλήσουμε τις φωτογραφίες σας επειδή δεν φτάνουν ποτέ στους διακομιστές μας.
Ασφάλεια & Εμπιστοσύνη - HelpMyIMG",0,true,0
20,https://helpmyimg.com/en/about/,About Us - HelpMyIMG,text/html; charset=utf-8,false,200,0,false,"og:description
og:title","We believe powerful AI should not be locked behind expensive paywalls or privacy-invasive cloud servers. HelpMyIMG is the world's fastest, 100% offline, privacy-first AI image editor that runs entirely inside your browser.
About Us - HelpMyIMG",0,true,0
20,https://helpmyimg.com/nl/beveiliging/,Veiligheid en vertrouwen - HelpMyIMG,text/html; charset=utf-8,false,200,0,false,"og:description
og:title","Ervaar 100% privé AI-beeldbewerking, mogelijk gemaakt door lokale WebAssembly. We kunnen uw foto's niet zien, opslaan of verkopen omdat ze onze servers nooit bereiken.
Veiligheid en vertrouwen - HelpMyIMG",0,true,0
20,https://helpmyimg.com/hu/osszehasonlitas/,Hasonlítsa össze - HelpMyIMG,text/html; charset=utf-8,false,200,0,false,"og:description
og:title","Az AI képfeldolgozást az alapoktól kezdve újraépítettük, hogy helyben működjön. Nézze meg, miért elavult a felhő.
Hasonlítsa össze - HelpMyIMG",0,true,0
20,https://helpmyimg.com/th/priab-thiab/,เปรียบเทียบ - HelpMyIMG,text/html; charset=utf-8,false,200,0,false,"og:description
og:title","เราสร้างการประมวลผลภาพ AI ใหม่ตั้งแต่ต้นจนจบเพื่อทำงานในพื้นที่ ดูสาเหตุที่ระบบคลาวด์ล้าสมัย
เปรียบเทียบ - HelpMyIMG",0,true,0
20,https://helpmyimg.com/he/avtacha/,אבטחה ואמון - HelpMyIMG,text/html; charset=utf-8,false,200,0,false,"og:description
og:title","חווה 100% עריכת תמונות AI פרטית המופעלת על ידי WebAssembly מקומי. אנחנו לא יכולים לראות, לאחסן או למכור את התמונות שלך כי הן אף פעם לא מגיעות לשרתים שלנו.
אבטחה ואמון - HelpMyIMG",0,true,0
20,https://helpmyimg.com/cs/o-nas/,O nás - HelpMyIMG,text/html; charset=utf-8,false,200,0,false,"og:description
og:title","Věříme, že výkonná umělá inteligence by neměla být uzavřena za drahými paywally nebo cloudovými servery narušujícími soukromí. HelpMyIMG je světově nejrychlejší, 100% offline, AI obrazový editor založený na ochraně soukromí, který běží výhradně ve vašem prohlížeči.
O nás - HelpMyIMG",0,true,0
20,https://helpmyimg.com/ko/sogae/,회사 소개 - HelpMyIMG,text/html; charset=utf-8,false,200,0,false,"og:description
og:title","우리는 강력한 AI가 값비싼 페이월이나 개인정보 침해 클라우드 서버 뒤에 갇혀 있어서는 안 된다고 믿습니다. HelpMyIMG는 전적으로 브라우저 내에서 실행되는 세계에서 가장 빠른 100% 오프라인 개인 정보 보호 우선 AI 이미지 편집기입니다.
회사 소개 - HelpMyIMG",0,true,0
20,https://helpmyimg.com/pl/warunki/,Warunki świadczenia usług - HelpMyIMG,text/html; charset=utf-8,false,200,0,false,"og:description
og:title","Witamy w HelpMyIMG. Wchodząc lub korzystając z naszej witryny internetowej, narzędzi i usług, wyrażasz zgodę na przestrzeganie niniejszych Warunków świadczenia usług. Przeczytaj je uważnie, ponieważ regulują one Twoje prawa i obowiązki.
Warunki świadczenia usług - HelpMyIMG",0,true,0
20,https://helpmyimg.com/tl/presyo/,Pagpepresyo - HelpMyIMG,text/html; charset=utf-8,false,200,0,false,"og:description
og:title","Enterprise-grade image processing, ganap na libre.
Pagpepresyo - HelpMyIMG",0,true,0
20,https://helpmyimg.com/el/sychnes-erotiseis/,FAQ - HelpMyIMG,text/html; charset=utf-8,false,200,0,false,"og:description
og:title","Όλα όσα πρέπει να ξέρετε για τα εργαλεία τεχνητής νοημοσύνης, τα όρια, τις μορφές και τον τρόπο με τον οποίο λειτουργούν απευθείας στο πρόγραμμα περιήγησής σας.
FAQ - HelpMyIMG",0,true,0
20,https://helpmyimg.com/uk/chasti-zapytannya/,FAQ - HelpMyIMG,text/html; charset=utf-8,false,200,0,false,"og:description
og:title","Усе, що вам потрібно знати про наші інструменти штучного інтелекту, обмеження, формати та те, як вони працюють безпосередньо у вашому браузері.
FAQ - HelpMyIMG",0,true,0
20,https://helpmyimg.com/it/confronta/,Confrontare - HelpMyIMG,text/html; charset=utf-8,false,200,0,false,"og:description
og:title","Abbiamo ricostruito l'elaborazione delle immagini AI da zero per eseguirla localmente. Scopri perché il cloud è obsoleto.
Confrontare - HelpMyIMG",0,true,0
20,https://helpmyimg.com/uk/konfidentsiynist/,Політика конфіденційності - HelpMyIMG,text/html; charset=utf-8,false,200,0,false,"og:description
og:title","У HelpMyIMG ми вважаємо конфіденційність основним правом людини. Ця Політика конфіденційності надзвичайно коротка щодо збору даних, оскільки ми навмисно майже нічого не збираємо. Нижче наведено детальну розбивку того, як наша архітектура захищає вас.
Політика конфіденційності - HelpMyIMG",0,true,0
20,https://helpmyimg.com/ru/bezopasnost/,Безопасность и доверие - HelpMyIMG,text/html; charset=utf-8,false,200,0,false,"og:description
og:title","Испытайте 100% конфиденциальное редактирование изображений с помощью искусственного интеллекта с помощью локальной WebAssembly. Мы не можем видеть, хранить или продавать ваши фотографии, поскольку они никогда не попадают на наши серверы.
Безопасность и доверие - HelpMyIMG",0,true,0
20,https://helpmyimg.com/el/glosses/,Υποστηριζόμενες γλώσσες - HelpMyIMG,text/html; charset=utf-8,false,200,0,false,"og:description
og:title","Πιστεύουμε ότι το ισχυρό AI πρέπει να είναι προσβάσιμο σε όλους, παντού. Αυτός είναι ο λόγος για τον οποίο το HelpMyIMG είναι εγγενώς προσαρμοσμένο σε 30 διαφορετικές γλώσσες.
Υποστηριζόμενες γλώσσες - HelpMyIMG",0,true,0
20,https://helpmyimg.com/he/mehirim/,תמחור - HelpMyIMG,text/html; charset=utf-8,false,200,0,false,"og:description
og:title","עיבוד תמונה ברמה ארגונית, בחינם לחלוטין.
תמחור - HelpMyIMG",0,true,0
20,https://helpmyimg.com/de/preise/,Preise - HelpMyIMG,text/html; charset=utf-8,false,200,0,false,"og:description
og:title","Bildverarbeitung auf Unternehmensniveau, absolut kostenlos.
Preise - HelpMyIMG",0,true,0
20,https://helpmyimg.com/he/sheelot-nefotzot/,שאלות נפוצות - HelpMyIMG,text/html; charset=utf-8,false,200,0,false,"og:description
og:title","כל מה שאתה צריך לדעת על הכלים, המגבלות, הפורמטים, הפורמטים והפורמטים של הכלי הבינה המלאכותית שלנו שקודמים לפרטיות, ואיך הם פועלים ישירות בדפדפן שלך.
שאלות נפוצות - HelpMyIMG",0,true,0
20,https://helpmyimg.com/en/security/,Security & Trust - HelpMyIMG,text/html; charset=utf-8,false,200,0,false,"og:description
og:title","Experience 100% private AI image editing powered by local WebAssembly. We cannot see, store, or sell your photos because they never reach our servers.
Security & Trust - HelpMyIMG",0,true,0
20,https://helpmyimg.com/tr/diller/,Desteklenen Diller - HelpMyIMG,text/html; charset=utf-8,false,200,0,false,"og:description
og:title","Güçlü yapay zekanın herkesin her yerde erişilebilir olması gerektiğine inanıyoruz. HelpMyIMG'nin yerel olarak 30 farklı dile yerelleştirilmesinin nedeni budur.
Desteklenen Diller - HelpMyIMG",0,true,0
20,https://helpmyimg.com/ms/keselamatan/,Keselamatan & Amanah - HelpMyIMG,text/html; charset=utf-8,false,200,0,false,"og:description
og:title","Alami 100% pengeditan imej AI peribadi yang dikuasakan oleh WebAssembly tempatan. Kami tidak dapat melihat, menyimpan atau menjual foto anda kerana ia tidak pernah sampai ke pelayan kami.
Keselamatan & Amanah - HelpMyIMG",0,true,0
20,https://helpmyimg.com/id/bandingkan/,Membandingkan - HelpMyIMG,text/html; charset=utf-8,false,200,0,false,"og:description
og:title","Kami membangun kembali pemrosesan gambar AI dari awal agar dapat dijalankan secara lokal. Lihat mengapa cloud sudah ketinggalan zaman.
Membandingkan - HelpMyIMG",0,true,0
20,https://helpmyimg.com/hu/nyelvek/,Támogatott nyelvek - HelpMyIMG,text/html; charset=utf-8,false,200,0,false,"og:description
og:title","Hiszünk abban, hogy a hatékony mesterséges intelligencia mindenki számára elérhető legyen, mindenhol. Ez az oka annak, hogy a HelpMyIMG natívan 30 különböző nyelvre van lokalizálva.
Támogatott nyelvek - HelpMyIMG",0,true,0
20,https://helpmyimg.com/hi/shartein/,सेवा की शर्तें - HelpMyIMG,text/html; charset=utf-8,false,200,0,false,"og:description
og:title","HelpMyIMG में आपका स्वागत है। हमारी वेबसाइट, टूल और सेवाओं तक पहुंच या उपयोग करके, आप इन सेवा की शर्तों से बंधे होने के लिए सहमत हैं। कृपया उन्हें ध्यान से पढ़ें क्योंकि वे आपके कानूनी अधिकारों और दायित्वों को नियंत्रित करते हैं।
सेवा की शर्तें - HelpMyIMG",0,true,0
20,https://helpmyimg.com/tr/sikca-sorulan-sorular/,SSS - HelpMyIMG,text/html; charset=utf-8,false,200,0,false,"og:description
og:title","Gizliliğe öncelik veren yapay zeka araçlarımız, sınırlamalarımız, formatlarımız ve bunların doğrudan tarayıcınızda nasıl çalıştığı hakkında bilmeniz gereken her şey.
SSS - HelpMyIMG",0,true,0
20,https://helpmyimg.com/ru/yazyki/,Поддерживаемые языки - HelpMyIMG,text/html; charset=utf-8,false,200,0,false,"og:description
og:title","Мы считаем, что мощный ИИ должен быть доступен каждому и везде. Вот почему HelpMyIMG изначально локализован на 30 различных языков.
Поддерживаемые языки - HelpMyIMG",0,true,0
20,https://helpmyimg.com/fr/a-propos/,À propos de nous - HelpMyIMG,text/html; charset=utf-8,false,200,0,false,"og:description
og:title","Nous pensons que l’IA puissante ne devrait pas être enfermée derrière des paywalls coûteux ou des serveurs cloud envahissant la vie privée. HelpMyIMG est l'éditeur d'images IA le plus rapide au monde, 100 % hors ligne et axé sur la confidentialité, qui s'exécute entièrement dans votre navigateur.
À propos de nous - HelpMyIMG",0,true,0
20,https://helpmyimg.com/es/preguntas-frecuentes/,Preguntas frecuentes - HelpMyIMG,text/html; charset=utf-8,false,200,0,false,"og:description
og:title","Todo lo que necesita saber sobre nuestras herramientas de IA, límites, formatos y cómo funcionan directamente en su navegador.
Preguntas frecuentes - HelpMyIMG",0,true,0
20,https://helpmyimg.com/hu/gyik/,GYIK - HelpMyIMG,text/html; charset=utf-8,false,200,0,false,"og:description
og:title","Minden, amit tudnia kell az adatvédelem előtt álló mesterséges intelligencia eszközeinkről, korlátainkról, formátumainkról és ezek működéséről közvetlenül a böngészőben.
GYIK - HelpMyIMG",0,true,0
20,https://helpmyimg.com/id/pertanyaan-umum/,Pertanyaan Umum - HelpMyIMG,text/html; charset=utf-8,false,200,0,false,"og:description
og:title","Semua yang perlu Anda ketahui tentang alat AI kami yang mengutamakan privasi, batasan, format, dan cara kerjanya langsung di browser Anda.
Pertanyaan Umum - HelpMyIMG",0,true,0
20,https://helpmyimg.com/ms/bahasa/,Bahasa yang Disokong - HelpMyIMG,text/html; charset=utf-8,false,200,0,false,"og:description
og:title","Kami percaya AI yang berkuasa harus boleh diakses oleh semua orang, di mana-mana sahaja. Itulah sebabnya HelpMyIMG disetempatkan secara asli ke dalam 30 bahasa yang berbeza.
Bahasa yang Disokong - HelpMyIMG",0,true,0
20,https://helpmyimg.com/he/safot/,שפות נתמכות - HelpMyIMG,text/html; charset=utf-8,false,200,0,false,"og:description
og:title","אנו מאמינים ש-AI רב עוצמה צריך להיות נגיש לכולם, בכל מקום. זו הסיבה ש-HelpMyIMG מותאמת באופן מקורי ל-30 שפות שונות.
שפות נתמכות - HelpMyIMG",0,true,0
20,https://helpmyimg.com/nl/voorwaarden/,Servicevoorwaarden - HelpMyIMG,text/html; charset=utf-8,false,200,0,false,"og:description
og:title","Welkom bij HelpMyIMG. Door onze website, tools en diensten te bezoeken of te gebruiken, gaat u ermee akkoord gebonden te zijn aan deze Servicevoorwaarden. Lees ze aandachtig door, aangezien ze uw wettelijke rechten en plichten regelen.
Servicevoorwaarden - HelpMyIMG",0,true,0
20,https://helpmyimg.com/ja/hikaku/,比較する - HelpMyIMG,text/html; charset=utf-8,false,200,0,false,"og:description
og:title","AI 画像処理をローカルで実行できるように一から再構築しました。クラウドが時代遅れになった理由をご覧ください。
比較する - HelpMyIMG",0,true,0
20,https://helpmyimg.com/es/comparar/,Comparar - HelpMyIMG,text/html; charset=utf-8,false,200,0,false,"og:description
og:title","Reconstruimos el procesamiento de imágenes de IA desde cero para ejecutarlo localmente. Vea por qué la nube está obsoleta.
Comparar - HelpMyIMG",0,true,0
20,https://helpmyimg.com/no/vilkar/,Vilkår for bruk - HelpMyIMG,text/html; charset=utf-8,false,200,0,false,"og:description
og:title","Velkommen til HelpMyIMG. Ved å gå inn på eller bruke nettstedet vårt, verktøyene og tjenestene våre, godtar du å være bundet av disse vilkårene for bruk. Vennligst les dem nøye ettersom de styrer dine juridiske rettigheter og plikter.
Vilkår for bruk - HelpMyIMG",0,true,0
20,https://helpmyimg.com/fr/confidentialite/,politique de confidentialité - HelpMyIMG,text/html; charset=utf-8,false,200,0,false,"og:description
og:title","Chez HelpMyIMG, nous considérons la vie privée comme un droit humain fondamental. Cette politique de confidentialité est particulièrement brève en ce qui concerne la collecte de données, car nous ne collectons délibérément presque rien. Vous trouverez ci-dessous une description détaillée de la manière dont notre architecture vous protège.
politique de confidentialité - HelpMyIMG",0,true,0
20,https://helpmyimg.com/da/om-os/,Om os - HelpMyIMG,text/html; charset=utf-8,false,200,0,false,"og:description
og:title","Vi mener, at kraftfuld kunstig intelligens ikke bør låses bag dyre betalingsmure eller privatlivsinvasive skyservere. HelpMyIMG er verdens hurtigste, 100 % offline, privatlivsførste AI-billededitor, der kører helt inde i din browser.
Om os - HelpMyIMG",0,true,0
20,https://helpmyimg.com/no/sprak/,Støttede språk - HelpMyIMG,text/html; charset=utf-8,false,200,0,false,"og:description
og:title","Vi mener kraftig AI bør være tilgjengelig for alle, overalt. Det er derfor HelpMyIMG er lokalisert til 30 forskjellige språk.
Støttede språk - HelpMyIMG",0,true,0
20,https://helpmyimg.com/vi/so-sanh/,So sánh - HelpMyIMG,text/html; charset=utf-8,false,200,0,false,"og:description
og:title","Chúng tôi đã xây dựng lại quy trình xử lý hình ảnh AI từ đầu để chạy cục bộ. Xem tại sao đám mây lại lỗi thời.
So sánh - HelpMyIMG",0,true,0
20,https://helpmyimg.com/ko/jaju-mutneun-jilmun/,FAQ - HelpMyIMG,text/html; charset=utf-8,false,200,0,false,"og:description
og:title","개인 정보 보호를 최우선으로 하는 AI 도구, 제한, 형식 및 브라우저에서 직접 작동하는 방식에 대해 알아야 할 모든 것입니다.
FAQ - HelpMyIMG",0,true,0
20,https://helpmyimg.com/en/compare/,Compare - HelpMyIMG,text/html; charset=utf-8,false,200,0,false,"og:description
og:title","We rebuilt AI image processing from the ground up to run locally. See why the cloud is obsolete.
Compare - HelpMyIMG",0,true,0
20,https://helpmyimg.com/vi/quyen-rieng-tu/,Chính sách bảo mật - HelpMyIMG,text/html; charset=utf-8,false,200,0,false,"og:description
og:title","Tại HelpMyIMG, chúng tôi coi quyền riêng tư là quyền cơ bản của con người. Chính sách quyền riêng tư này rất ngắn gọn về việc thu thập dữ liệu vì chúng tôi cố tình thu thập hầu như không có gì. Dưới đây là bảng phân tích chi tiết về cách kiến ​​trúc của chúng tôi bảo vệ bạn.
Chính sách bảo mật - HelpMyIMG",0,true,0
20,https://helpmyimg.com/tr/fiyatlar/,Fiyatlandırma - HelpMyIMG,text/html; charset=utf-8,false,200,0,false,"og:description
og:title","Kurumsal düzeyde görüntü işleme, tamamen ücretsizdir.
Fiyatlandırma - HelpMyIMG",0,true,0
20,https://helpmyimg.com/ro/securitate/,Securitate și încredere - HelpMyIMG,text/html; charset=utf-8,false,200,0,false,"og:description
og:title","Experimentați editarea imaginilor 100% AI privată, alimentată de WebAssembly local. Nu putem vedea, stoca sau vinde fotografiile tale, deoarece acestea nu ajung niciodată la serverele noastre.
Securitate și încredere - HelpMyIMG",0,true,0
20,https://helpmyimg.com/ms/harga/,penetapan harga - HelpMyIMG,text/html; charset=utf-8,false,200,0,false,"og:description
og:title","Pemprosesan imej gred perusahaan, benar-benar percuma.
penetapan harga - HelpMyIMG",0,true,0
20,https://helpmyimg.com/ja/gaiyo/,私たちについて - HelpMyIMG,text/html; charset=utf-8,false,200,0,false,"og:description
og:title","私たちは、強力な AI が高価なペイウォールやプライバシーを侵害するクラウド サーバーの背後に閉じ込められるべきではないと考えています。 HelpMyIMG は、完全にブラウザ内で実行される、世界最速、100% オフライン、プライバシー最優先の AI 画像エディターです。
私たちについて - HelpMyIMG",0,true,0
20,https://helpmyimg.com/zh/tiaokuan/,服务条款 - HelpMyIMG,text/html; charset=utf-8,false,200,0,false,"og:description
og:title","欢迎来到 HelpMyIMG。通过访问或使用我们的网站、工具和服务，您同意受这些服务条款的约束。请仔细阅读它们，因为它们管辖您的合法权利和义务。
服务条款 - HelpMyIMG",0,true,0
20,https://helpmyimg.com/ja/yoku-aru-shitsumon/,よくある質問 - HelpMyIMG,text/html; charset=utf-8,false,200,0,false,"og:description
og:title","プライバシー最優先の AI ツール、制限、形式、およびそれらがブラウザーで直接動作する方法について知っておくべきすべてのこと。
よくある質問 - HelpMyIMG",0,true,0
20,https://helpmyimg.com/pt/precos/,Preços - HelpMyIMG,text/html; charset=utf-8,false,200,0,false,"og:description
og:title","Processamento de imagens de nível empresarial, totalmente gratuito.
Preços - HelpMyIMG",0,true,0
20,https://helpmyimg.com/cs/porovnani/,Porovnejte - HelpMyIMG,text/html; charset=utf-8,false,200,0,false,"og:description
og:title","Od základu jsme přestavěli zpracování obrazu AI tak, aby fungovalo lokálně. Podívejte se, proč je cloud zastaralý.
Porovnejte - HelpMyIMG",0,true,0
20,https://helpmyimg.com/zh/jiage/,定价 - HelpMyIMG,text/html; charset=utf-8,false,200,0,false,"og:description
og:title","企业级图像处理，完全免费。
定价 - HelpMyIMG",0,true,0
20,https://helpmyimg.com/ro/termeni/,Termeni și condiții - HelpMyIMG,text/html; charset=utf-8,false,200,0,false,"og:description
og:title","Bun venit la HelpMyIMG. Accesând sau utilizând site-ul nostru web, instrumentele și serviciile, sunteți de acord să respectați acești Termeni și condiții. Vă rugăm să le citiți cu atenție, deoarece acestea vă reglementează drepturile și obligațiile legale.
Termeni și condiții - HelpMyIMG",0,true,0
20,https://helpmyimg.com/ro/limbi/,Limbi acceptate - HelpMyIMG,text/html; charset=utf-8,false,200,0,false,"og:description
og:title","Credem că IA puternică ar trebui să fie accesibilă tuturor, oriunde. De aceea, HelpMyIMG este localizat nativ în 30 de limbi diferite.
Limbi acceptate - HelpMyIMG",0,true,0
20,https://helpmyimg.com/en/faq/,FAQ - HelpMyIMG,text/html; charset=utf-8,false,200,0,false,"og:description
og:title","Everything you need to know about our privacy-first AI tools, limits, formats, and how they work directly in your browser.
FAQ - HelpMyIMG",0,true,0
20,https://helpmyimg.com/nl/prijzen/,Prijzen - HelpMyIMG,text/html; charset=utf-8,false,200,0,false,"og:description
og:title","Beeldverwerking op bedrijfsniveau, helemaal gratis.
Prijzen - HelpMyIMG",0,true,0
20,https://helpmyimg.com/fr/langues/,Langues prises en charge - HelpMyIMG,text/html; charset=utf-8,false,200,0,false,"og:description
og:title","Nous pensons que l’IA puissante devrait être accessible à tous, partout. C'est pourquoi HelpMyIMG est nativement localisé dans 30 langues différentes.
Langues prises en charge - HelpMyIMG",0,true,0
20,https://helpmyimg.com/he/hashvaa/,לְהַשְׁווֹת - HelpMyIMG,text/html; charset=utf-8,false,200,0,false,"og:description
og:title","בנינו מחדש את עיבוד התמונה בינה מלאכותית מהיסוד להפעלה מקומית. ראה מדוע הענן מיושן.
לְהַשְׁווֹת - HelpMyIMG",0,true,0
20,https://helpmyimg.com/ru/usloviya/,Условия использования - HelpMyIMG,text/html; charset=utf-8,false,200,0,false,"og:description
og:title","Добро пожаловать в ЛатарИД. Получая доступ к нашему веб-сайту, инструментам и услугам или используя их, вы соглашаетесь соблюдать настоящие Условия обслуживания. Пожалуйста, внимательно прочитайте их, поскольку они регулируют ваши законные права и обязанности.
Условия использования - HelpMyIMG",0,true,0
20,https://helpmyimg.com/el/sygkrisi/,Συγκρίνω - HelpMyIMG,text/html; charset=utf-8,false,200,0,false,"og:description
og:title","Αναδημιουργήσαμε την επεξεργασία εικόνας AI από την αρχή για να εκτελείται τοπικά. Δείτε γιατί το σύννεφο είναι ξεπερασμένο.
Συγκρίνω - HelpMyIMG",0,true,0
20,https://helpmyimg.com/ja/kakaku/,価格設定 - HelpMyIMG,text/html; charset=utf-8,false,200,0,false,"og:description
og:title","エンタープライズグレードの画像処理を完全無料で。
価格設定 - HelpMyIMG",0,true,0
20,https://helpmyimg.com/ro/despre-noi/,Despre noi - HelpMyIMG,text/html; charset=utf-8,false,200,0,false,"og:description
og:title","Credem că IA puternică nu ar trebui să fie blocată în spatele plăților costisitoare sau a serverelor cloud care invadează confidențialitatea. HelpMyIMG este cel mai rapid editor de imagini AI din lume, 100% offline, care are prioritate în confidențialitate, care rulează în întregime în browserul dvs.
Despre noi - HelpMyIMG",0,true,0
20,https://helpmyimg.com/pl/ceny/,Wycena - HelpMyIMG,text/html; charset=utf-8,false,200,0,false,"og:description
og:title","Przetwarzanie obrazu klasy korporacyjnej, całkowicie bezpłatnie.
Wycena - HelpMyIMG",0,true,0
20,https://helpmyimg.com/th/ngeuan-khai/,ข้อกำหนดในการให้บริการ - HelpMyIMG,text/html; charset=utf-8,false,200,0,false,"og:description
og:title","ยินดีต้อนรับสู่ HelpMyIMG การเข้าถึงหรือใช้เว็บไซต์ เครื่องมือ และบริการของเรา แสดงว่าคุณตกลงที่จะผูกพันตามข้อกำหนดในการให้บริการเหล่านี้ โปรดอ่านอย่างละเอียดเนื่องจากสิ่งเหล่านั้นควบคุมสิทธิ์และภาระผูกพันตามกฎหมายของคุณ
ข้อกำหนดในการให้บริการ - HelpMyIMG",0,true,0
20,https://helpmyimg.com/no/sammenlign/,Sammenligne - HelpMyIMG,text/html; charset=utf-8,false,200,0,false,"og:description
og:title","Vi bygde om AI-bildebehandling fra grunnen til å kjøre lokalt. Se hvorfor skyen er foreldet.
Sammenligne - HelpMyIMG",0,true,0
20,https://helpmyimg.com/th/khwam-pen-suan-tua/,นโยบายความเป็นส่วนตัว - HelpMyIMG,text/html; charset=utf-8,false,200,0,false,"og:description
og:title","ที่ HelpMyIMG เราถือว่าความเป็นส่วนตัวเป็นสิทธิมนุษยชนขั้นพื้นฐาน นโยบายความเป็นส่วนตัวนี้มีความสั้นเป็นพิเศษเกี่ยวกับการรวบรวมข้อมูลเนื่องจากเราจงใจรวบรวมแทบจะไม่มีอะไรเลย ด้านล่างนี้คือรายละเอียดว่าสถาปัตยกรรมของเราปกป้องคุณได้อย่างไร
นโยบายความเป็นส่วนตัว - HelpMyIMG",0,true,0
20,https://helpmyimg.com/nl/veelgestelde-vragen/,Veelgestelde vragen - HelpMyIMG,text/html; charset=utf-8,false,200,0,false,"og:description
og:title","Alles wat u moet weten over onze privacygerichte AI-tools, limieten, formaten en hoe deze rechtstreeks in uw browser werken.
Veelgestelde vragen - HelpMyIMG",0,true,0
20,https://helpmyimg.com/uk/porivnyaty/,Порівняйте - HelpMyIMG,text/html; charset=utf-8,false,200,0,false,"og:description
og:title","Ми перебудували обробку зображень ШІ з нуля для локальної роботи. Подивіться, чому хмара застаріла.
Порівняйте - HelpMyIMG",0,true,0
20,https://helpmyimg.com/de/haufig-gestellte-fragen/,FAQ - HelpMyIMG,text/html; charset=utf-8,false,200,0,false,"og:description
og:title","Alles, was Sie über unsere datenschutzorientierten KI-Tools, Beschränkungen, Formate und deren Funktionsweise direkt in Ihrem Browser wissen müssen.
FAQ - HelpMyIMG",0,true,0
20,https://helpmyimg.com/vi/dieu-khoan/,Điều khoản dịch vụ - HelpMyIMG,text/html; charset=utf-8,false,200,0,false,"og:description
og:title","Chào mừng đến với HelpMyIMG. Bằng cách truy cập hoặc sử dụng trang web, công cụ và dịch vụ của chúng tôi, bạn đồng ý bị ràng buộc bởi các Điều khoản dịch vụ này. Vui lòng đọc kỹ chúng vì chúng chi phối các quyền và nghĩa vụ pháp lý của bạn.
Điều khoản dịch vụ - HelpMyIMG",0,true,0
20,https://helpmyimg.com/th/khwam-plod-phai/,ความปลอดภัยและความน่าเชื่อถือ - HelpMyIMG,text/html; charset=utf-8,false,200,0,false,"og:description
og:title","สัมผัสประสบการณ์การแก้ไขภาพ AI ส่วนตัว 100% ที่ขับเคลื่อนโดย WebAssembly ในพื้นที่ เราไม่สามารถดู จัดเก็บ หรือขายรูปภาพของคุณได้ เนื่องจากรูปภาพเหล่านั้นไม่สามารถเข้าถึงเซิร์ฟเวอร์ของเราได้
ความปลอดภัยและความน่าเชื่อถือ - HelpMyIMG",0,true,0
20,https://helpmyimg.com/it/lingue/,Lingue supportate - HelpMyIMG,text/html; charset=utf-8,false,200,0,false,"og:description
og:title","Crediamo che un’intelligenza artificiale potente debba essere accessibile a tutti, ovunque. Ecco perché HelpMyIMG è localizzato nativamente in 30 lingue diverse.
Lingue supportate - HelpMyIMG",0,true,0
20,https://helpmyimg.com/el/aporrito/,Πολιτική Απορρήτου - HelpMyIMG,text/html; charset=utf-8,false,200,0,false,"og:description
og:title","Στη HelpMyIMG, θεωρούμε ότι το απόρρητο είναι θεμελιώδες ανθρώπινο δικαίωμα. Αυτή η Πολιτική Απορρήτου είναι μοναδικά σύντομη όσον αφορά τη συλλογή δεδομένων, επειδή σκοπίμως δεν συλλέγουμε σχεδόν τίποτα. Παρακάτω είναι μια λεπτομερής ανάλυση του τρόπου με τον οποίο σας προστατεύει η αρχιτεκτονική μας.
Πολιτική Απορρήτου - HelpMyIMG",0,true,0
20,https://helpmyimg.com/ro/preturi/,Prețuri - HelpMyIMG,text/html; charset=utf-8,false,200,0,false,"og:description
og:title","Procesare de imagine la nivel de întreprindere, absolut gratuită.
Prețuri - HelpMyIMG",0,true,0
20,https://helpmyimg.com/ko/gagyeok/,가격 - HelpMyIMG,text/html; charset=utf-8,false,200,0,false,"og:description
og:title","엔터프라이즈급 이미지 처리는 완전 무료입니다.
가격 - HelpMyIMG",0,true,0
20,https://helpmyimg.com/ms/privasi/,Dasar Privasi - HelpMyIMG,text/html; charset=utf-8,false,200,0,false,"og:description
og:title","Di HelpMyIMG, kami menganggap privasi sebagai hak asasi manusia. Dasar Privasi ini secara unik pendek mengenai pengumpulan data kerana kami sengaja mengumpul hampir tiada apa-apa. Di bawah ialah pecahan terperinci tentang cara seni bina kami melindungi anda.
Dasar Privasi - HelpMyIMG",0,true,0
20,https://helpmyimg.com/nl/talen/,Ondersteunde talen - HelpMyIMG,text/html; charset=utf-8,false,200,0,false,"og:description
og:title","Wij zijn van mening dat krachtige AI voor iedereen en overal toegankelijk moet zijn. Daarom is HelpMyIMG native gelokaliseerd in 30 verschillende talen.
Ondersteunde talen - HelpMyIMG",0,true,0
20,https://helpmyimg.com/tl/ihambing/,Ikumpara - HelpMyIMG,text/html; charset=utf-8,false,200,0,false,"og:description
og:title","Binuo namin muli ang pagpoproseso ng imahe ng AI mula sa simula upang gumana nang lokal. Tingnan kung bakit lipas na ang ulap.
Ikumpara - HelpMyIMG",0,true,0
20,https://helpmyimg.com/de/vergleichen/,Vergleichen - HelpMyIMG,text/html; charset=utf-8,false,200,0,false,"og:description
og:title","Wir haben die KI-Bildverarbeitung von Grund auf neu entwickelt, um sie lokal ausführen zu können. Erfahren Sie, warum die Cloud veraltet ist.
Vergleichen - HelpMyIMG",0,true,0
20,https://helpmyimg.com/sv/sprak/,Språk som stöds - HelpMyIMG,text/html; charset=utf-8,false,200,0,false,"og:description
og:title","Vi tror att kraftfull AI ska vara tillgänglig för alla, överallt. Det är därför HelpMyIMG är lokaliserat till 30 olika språk.
Språk som stöds - HelpMyIMG",0,true,0
20,https://helpmyimg.com/ro/intrebari-frecvente/,FAQ - HelpMyIMG,text/html; charset=utf-8,false,200,0,false,"og:description
og:title","Tot ce trebuie să știți despre instrumentele noastre AI, limitele, formatele și cum funcționează acestea direct în browser.
FAQ - HelpMyIMG",0,true,0
20,https://helpmyimg.com/ko/boan/,보안 및 신뢰 - HelpMyIMG,text/html; charset=utf-8,false,200,0,false,"og:description
og:title","로컬 WebAssembly로 구동되는 100% 비공개 AI 이미지 편집을 경험해 보세요. 귀하의 사진은 당사 서버에 도달하지 않기 때문에 당사는 귀하의 사진을 보거나 저장하거나 판매할 수 없습니다.
보안 및 신뢰 - HelpMyIMG",0,true,0
20,https://helpmyimg.com/hi/keemat/,मूल्य निर्धारण - HelpMyIMG,text/html; charset=utf-8,false,200,0,false,"og:description
og:title","एंटरप्राइज-ग्रेड इमेज प्रोसेसिंग, बिल्कुल मुफ्त।
मूल्य निर्धारण - HelpMyIMG",0,true,0
20,https://helpmyimg.com/id/kebijakan-privasi/,Kebijakan Privasi - HelpMyIMG,text/html; charset=utf-8,false,200,0,false,"og:description
og:title","Di HelpMyIMG, kami menganggap privasi sebagai hak asasi manusia yang mendasar. Kebijakan Privasi ini secara unik singkat mengenai pengumpulan data karena kami sengaja mengumpulkan hampir tidak ada apa pun. Di bawah ini adalah rincian rinci tentang bagaimana arsitektur kami melindungi Anda.
Kebijakan Privasi - HelpMyIMG",0,true,0
20,https://helpmyimg.com/it/prezzi/,Prezzi - HelpMyIMG,text/html; charset=utf-8,false,200,0,false,"og:description
og:title","Elaborazione delle immagini di livello aziendale, assolutamente gratuita.
Prezzi - HelpMyIMG",0,true,0
20,https://helpmyimg.com/hi/gopniyata/,गोपनीयता नीति - HelpMyIMG,text/html; charset=utf-8,false,200,0,false,"og:description
og:title","HelpMyIMG में, हम गोपनीयता को एक मौलिक मानव अधिकार मानते हैं। यह गोपनीयता नीति डेटा संग्रह के संबंध में विशिष्ट रूप से संक्षिप्त है क्योंकि हम जानबूझकर लगभग कुछ भी एकत्र नहीं करते हैं। नीचे इस बात का विस्तृत विवरण दिया गया है कि हमारी वास्तुकला आपकी सुरक्षा कैसे करती है।
गोपनीयता नीति - HelpMyIMG",0,true,0
20,https://helpmyimg.com/tl/seguridad/,Seguridad at Tiwala - HelpMyIMG,text/html; charset=utf-8,false,200,0,false,"og:description
og:title","Damhin ang 100% pribadong AI image editing na pinapagana ng lokal na WebAssembly. Hindi namin makita, maiimbak, o maibenta ang iyong mga larawan dahil hinding-hindi ito makakarating sa aming mga server.
Seguridad at Tiwala - HelpMyIMG",0,true,0
20,https://helpmyimg.com/ar/asear/,التسعير - HelpMyIMG,text/html; charset=utf-8,false,200,0,false,"og:description
og:title","معالجة الصور على مستوى المؤسسات، مجانية تمامًا.
التسعير - HelpMyIMG",0,true,0
20,https://helpmyimg.com/id/bahasa/,Bahasa yang Didukung - HelpMyIMG,text/html; charset=utf-8,false,200,0,false,"og:description
og:title","Kami percaya AI yang kuat harus dapat diakses oleh semua orang, di mana saja. Itulah sebabnya HelpMyIMG secara asli dilokalkan ke dalam 30 bahasa berbeda.
Bahasa yang Didukung - HelpMyIMG",0,true,0
20,https://helpmyimg.com/fr/tarifs/,Tarifs - HelpMyIMG,text/html; charset=utf-8,false,200,0,false,"og:description
og:title","Traitement d’images de niveau entreprise, absolument gratuit.
Tarifs - HelpMyIMG",0,true,0
20,https://helpmyimg.com/th/kham-tham-thi-phob-boi/,คำถามที่พบบ่อย - HelpMyIMG,text/html; charset=utf-8,false,200,0,false,"og:description
og:title","ทุกสิ่งที่คุณจำเป็นต้องรู้เกี่ยวกับเครื่องมือ AI ที่เน้นความเป็นส่วนตัวเป็นหลัก ขีดจำกัด รูปแบบ และวิธีการทำงานโดยตรงในเบราว์เซอร์ของคุณ
คำถามที่พบบ่อย - HelpMyIMG",0,true,0
20,https://helpmyimg.com/ms/bandingkan/,Bandingkan - HelpMyIMG,text/html; charset=utf-8,false,200,0,false,"og:description
og:title","Kami membina semula pemprosesan imej AI dari bawah ke atas untuk dijalankan secara tempatan. Lihat sebab awan itu usang.
Bandingkan - HelpMyIMG",0,true,0
20,https://helpmyimg.com/fi/turvallisuus/,Turvallisuus ja luottamus - HelpMyIMG,text/html; charset=utf-8,false,200,0,false,"og:description
og:title","Koe 100 % yksityinen tekoälykuvankäsittely paikallisen WebAssemblyn avulla. Emme voi nähdä, tallentaa tai myydä valokuviasi, koska ne eivät koskaan pääse palvelimillemme.
Turvallisuus ja luottamus - HelpMyIMG",0,true,0
20,https://helpmyimg.com/no/om-oss/,Om oss - HelpMyIMG,text/html; charset=utf-8,false,200,0,false,"og:description
og:title","Vi mener kraftig AI ikke bør låses bak dyre betalingsmurer eller personverninvasive skyservere. HelpMyIMG er verdens raskeste, 100 % offline, personvernførste AI-bilderedigerer som kjører helt i nettleseren din.
Om oss - HelpMyIMG",0,true,0
20,https://helpmyimg.com/da/vilkar/,Servicevilkår - HelpMyIMG,text/html; charset=utf-8,false,200,0,false,"og:description
og:title","Velkommen til HelpMyIMG. Ved at tilgå eller bruge vores hjemmeside, værktøjer og tjenester accepterer du at være bundet af disse servicevilkår. Læs dem omhyggeligt, da de styrer dine juridiske rettigheder og forpligtelser.
Servicevilkår - HelpMyIMG",0,true,0
20,https://helpmyimg.com/vi/bang-gia/,Định giá - HelpMyIMG,text/html; charset=utf-8,false,200,0,false,"og:description
og:title","Xử lý hình ảnh cấp doanh nghiệp, hoàn toàn miễn phí.
Định giá - HelpMyIMG",0,true,0
20,https://helpmyimg.com/fi/vertailla/,Vertaa - HelpMyIMG,text/html; charset=utf-8,false,200,0,false,"og:description
og:title","Rakensimme tekoälyn kuvankäsittelyn alusta alkaen toimimaan paikallisesti. Katso, miksi pilvi on vanhentunut.
Vertaa - HelpMyIMG",0,true,0
20,https://helpmyimg.com/da/priser/,Prissætning - HelpMyIMG,text/html; charset=utf-8,false,200,0,false,"og:description
og:title","Billedbehandling i virksomhedskvalitet, helt gratis.
Prissætning - HelpMyIMG",0,true,0
20,https://helpmyimg.com/ar/lughat/,اللغات المدعومة - HelpMyIMG,text/html; charset=utf-8,false,200,0,false,"og:description
og:title","نحن نؤمن بأن الذكاء الاصطناعي القوي يجب أن يكون في متناول الجميع وفي كل مكان. ولهذا السبب تمت ترجمة HelpMyIMG محليًا إلى 30 لغة مختلفة.
اللغات المدعومة - HelpMyIMG",0,true,0
20,https://helpmyimg.com/pl/porownaj/,Porównywać - HelpMyIMG,text/html; charset=utf-8,false,200,0,false,"og:description
og:title","Przebudowaliśmy przetwarzanie obrazu AI od podstaw, aby działało lokalnie. Zobacz, dlaczego chmura jest przestarzała.
Porównywać - HelpMyIMG",0,true,0
20,https://helpmyimg.com/zh/yuyan/,支持的语言 - HelpMyIMG,text/html; charset=utf-8,false,200,0,false,"og:description
og:title","我们相信强大的人工智能应该为世界各地的每个人提供便利。这就是 HelpMyIMG 原生本地化为 30 种不同语言的原因。
支持的语言 - HelpMyIMG",0,true,0
20,https://helpmyimg.com/no/personvern/,Personvernerklæring - HelpMyIMG,text/html; charset=utf-8,false,200,0,false,"og:description
og:title","Hos HelpMyIMG anser vi personvern som en grunnleggende menneskerettighet. Denne personvernerklæringen er unik kort når det gjelder datainnsamling fordi vi bevisst samler inn nesten ingenting. Nedenfor er en detaljert oversikt over hvordan arkitekturen vår beskytter deg.
Personvernerklæring - HelpMyIMG",0,true,0
20,https://helpmyimg.com/pt/perguntas-frequentes/,Perguntas frequentes - HelpMyIMG,text/html; charset=utf-8,false,200,0,false,"og:description
og:title","Tudo o que você precisa saber sobre nossas ferramentas, limites, formatos de IA que priorizam a privacidade e como eles funcionam diretamente no seu navegador.
Perguntas frequentes - HelpMyIMG",0,true,0
20,https://helpmyimg.com/ar/asilah-shaeia/,التعليمات - HelpMyIMG,text/html; charset=utf-8,false,200,0,false,"og:description
og:title","Everything you need to know about our privacy-first AI tools and how they work directly in your browser.
التعليمات - HelpMyIMG",0,true,0
20,https://helpmyimg.com/uk/pro-nas/,Про нас - HelpMyIMG,text/html; charset=utf-8,false,200,0,false,"og:description
og:title","Ми вважаємо, що потужний штучний інтелект не повинен бути замкнений за дорогими платними екранами або хмарними серверами, які порушують конфіденційність. HelpMyIMG — це найшвидший у світі 100% офлайн-редактор зображень зі штучним інтелектом, який повністю працює у вашому браузері.
Про нас - HelpMyIMG",0,true,0
20,https://helpmyimg.com/ja/riyo-kiyaku/,利用規約 - HelpMyIMG,text/html; charset=utf-8,false,200,0,false,"og:description
og:title","HelpMyIMG へようこそ。当社の Web サイト、ツール、サービスにアクセスまたは使用すると、これらの利用規約に拘束されることに同意したものとみなされます。これらはあなたの法的権利と義務を規定するものであるため、注意深くお読みください。
利用規約 - HelpMyIMG",0,true,0
20,https://helpmyimg.com/ru/chastiye-voprosy/,Часто задаваемые вопросы - HelpMyIMG,text/html; charset=utf-8,false,200,0,false,"og:description
og:title","Все, что вам нужно знать о наших инструментах ИИ, ориентированных на конфиденциальность, ограничениях, форматах и о том, как они работают, прямо в вашем браузере.
Часто задаваемые вопросы - HelpMyIMG",0,true,0
20,https://helpmyimg.com/hu/adatvedelem/,Adatvédelmi szabályzat - HelpMyIMG,text/html; charset=utf-8,false,200,0,false,"og:description
og:title","A HelpMyIMG-nél a magánélet védelmét alapvető emberi jognak tekintjük. Ez az adatvédelmi szabályzat egyedülállóan rövid az adatgyűjtést illetően, mivel szándékosan szinte semmit sem gyűjtünk. Az alábbiakban részletesen bemutatjuk, hogyan védi Önt architektúránk.
Adatvédelmi szabályzat - HelpMyIMG",0,true,0
20,https://helpmyimg.com/fr/comparer/,Comparer - HelpMyIMG,text/html; charset=utf-8,false,200,0,false,"og:description
og:title","Nous avons entièrement reconstruit le traitement des images IA pour qu’il s’exécute localement. Découvrez pourquoi le cloud est obsolète.
Comparer - HelpMyIMG",0,true,0
20,https://helpmyimg.com/fr/conditions/,Conditions d'utilisation - HelpMyIMG,text/html; charset=utf-8,false,200,0,false,"og:description
og:title","Bienvenue sur HelpMyIMG. En accédant ou en utilisant notre site Web, nos outils et nos services, vous acceptez d'être lié par les présentes conditions d'utilisation. Veuillez les lire attentivement car ils régissent vos droits et obligations légaux.
Conditions d'utilisation - HelpMyIMG",0,true,0
20,https://helpmyimg.com/zh/changjian-wenti/,常问问题 - HelpMyIMG,text/html; charset=utf-8,false,200,0,false,"og:description
og:title","您需要了解的有关我们隐私优先的人工智能工具、限制、格式以及它们如何直接在您的浏览器中工作的所有信息。
常问问题 - HelpMyIMG",0,true,0
20,https://helpmyimg.com/zh/anquan/,安全与信任 - HelpMyIMG,text/html; charset=utf-8,false,200,0,false,"og:description
og:title","体验由本地 WebAssembly 提供支持的 100% 私密 AI 图像编辑。我们无法查看、存储或出售您的照片，因为它们永远不会到达我们的服务器。
安全与信任 - HelpMyIMG",0,true,0
20,https://helpmyimg.com/nl/privacy/,Privacybeleid - HelpMyIMG,text/html; charset=utf-8,false,200,0,false,"og:description
og:title","Bij HelpMyIMG beschouwen we privacy als een fundamenteel mensenrecht. Dit privacybeleid is uniek kort met betrekking tot het verzamelen van gegevens, omdat we opzettelijk bijna niets verzamelen. Hieronder vindt u een gedetailleerd overzicht van hoe onze architectuur u beschermt.
Privacybeleid - HelpMyIMG",0,true,0
20,https://helpmyimg.com/tl/mga-tanong/,FAQ - HelpMyIMG,text/html; charset=utf-8,false,200,0,false,"og:description
og:title","Lahat ng kailangan mong malaman tungkol sa aming mga tool sa AI, limitasyon, format, at kung paano direktang gumagana ang mga ito sa privacy sa iyong browser.
FAQ - HelpMyIMG",0,true,0
20,https://helpmyimg.com/ar/shurut/,شروط الخدمة - HelpMyIMG,text/html; charset=utf-8,false,200,0,false,"og:description
og:title","By accessing or using HelpMyIMG, you agree to be bound by these Terms of Service. Please read them carefully.
شروط الخدمة - HelpMyIMG",0,true,0
20,https://helpmyimg.com/ms/terma/,Syarat Perkhidmatan - HelpMyIMG,text/html; charset=utf-8,false,200,0,false,"og:description
og:title","Selamat datang ke HelpMyIMG. Dengan mengakses atau menggunakan tapak web, alatan dan perkhidmatan kami, anda bersetuju untuk terikat dengan Syarat Perkhidmatan ini. Sila baca dengan teliti kerana ia mengawal hak dan kewajipan undang-undang anda.
Syarat Perkhidmatan - HelpMyIMG",0,true,0
20,https://helpmyimg.com/tl/mga-tuntunin/,Mga Tuntunin ng Serbisyo - HelpMyIMG,text/html; charset=utf-8,false,200,0,false,"og:description
og:title","Maligayang pagdating sa HelpMyIMG. Sa pamamagitan ng pag-access o paggamit sa aming website, mga tool, at serbisyo, sumasang-ayon kang sumailalim sa Mga Tuntunin ng Serbisyong ito. Pakibasa nang mabuti ang mga ito habang pinamamahalaan nila ang iyong mga legal na karapatan at obligasyon.
Mga Tuntunin ng Serbisyo - HelpMyIMG",0,true,0
20,https://helpmyimg.com/de/sicherheit/,Sicherheit und Vertrauen - HelpMyIMG,text/html; charset=utf-8,false,200,0,false,"og:description
og:title","Erleben Sie 100 % private KI-Bildbearbeitung mit lokaler WebAssembly. Wir können Ihre Fotos nicht sehen, speichern oder verkaufen, da sie niemals unsere Server erreichen.
Sicherheit und Vertrauen - HelpMyIMG",0,true,0
20,https://helpmyimg.com/tr/hakkimizda/,Hakkımızda - HelpMyIMG,text/html; charset=utf-8,false,200,0,false,"og:description
og:title","Güçlü yapay zekanın pahalı ödeme duvarlarının veya gizliliği ihlal eden bulut sunucularının arkasında kilitlenmemesi gerektiğine inanıyoruz. HelpMyIMG, tamamen tarayıcınızın içinde çalışan, dünyanın en hızlı, %100 çevrimdışı, gizliliğe öncelik veren yapay zeka resim düzenleyicisidir.
Hakkımızda - HelpMyIMG",0,true,0
20,https://helpmyimg.com/uk/tsiny/,Ціноутворення - HelpMyIMG,text/html; charset=utf-8,false,200,0,false,"og:description
og:title","Абсолютно безкоштовна обробка зображень корпоративного рівня.
Ціноутворення - HelpMyIMG",0,true,0
20,https://helpmyimg.com/it/sicurezza/,Sicurezza e fiducia - HelpMyIMG,text/html; charset=utf-8,false,200,0,false,"og:description
og:title","Sperimenta l'editing di immagini AI privato al 100% basato su WebAssembly locale. Non possiamo vedere, archiviare o vendere le tue foto perché non raggiungono mai i nostri server.
Sicurezza e fiducia - HelpMyIMG",0,true,0
20,https://helpmyimg.com/da/sikkerhed/,Sikkerhed og tillid - HelpMyIMG,text/html; charset=utf-8,false,200,0,false,"og:description
og:title","Oplev 100 % privat AI-billedredigering drevet af lokal WebAssembly. Vi kan ikke se, gemme eller sælge dine billeder, fordi de aldrig når vores servere.
Sikkerhed og tillid - HelpMyIMG",0,true,0
20,https://helpmyimg.com/no/sikkerhet/,Sikkerhet og tillit - HelpMyIMG,text/html; charset=utf-8,false,200,0,false,"og:description
og:title","Opplev 100 % privat AI-bilderedigering drevet av lokal WebAssembly. Vi kan ikke se, lagre eller selge bildene dine fordi de aldri når serverne våre.
Sikkerhet og tillit - HelpMyIMG",0,true,0
20,https://helpmyimg.com/pt/comparar/,Comparar - HelpMyIMG,text/html; charset=utf-8,false,200,0,false,"og:description
og:title","Reconstruímos o processamento de imagens de IA desde o início para execução local. Veja por que a nuvem está obsoleta.
Comparar - HelpMyIMG",0,true,0
20,https://helpmyimg.com/uk/bezpeka/,Безпека та довіра - HelpMyIMG,text/html; charset=utf-8,false,200,0,false,"og:description
og:title","Відчуйте 100% приватне редагування зображень штучним інтелектом за допомогою локальної WebAssembly. Ми не можемо переглядати, зберігати чи продавати ваші фотографії, оскільки вони ніколи не потрапляють на наші сервери.
Безпека та довіра - HelpMyIMG",0,true,0
20,https://helpmyimg.com/no/priser/,Prissetting - HelpMyIMG,text/html; charset=utf-8,false,200,0,false,"og:description
og:title","Enterprise-grade bildebehandling, helt gratis.
Prissetting - HelpMyIMG",0,true,0
20,https://helpmyimg.com/zh/guanyu/,关于我们 - HelpMyIMG,text/html; charset=utf-8,false,200,0,false,"og:description
og:title","我们认为强大的人工智能不应该被锁定在昂贵的付费墙或侵犯隐私的云服务器后面。 HelpMyIMG 是世界上最快、100% 离线、隐私第一的 AI 图像编辑器，完全在浏览器内运行。
关于我们 - HelpMyIMG",0,true,0
20,https://helpmyimg.com/ja/puraibashi/,プライバシーポリシー - HelpMyIMG,text/html; charset=utf-8,false,200,0,false,"og:description
og:title","HelpMyIMG では、プライバシーは基本的人権であると考えています。当社は意図的にほとんど何も収集しないため、このプライバシー ポリシーはデータ収集に関して他に類を見ないほど簡潔にまとめられています。以下は、私たちのアーキテクチャがどのようにユーザーを保護するかについての詳細な内訳です​​。
プライバシーポリシー - HelpMyIMG",0,true,0
20,https://helpmyimg.com/cs/podminky/,Podmínky služby - HelpMyIMG,text/html; charset=utf-8,false,200,0,false,"og:description
og:title","Vítejte v HelpMyIMG. Přístupem nebo používáním našich webových stránek, nástrojů a služeb souhlasíte s tím, že budete vázáni těmito Podmínkami služby. Přečtěte si je prosím pozorně, protože upravují vaše zákonná práva a povinnosti.
Podmínky služby - HelpMyIMG",0,true,0
20,https://helpmyimg.com/tl/privacy/,Patakaran sa Privacy - HelpMyIMG,text/html; charset=utf-8,false,200,0,false,"og:description
og:title","Sa HelpMyIMG, itinuturing namin ang privacy bilang isang pangunahing karapatang pantao. Ang Patakaran sa Privacy na ito ay katangi-tanging maikli patungkol sa pangongolekta ng data dahil sadyang halos wala kaming kinokolekta. Nasa ibaba ang isang detalyadong breakdown kung paano ka pinoprotektahan ng aming arkitektura.
Patakaran sa Privacy - HelpMyIMG",0,true,0
20,https://helpmyimg.com/sv/om-oss/,Om oss - HelpMyIMG,text/html; charset=utf-8,false,200,0,false,"og:description
og:title","Vi anser att kraftfull AI inte bör låsas bakom dyra betalväggar eller integritetsinvasiva molnservrar. HelpMyIMG är världens snabbaste, 100 % offline, sekretessförsta AI-bildredigerare som körs helt i din webbläsare.
Om oss - HelpMyIMG",0,true,0
20,https://helpmyimg.com/pt/privacidade/,política de Privacidade - HelpMyIMG,text/html; charset=utf-8,false,200,0,false,"og:description
og:title","Na HelpMyIMG, consideramos a privacidade um direito humano fundamental. Esta Política de Privacidade é excepcionalmente curta no que diz respeito à coleta de dados porque não coletamos quase nada deliberadamente. Abaixo está uma análise detalhada de como nossa arquitetura protege você.
política de Privacidade - HelpMyIMG",0,true,0
20,https://helpmyimg.com/nl/vergelijken/,Vergelijken - HelpMyIMG,text/html; charset=utf-8,false,200,0,false,"og:description
og:title","We hebben de AI-beeldverwerking vanaf de basis opnieuw opgebouwd om lokaal te kunnen draaien. Ontdek waarom de cloud verouderd is.
Vergelijken - HelpMyIMG",0,true,0
20,https://helpmyimg.com/pl/bezpieczenstwo/,Bezpieczeństwo i zaufanie - HelpMyIMG,text/html; charset=utf-8,false,200,0,false,"og:description
og:title","Doświadcz w 100% prywatnej edycji obrazów AI obsługiwanej przez lokalny zestaw WebAssembly. Nie możemy oglądać, przechowywać ani sprzedawać Twoich zdjęć, ponieważ nigdy nie docierają one na nasze serwery.
Bezpieczeństwo i zaufanie - HelpMyIMG",0,true,0
20,https://helpmyimg.com/hu/arak/,Árképzés - HelpMyIMG,text/html; charset=utf-8,false,200,0,false,"og:description
og:title","Vállalati szintű képfeldolgozás, teljesen ingyenes.
Árképzés - HelpMyIMG",0,true,0
20,https://helpmyimg.com/pl/czesto-zadawane-pytania/,Często zadawane pytania - HelpMyIMG,text/html; charset=utf-8,false,200,0,false,"og:description
og:title","Wszystko, co musisz wiedzieć o naszych narzędziach AI dbających o prywatność, ograniczeniach, formatach i sposobie ich działania bezpośrednio w przeglądarce.
Często zadawane pytania - HelpMyIMG",0,true,0
20,https://helpmyimg.com/pl/o-nas/,O nas - HelpMyIMG,text/html; charset=utf-8,false,200,0,false,"og:description
og:title","Uważamy, że potężna sztuczna inteligencja nie powinna być zamykana za drogimi ścianami płatniczymi lub serwerami chmurowymi naruszającymi prywatność. HelpMyIMG to najszybszy na świecie edytor obrazów AI, działający w 100% offline i zapewniający prywatność, który działa całkowicie w przeglądarce.
O nas - HelpMyIMG",0,true,0
20,https://helpmyimg.com/da/sammenlign/,Sammenligne - HelpMyIMG,text/html; charset=utf-8,false,200,0,false,"og:description
og:title","Vi genopbyggede AI-billedbehandling fra bunden til at køre lokalt. Se, hvorfor skyen er forældet.
Sammenligne - HelpMyIMG",0,true,0
20,https://helpmyimg.com/fi/usein-kysytyt-kysymykset/,FAQ - HelpMyIMG,text/html; charset=utf-8,false,200,0,false,"og:description
og:title","Kaikki mitä sinun tulee tietää yksityisyydensuojan kannalta tärkeistä tekoälytyökaluistamme, rajoituksista, muodoista ja siitä, miten ne toimivat suoraan selaimessasi.
FAQ - HelpMyIMG",0,true,0
20,https://helpmyimg.com/el/times/,Τιμολόγηση - HelpMyIMG,text/html; charset=utf-8,false,200,0,false,"og:description
og:title","Επεξεργασία εικόνας εταιρικής ποιότητας, εντελώς δωρεάν.
Τιμολόγηση - HelpMyIMG",0,true,0
20,https://helpmyimg.com/fi/tietosuoja/,Tietosuojakäytäntö - HelpMyIMG,text/html; charset=utf-8,false,200,0,false,"og:description
og:title","HelpMyIMG:ssä pidämme yksityisyyttä perusihmisoikeutena. Tämä tietosuojakäytäntö on ainutlaatuisen lyhyt tiedonkeruun suhteen, koska emme tarkoituksella kerää juuri mitään. Alla on yksityiskohtainen erittely siitä, kuinka arkkitehtuurimme suojaa sinua.
Tietosuojakäytäntö - HelpMyIMG",0,true,0
20,https://helpmyimg.com/en/pricing/,Pricing - HelpMyIMG,text/html; charset=utf-8,false,200,0,false,"og:description
og:title","Enterprise-grade image processing, absolutely free.
Pricing - HelpMyIMG",0,true,0
20,https://helpmyimg.com/sv/priser/,Prissättning - HelpMyIMG,text/html; charset=utf-8,false,200,0,false,"og:description
og:title","Bildbehandling i företagsklass, helt gratis.
Prissättning - HelpMyIMG",0,true,0
20,https://helpmyimg.com/es/privacidad/,política de privacidad - HelpMyIMG,text/html; charset=utf-8,false,200,0,false,"og:description
og:title","En HelpMyIMG consideramos la privacidad como un derecho humano fundamental. Esta Política de Privacidad es excepcionalmente breve en cuanto a la recopilación de datos porque no recopilamos casi nada deliberadamente. A continuación se muestra un desglose detallado de cómo nuestra arquitectura lo protege.
política de privacidad - HelpMyIMG",0,true,0
20,https://helpmyimg.com/id/tentang-kami/,Tentang Kami - HelpMyIMG,text/html; charset=utf-8,false,200,0,false,"og:description
og:title","Kami percaya AI yang kuat tidak boleh terkunci di balik paywall yang mahal atau server cloud yang melanggar privasi. HelpMyIMG adalah editor gambar AI tercepat, 100% offline, dan mengutamakan privasi di dunia yang berjalan sepenuhnya di dalam browser Anda.
Tentang Kami - HelpMyIMG",0,true,0
20,https://helpmyimg.com/vi/gioi-thieu/,Về chúng tôi - HelpMyIMG,text/html; charset=utf-8,false,200,0,false,"og:description
og:title","Chúng tôi tin rằng AI mạnh mẽ không nên bị khóa sau các bức tường thanh toán đắt tiền hoặc các máy chủ đám mây xâm phạm quyền riêng tư. HelpMyIMG là trình chỉnh sửa hình ảnh AI đầu tiên về quyền riêng tư, ngoại tuyến 100%, nhanh nhất thế giới, chạy hoàn toàn bên trong trình duyệt của bạn.
Về chúng tôi - HelpMyIMG",0,true,0
20,https://helpmyimg.com/ru/sravnit/,Сравнивать - HelpMyIMG,text/html; charset=utf-8,false,200,0,false,"og:description
og:title","Мы перестроили обработку изображений AI с нуля для локальной работы. Узнайте, почему облако устарело.
Сравнивать - HelpMyIMG",0,true,0
20,https://helpmyimg.com/hi/tulna/,तुलना करना - HelpMyIMG,text/html; charset=utf-8,false,200,0,false,"og:description
og:title","हमने स्थानीय स्तर पर चलाने के लिए एआई इमेज प्रोसेसिंग को फिर से बनाया है। देखें कि बादल अप्रचलित क्यों है।
तुलना करना - HelpMyIMG",0,true,0
20,https://helpmyimg.com/he/pratiyut/,מדיניות פרטיות - HelpMyIMG,text/html; charset=utf-8,false,200,0,false,"og:description
og:title","ב-HelpMyIMG, אנו רואים בפרטיות זכות אדם בסיסית. מדיניות פרטיות זו קצרה באופן ייחודי בנוגע לאיסוף נתונים מכיוון שאיננו אוספים כמעט דבר בכוונה. להלן פירוט מפורט של האופן שבו הארכיטקטורה שלנו מגינה עליך.
מדיניות פרטיות - HelpMyIMG",0,true,0
20,https://helpmyimg.com/es/precios/,Precios - HelpMyIMG,text/html; charset=utf-8,false,200,0,false,"og:description
og:title","Procesamiento de imágenes de nivel empresarial, totalmente gratuito.
Precios - HelpMyIMG",0,true,0
20,https://helpmyimg.com/de/ueber-uns/,Über uns - HelpMyIMG,text/html; charset=utf-8,false,200,0,false,"og:description
og:title","Wir glauben, dass leistungsstarke KI nicht hinter teuren Paywalls oder datenschutzschädigenden Cloud-Servern gesperrt werden sollte. HelpMyIMG ist der weltweit schnellste, 100 % offline arbeitende, datenschutzorientierte KI-Bildeditor, der vollständig in Ihrem Browser ausgeführt wird.
Über uns - HelpMyIMG",0,true,0
20,https://helpmyimg.com/fi/kayttoehdot/,Palveluehdot - HelpMyIMG,text/html; charset=utf-8,false,200,0,false,"og:description
og:title","Tervetuloa HelpMyIMG:hen. Avaamalla tai käyttämällä verkkosivustoamme, työkalujamme ja palveluitamme sitoudut noudattamaan näitä palveluehtoja. Lue ne huolellisesti, sillä ne säätelevät laillisia oikeuksiasi ja velvollisuuksiasi.
Palveluehdot - HelpMyIMG",0,true,0
20,https://helpmyimg.com/da/privatliv/,Privatlivspolitik - HelpMyIMG,text/html; charset=utf-8,false,200,0,false,"og:description
og:title","Hos HelpMyIMG anser vi privatlivets fred for at være en grundlæggende menneskeret. Denne privatlivspolitik er entydigt kort med hensyn til dataindsamling, fordi vi bevidst indsamler næsten ingenting. Nedenfor er en detaljeret oversigt over, hvordan vores arkitektur beskytter dig.
Privatlivspolitik - HelpMyIMG",0,true,0
20,https://helpmyimg.com/uk/movy/,Підтримувані мови - HelpMyIMG,text/html; charset=utf-8,false,200,0,false,"og:description
og:title","Ми вважаємо, що потужний штучний інтелект має бути доступним для всіх і всюди. Ось чому HelpMyIMG локалізовано на 30 різних мовах.
Підтримувані мови - HelpMyIMG",0,true,0
20,https://helpmyimg.com/ar/aman/,الأمن والثقة - HelpMyIMG,text/html; charset=utf-8,false,200,0,false,"og:description
og:title","استمتع بتجربة تحرير صور خاصة بالذكاء الاصطناعي بنسبة 100% مدعومة من WebAssembly المحلي. لا يمكننا رؤية صورك أو تخزينها أو بيعها لأنها لا تصل إلى خوادمنا أبدًا.
الأمن والثقة - HelpMyIMG",0,true,0
20,https://helpmyimg.com/tr/gizlilik/,Gizlilik Politikası - HelpMyIMG,text/html; charset=utf-8,false,200,0,false,"og:description
og:title","HelpMyIMG olarak gizliliğin temel bir insan hakkı olduğunu düşünüyoruz. Bu Gizlilik Politikası, veri toplama konusunda benzersiz bir şekilde kısadır çünkü kasıtlı olarak neredeyse hiçbir şey toplamıyoruz. Aşağıda mimarimizin sizi nasıl koruduğunun ayrıntılı bir dökümü bulunmaktadır.
Gizlilik Politikası - HelpMyIMG",0,true,0
20,https://helpmyimg.com/de/sprachen/,Unterstützte Sprachen - HelpMyIMG,text/html; charset=utf-8,false,200,0,false,"og:description
og:title","Wir glauben, dass leistungsstarke KI für jeden und überall zugänglich sein sollte. Aus diesem Grund ist HelpMyIMG nativ in 30 verschiedene Sprachen lokalisiert.
Unterstützte Sprachen - HelpMyIMG",0,true,0
20,https://helpmyimg.com/hu/rolunk/,Rólunk - HelpMyIMG,text/html; charset=utf-8,false,200,0,false,"og:description
og:title","Meggyőződésünk, hogy a hatékony mesterséges intelligencia nem zárható be drága fizetőfalak vagy adatvédelmi invazív felhőszerverek mögé. A HelpMyIMG a világ leggyorsabb, 100%-ban offline, adatvédelmi szempontból első helyen álló mesterséges intelligencia képszerkesztője, amely teljes egészében a böngészőben fut.
Rólunk - HelpMyIMG",0,true,0
20,https://helpmyimg.com/fi/kielet/,Tuetut kielet - HelpMyIMG,text/html; charset=utf-8,false,200,0,false,"og:description
og:title","Uskomme, että tehokkaan tekoälyn pitäisi olla kaikkien saatavilla kaikkialla. Tästä syystä HelpMyIMG on lokalisoitu natiivisti 30 eri kielelle.
Tuetut kielet - HelpMyIMG",0,true,0
20,https://helpmyimg.com/en/terms/,Terms of Service - HelpMyIMG,text/html; charset=utf-8,false,200,0,false,"og:description
og:title","Welcome to HelpMyIMG. By accessing or using our website, tools, and services, you agree to be bound by these Terms of Service. Please read them carefully as they govern your legal rights and obligations.
Terms of Service - HelpMyIMG",0,true,0
20,https://helpmyimg.com/sv/villkor/,Användarvillkor - HelpMyIMG,text/html; charset=utf-8,false,200,0,false,"og:description
og:title","Välkommen till HelpMyIMG. Genom att komma åt eller använda vår webbplats, verktyg och tjänster samtycker du till att vara bunden av dessa användarvillkor. Läs dem noggrant eftersom de styr dina lagliga rättigheter och skyldigheter.
Användarvillkor - HelpMyIMG",0,true,0
20,https://helpmyimg.com/hu/feltetelek/,Szolgáltatási feltételek - HelpMyIMG,text/html; charset=utf-8,false,200,0,false,"og:description
og:title","Üdvözöljük a HelpMyIMG-ben. Weboldalunk, eszközeink és szolgáltatásaink elérésével vagy használatával Ön beleegyezik a jelen Szolgáltatási feltételek betartásába. Kérjük, figyelmesen olvassa el ezeket, mivel ezek szabályozzák az Ön törvényes jogait és kötelezettségeit.
Szolgáltatási feltételek - HelpMyIMG",0,true,0
20,https://helpmyimg.com/th/pha-sa/,ภาษาที่รองรับ - HelpMyIMG,text/html; charset=utf-8,false,200,0,false,"og:description
og:title","เราเชื่อว่า AI อันทรงพลังควรสามารถเข้าถึงได้สำหรับทุกคนจากทุกที่ นั่นคือเหตุผลที่ HelpMyIMG ได้รับการแปลเป็นภาษาต่างๆ ถึง 30 ภาษา
ภาษาที่รองรับ - HelpMyIMG",0,true,0
20,https://helpmyimg.com/tr/karsilastir/,Karşılaştırmak - HelpMyIMG,text/html; charset=utf-8,false,200,0,false,"og:description
og:title","Yapay zeka görüntü işlemeyi yerel olarak çalışacak şekilde sıfırdan yeniden inşa ettik. Bulutun neden eskidiğini görün.
Karşılaştırmak - HelpMyIMG",0,true,0
20,https://helpmyimg.com/cs/caste-dotazy/,FAQ - HelpMyIMG,text/html; charset=utf-8,false,200,0,false,"og:description
og:title","Vše, co potřebujete vědět o našich nástrojích umělé inteligence, limitech, formátech a tom, jak fungují, přímo ve vašem prohlížeči.
FAQ - HelpMyIMG",0,true,0
20,https://helpmyimg.com/ar/muqarana/,يقارن - HelpMyIMG,text/html; charset=utf-8,false,200,0,false,"og:description
og:title","لقد قمنا بإعادة بناء معالجة الصور بالذكاء الاصطناعي من الألف إلى الياء ليتم تشغيلها محليًا. تعرف على سبب كون السحابة قديمة.
يقارن - HelpMyIMG",0,true,0
20,https://helpmyimg.com/fr/securite/,Sécurité et confiance - HelpMyIMG,text/html; charset=utf-8,false,200,0,false,"og:description
og:title","Faites l'expérience de l'édition d'images IA 100 % privée optimisée par WebAssembly local. Nous ne pouvons pas voir, stocker ou vendre vos photos car elles n'atteignent jamais nos serveurs.
Sécurité et confiance - HelpMyIMG",0,true,0
20,https://helpmyimg.com/id/keamanan/,Keamanan & Kepercayaan - HelpMyIMG,text/html; charset=utf-8,false,200,0,false,"og:description
og:title","Nikmati 100% pengeditan gambar AI pribadi yang didukung oleh WebAssembly lokal. Kami tidak dapat melihat, menyimpan, atau menjual foto Anda karena foto tersebut tidak pernah sampai ke server kami.
Keamanan & Kepercayaan - HelpMyIMG",0,true,0
20,https://helpmyimg.com/en/privacy/,Privacy Policy - HelpMyIMG,text/html; charset=utf-8,false,200,0,false,"og:description
og:title","At HelpMyIMG, we consider privacy to be a fundamental human right. This Privacy Policy is uniquely short regarding data collection because we deliberately collect almost nothing. Below is a detailed breakdown of how our architecture protects you.
Privacy Policy - HelpMyIMG",0,true,0
20,https://helpmyimg.com/ru/o-nas/,О нас - HelpMyIMG,text/html; charset=utf-8,false,200,0,false,"og:description
og:title","Мы считаем, что мощный ИИ не должен быть заперт за дорогостоящими платными сетями или облачными серверами, нарушающими конфиденциальность. HelpMyIMG — это самый быстрый в мире, 100% автономный редактор изображений с искусственным интеллектом, ориентированный на конфиденциальность, который полностью работает внутри вашего браузера.
О нас - HelpMyIMG",0,true,0
20,https://helpmyimg.com/pl/jezyki/,Obsługiwane języki - HelpMyIMG,text/html; charset=utf-8,false,200,0,false,"og:description
og:title","Wierzymy, że potężna sztuczna inteligencja powinna być dostępna dla każdego i wszędzie. Dlatego HelpMyIMG jest natywnie zlokalizowany w 30 różnych językach.
Obsługiwane języki - HelpMyIMG",0,true,0
20,https://helpmyimg.com/ja/gengo/,サポートされている言語 - HelpMyIMG,text/html; charset=utf-8,false,200,0,false,"og:description
og:title","私たちは、強力な AI がどこにいても誰でもアクセスできるべきだと信じています。そのため、HelpMyIMG は 30 の異なる言語にネイティブでローカライズされています。
サポートされている言語 - HelpMyIMG",0,true,0
20,https://helpmyimg.com/hi/samanya-prashn/,अक्सर पूछे जाने वाले प्रश्न - HelpMyIMG,text/html; charset=utf-8,false,200,0,false,"og:description
og:title","हमारे गोपनीयता-प्रथम एआई टूल, सीमाएं, प्रारूप और वे सीधे आपके ब्राउज़र में कैसे काम करते हैं, इसके बारे में आपको जो कुछ जानने की ज़रूरत है।
अक्सर पूछे जाने वाले प्रश्न - HelpMyIMG",0,true,0
20,https://helpmyimg.com/ar/hawlan/,معلومات عنا - HelpMyIMG,text/html; charset=utf-8,false,200,0,false,"og:description
og:title","Empowering creators with 100% offline, privacy-first AI tools that run directly in your browser. No uploads, no limits.
معلومات عنا - HelpMyIMG",0,true,0
20,https://helpmyimg.com/sv/jamfor/,Jämföra - HelpMyIMG,text/html; charset=utf-8,false,200,0,false,"og:description
og:title","Vi byggde om AI-bildbehandling från grunden för att köras lokalt. Se varför molnet är föråldrat.
Jämföra - HelpMyIMG",0,true,0
20,https://helpmyimg.com/zh/yinsi/,隐私政策 - HelpMyIMG,text/html; charset=utf-8,false,200,0,false,"og:description
og:title","在 HelpMyIMG，我们认为隐私是一项基本人权。本隐私政策在数据收集方面非常简短，因为我们几乎不故意收集任何信息。以下是我们的架构如何保护您的详细说明。
隐私政策 - HelpMyIMG",0,true,0
20,https://helpmyimg.com/vi/cau-hoi-thuong-gap/,Câu hỏi thường gặp - HelpMyIMG,text/html; charset=utf-8,false,200,0,false,"og:description
og:title","Mọi thứ bạn cần biết về các công cụ, giới hạn, định dạng AI ưu tiên quyền riêng tư của chúng tôi cũng như cách chúng hoạt động trực tiếp trong trình duyệt của bạn.
Câu hỏi thường gặp - HelpMyIMG",0,true,0
20,https://helpmyimg.com/ms/soalan-lazim/,Soalan Lazim - HelpMyIMG,text/html; charset=utf-8,false,200,0,false,"og:description
og:title","Semua yang anda perlu ketahui tentang alatan AI yang mengutamakan privasi kami, had, format dan cara ia berfungsi secara langsung dalam penyemak imbas anda.
Soalan Lazim - HelpMyIMG",0,true,0
20,https://helpmyimg.com/en/languages/,Supported Languages - HelpMyIMG,text/html; charset=utf-8,false,200,0,false,"og:description
og:title","We believe powerful AI should be accessible to everyone, everywhere. That is why HelpMyIMG is natively localized into 30 different languages.
Supported Languages - HelpMyIMG",0,true,0
20,https://helpmyimg.com/da/sprog/,Understøttede sprog - HelpMyIMG,text/html; charset=utf-8,false,200,0,false,"og:description
og:title","Vi mener, at kraftfuld kunstig intelligens skal være tilgængelig for alle, overalt. Derfor er HelpMyIMG lokaliseret til 30 forskellige sprog.
Understøttede sprog - HelpMyIMG",0,true,0
20,https://helpmyimg.com/tl/tungkol-sa-amin/,Tungkol sa Amin - HelpMyIMG,text/html; charset=utf-8,false,200,0,false,"og:description
og:title","Naniniwala kami na ang makapangyarihang AI ay hindi dapat mai-lock sa likod ng mga mamahaling paywall o mga server ng cloud-invasive sa privacy. Ang HelpMyIMG ay ang pinakamabilis, 100% offline, privacy-first AI image editor na ganap na tumatakbo sa loob ng iyong browser.
Tungkol sa Amin - HelpMyIMG",0,true,0
20,https://helpmyimg.com/el/oroi/,Όροι Παροχής Υπηρεσιών - HelpMyIMG,text/html; charset=utf-8,false,200,0,false,"og:description
og:title","Καλώς ήρθατε στο HelpMyIMG. Με την πρόσβαση ή τη χρήση του ιστότοπού μας, των εργαλείων και των υπηρεσιών μας, συμφωνείτε να δεσμεύεστε από αυτούς τους Όρους Παροχής Υπηρεσιών. Διαβάστε τα προσεκτικά καθώς διέπουν τα νόμιμα δικαιώματα και τις υποχρεώσεις σας.
Όροι Παροχής Υπηρεσιών - HelpMyIMG",0,true,0
20,https://helpmyimg.com/de/datenschutz/,Datenschutzrichtlinie - HelpMyIMG,text/html; charset=utf-8,false,200,0,false,"og:description
og:title","Bei HelpMyIMG betrachten wir die Privatsphäre als ein grundlegendes Menschenrecht. Diese Datenschutzrichtlinie ist in Bezug auf die Datenerhebung einzigartig kurz, da wir bewusst fast nichts sammeln. Nachfolgend finden Sie eine detaillierte Aufschlüsselung, wie unsere Architektur Sie schützt.
Datenschutzrichtlinie - HelpMyIMG",0,true,0
20,https://helpmyimg.com/tr/sartlar/,Hizmet Şartları - HelpMyIMG,text/html; charset=utf-8,false,200,0,false,"og:description
og:title","HelpMyIMG'ye hoş geldiniz. Web sitemize, araçlarımıza ve hizmetlerimize erişerek veya bunları kullanarak bu Hizmet Koşullarına bağlı kalmayı kabul edersiniz. Yasal haklarınızı ve yükümlülüklerinizi düzenlediği için lütfen bunları dikkatlice okuyun.
Hizmet Şartları - HelpMyIMG",0,true,0
20,https://helpmyimg.com/cs/jazyky/,Podporované jazyky - HelpMyIMG,text/html; charset=utf-8,false,200,0,false,"og:description
og:title","Věříme, že výkonná umělá inteligence by měla být dostupná všem a všude. Proto je HelpMyIMG nativně lokalizován do 30 různých jazyků.
Podporované jazyky - HelpMyIMG",0,true,0
20,https://helpmyimg.com/pt/sobre/,Sobre nós - HelpMyIMG,text/html; charset=utf-8,false,200,0,false,"og:description
og:title","Acreditamos que a IA poderosa não deve ser bloqueada por acessos pagos caros ou servidores em nuvem que invasem a privacidade. HelpMyIMG é o editor de imagens de IA mais rápido, 100% offline e com foco na privacidade do mundo, que roda inteiramente dentro do seu navegador.
Sobre nós - HelpMyIMG",0,true,0
20,https://helpmyimg.com/it/chi-siamo/,Chi siamo - HelpMyIMG,text/html; charset=utf-8,false,200,0,false,"og:description
og:title","Riteniamo che una potente intelligenza artificiale non debba essere rinchiusa dietro costosi paywall o server cloud invasivi della privacy. HelpMyIMG è l'editor di immagini AI più veloce al mondo, offline al 100%, con priorità alla privacy, che funziona interamente all'interno del tuo browser.
Chi siamo - HelpMyIMG",0,true,0
20,https://helpmyimg.com/ko/eoneo/,지원되는 언어 - HelpMyIMG,text/html; charset=utf-8,false,200,0,false,"og:description
og:title","우리는 강력한 AI가 모든 사람이 어디서나 접근할 수 있어야 한다고 믿습니다. 이것이 바로 HelpMyIMG가 기본적으로 30개 언어로 현지화되어 있는 이유입니다.
지원되는 언어 - HelpMyIMG",0,true,0
20,https://helpmyimg.com/fi/hinnat/,Hinnoittelu - HelpMyIMG,text/html; charset=utf-8,false,200,0,false,"og:description
og:title","Yritystason kuvankäsittely, täysin ilmainen.
Hinnoittelu - HelpMyIMG",0,true,0
20,https://helpmyimg.com/vi/ngon-ngu/,Ngôn ngữ được hỗ trợ - HelpMyIMG,text/html; charset=utf-8,false,200,0,false,"og:description
og:title","Chúng tôi tin rằng mọi người, ở mọi nơi đều có thể tiếp cận AI mạnh mẽ. Đó là lý do tại sao HelpMyIMG được bản địa hóa thành 30 ngôn ngữ khác nhau.
Ngôn ngữ được hỗ trợ - HelpMyIMG",0,true,0
20,https://helpmyimg.com/cs/soukromi/,Zásady ochrany osobních údajů - HelpMyIMG,text/html; charset=utf-8,false,200,0,false,"og:description
og:title","V HelpMyIMG považujeme soukromí za základní lidské právo. Tyto zásady ochrany osobních údajů jsou jedinečně krátké, pokud jde o shromažďování údajů, protože záměrně neshromažďujeme téměř nic. Níže je podrobný rozpis toho, jak vás naše architektura chrání.
Zásady ochrany osobních údajů - HelpMyIMG",0,true,0
20,https://helpmyimg.com/uk/umovy/,Умови обслуговування - HelpMyIMG,text/html; charset=utf-8,false,200,0,false,"og:description
og:title","Ласкаво просимо до HelpMyIMG. Отримуючи доступ до нашого веб-сайту, інструментів і послуг або використовуючи їх, ви погоджуєтеся дотримуватися цих Умов надання послуг. Уважно прочитайте їх, оскільки вони регулюють ваші законні права та обов’язки.
Умови обслуговування - HelpMyIMG",0,true,0
20,https://helpmyimg.com/ru/konfidentsialnost/,политика конфиденциальности - HelpMyIMG,text/html; charset=utf-8,false,200,0,false,"og:description
og:title","В HelpMyIMG мы считаем неприкосновенность частной жизни фундаментальным правом человека. Эта Политика конфиденциальности является уникально короткой в ​​отношении сбора данных, поскольку мы намеренно почти ничего не собираем. Ниже приведено подробное описание того, как наша архитектура защищает вас.
политика конфиденциальности - HelpMyIMG",0,true,0
20,https://helpmyimg.com/id/harga/,Harga - HelpMyIMG,text/html; charset=utf-8,false,200,0,false,"og:description
og:title","Pemrosesan gambar tingkat perusahaan, benar-benar gratis.
Harga - HelpMyIMG",0,true,0
20,https://helpmyimg.com/fr/faq/,FAQ - HelpMyIMG,text/html; charset=utf-8,false,200,0,false,"og:description
og:title","Tout ce que vous devez savoir sur nos outils d'IA axés sur la confidentialité, nos limites, nos formats et leur fonctionnement directement dans votre navigateur.
FAQ - HelpMyIMG",0,true,0
20,https://helpmyimg.com/nl/over-ons/,Over ons - HelpMyIMG,text/html; charset=utf-8,false,200,0,false,"og:description
og:title","Wij zijn van mening dat krachtige AI niet achter dure betaalmuren of privacy-invasieve cloudservers mag worden opgesloten. HelpMyIMG is 's werelds snelste, 100% offline, op privacy gerichte AI-beeldeditor die volledig in uw browser draait.
Over ons - HelpMyIMG",0,true,0
20,https://helpmyimg.com/de/bedingungen/,Nutzungsbedingungen - HelpMyIMG,text/html; charset=utf-8,false,200,0,false,"og:description
og:title","Willkommen bei HelpMyIMG. Durch den Zugriff auf oder die Nutzung unserer Website, Tools und Dienste erklären Sie sich mit diesen Nutzungsbedingungen einverstanden. Bitte lesen Sie sie sorgfältig durch, da sie Ihre gesetzlichen Rechte und Pflichten regeln.
Nutzungsbedingungen - HelpMyIMG",0,true,0
20,https://helpmyimg.com/sv/integritet/,Sekretesspolicy - HelpMyIMG,text/html; charset=utf-8,false,200,0,false,"og:description
og:title","På HelpMyIMG anser vi att integritet är en grundläggande mänsklig rättighet. Denna integritetspolicy är unikt kort när det gäller datainsamling eftersom vi medvetet samlar in nästan ingenting. Nedan följer en detaljerad sammanfattning av hur vår arkitektur skyddar dig.
Sekretesspolicy - HelpMyIMG",0,true,0
20,https://helpmyimg.com/fi/tietoa-meista/,Tietoja meistä - HelpMyIMG,text/html; charset=utf-8,false,200,0,false,"og:description
og:title","Uskomme, että tehokasta tekoälyä ei pidä lukita kalliiden maksumuurin tai yksityisyyttä loukkaavien pilvipalvelimien taakse. HelpMyIMG on maailman nopein, 100 % offline-tilassa, yksityisyyden ensisijainen tekoälykuvankäsittelyohjelma, joka toimii kokonaan selaimesi sisällä.
Tietoja meistä - HelpMyIMG",0,true,0
20,https://helpmyimg.com/ar/khususia/,سياسة الخصوصية - HelpMyIMG,text/html; charset=utf-8,false,200,0,false,"og:description
og:title","At HelpMyIMG, we take your privacy extremely seriously. This Privacy Policy outlines our unique approach to data processing and how we ensure your complete confidentiality.
سياسة الخصوصية - HelpMyIMG",0,true,0
20,https://helpmyimg.com/hi/hamare-bare-mein/,हमारे बारे में - HelpMyIMG,text/html; charset=utf-8,false,200,0,false,"og:description
og:title","हमारा मानना है कि शक्तिशाली एआई को महंगे पेवॉल या गोपनीयता-आक्रामक क्लाउड सर्वर के पीछे बंद नहीं किया जाना चाहिए। HelpMyIMG दुनिया का सबसे तेज़, 100% ऑफ़लाइन, गोपनीयता-प्रथम AI छवि संपादक है जो पूरी तरह से आपके ब्राउज़र के अंदर चलता है।
हमारे बारे में - HelpMyIMG",0,true,0
20,https://helpmyimg.com/zh/bijiao/,比较 - HelpMyIMG,text/html; charset=utf-8,false,200,0,false,"og:description
og:title","我们从头开始重建人工智能图像处理以在本地运行。了解云为何已过时。
比较 - HelpMyIMG",0,true,0
20,https://helpmyimg.com/no/ofte-stilte-sporsmal/,FAQ - HelpMyIMG,text/html; charset=utf-8,false,200,0,false,"og:description
og:title","Alt du trenger å vite om våre personvern-første AI-verktøy, grenser, formater og hvordan de fungerer direkte i nettleseren din.
FAQ - HelpMyIMG",0,true,0
20,https://helpmyimg.com/id/ketentuan-layanan/,Ketentuan Layanan - HelpMyIMG,text/html; charset=utf-8,false,200,0,false,"og:description
og:title","Selamat datang di HelpMyIMG. Dengan mengakses atau menggunakan situs web, alat, dan layanan kami, Anda setuju untuk terikat oleh Ketentuan Layanan ini. Harap membacanya dengan cermat karena ini mengatur hak dan kewajiban hukum Anda.
Ketentuan Layanan - HelpMyIMG",0,true,0
20,https://helpmyimg.com/da/ofte-stillede-sporgsmal/,FAQ - HelpMyIMG,text/html; charset=utf-8,false,200,0,false,"og:description
og:title","Alt, hvad du har brug for at vide om vores AI-værktøjer, begrænsninger, formater, og hvordan de fungerer direkte i din browser.
FAQ - HelpMyIMG",0,true,0
20,https://helpmyimg.com/hi/suraksha/,सुरक्षा एवं विश्वास - HelpMyIMG,text/html; charset=utf-8,false,200,0,false,"og:description
og:title","स्थानीय वेबअसेंबली द्वारा संचालित 100% निजी एआई छवि संपादन का अनुभव करें। हम आपकी तस्वीरें नहीं देख सकते, संग्रहीत नहीं कर सकते, या बेच नहीं सकते क्योंकि वे कभी भी हमारे सर्वर तक नहीं पहुंचतीं।
सुरक्षा एवं विश्वास - HelpMyIMG",0,true,0
20,https://helpmyimg.com/he/tnaim/,תנאים והגבלות - HelpMyIMG,text/html; charset=utf-8,false,200,0,false,"og:description
og:title","ברוכים הבאים ל-HelpMyIMG. על ידי גישה או שימוש באתר, בכלים ובשירותים שלנו, אתה מסכים להיות כפוף לתנאים והגבלות אלה. אנא קרא אותם בעיון מכיוון שהם קובעים את הזכויות והחובות המשפטיות שלך.
תנאים והגבלות - HelpMyIMG",0,true,0
20,https://helpmyimg.com/sv/sakerhet/,Säkerhet & tillit - HelpMyIMG,text/html; charset=utf-8,false,200,0,false,"og:description
og:title","Upplev 100 % privat AI-bildredigering som drivs av lokal WebAssembly. Vi kan inte se, lagra eller sälja dina foton eftersom de aldrig når våra servrar.
Säkerhet & tillit - HelpMyIMG",0,true,0
20,https://helpmyimg.com/tl/mga-wika/,Mga Sinusuportahang Wika - HelpMyIMG,text/html; charset=utf-8,false,200,0,false,"og:description
og:title","Naniniwala kami na ang makapangyarihang AI ay dapat ma-access ng lahat, kahit saan. Kaya naman ang HelpMyIMG ay katutubong na-localize sa 30 iba't ibang wika.
Mga Sinusuportahang Wika - HelpMyIMG",0,true,0
20,https://helpmyimg.com/pl/prywatnosc/,Polityka prywatności - HelpMyIMG,text/html; charset=utf-8,false,200,0,false,"og:description
og:title","W HelpMyIMG uważamy prywatność za podstawowe prawo człowieka. Niniejsza Polityka prywatności jest wyjątkowo krótka w odniesieniu do gromadzenia danych, ponieważ celowo nie zbieramy prawie niczego. Poniżej znajduje się szczegółowy opis sposobu, w jaki nasza architektura Cię chroni.
Polityka prywatności - HelpMyIMG",0,true,0
20,https://helpmyimg.com/it/privacy/,Informativa sulla privacy - HelpMyIMG,text/html; charset=utf-8,false,200,0,false,"og:description
og:title","In HelpMyIMG consideriamo la privacy un diritto umano fondamentale. La presente Informativa sulla privacy è particolarmente breve per quanto riguarda la raccolta dei dati perché non raccogliamo deliberatamente quasi nulla. Di seguito è riportata un'analisi dettagliata di come la nostra architettura ti protegge.
Informativa sulla privacy - HelpMyIMG",0,true,0
20,https://helpmyimg.com/ro/compara/,Comparaţie - HelpMyIMG,text/html; charset=utf-8,false,200,0,false,"og:description
og:title","Am reconstruit procesarea imaginii AI de la zero pentru a rula local. Vedeți de ce cloud-ul este învechit.
Comparaţie - HelpMyIMG",0,true,0
20,https://helpmyimg.com/ms/tentang-kami/,Tentang Kami - HelpMyIMG,text/html; charset=utf-8,false,200,0,false,"og:description
og:title","Kami percaya AI yang berkuasa tidak seharusnya dikunci di sebalik paywall mahal atau pelayan awan invasif privasi. HelpMyIMG ialah penyunting imej AI terpantas, 100% luar talian, privasi mengutamakan privasi yang berjalan sepenuhnya di dalam penyemak imbas anda.
Tentang Kami - HelpMyIMG",0,true,0
20,https://helpmyimg.com/it/termini/,Termini di servizio - HelpMyIMG,text/html; charset=utf-8,false,200,0,false,"og:description
og:title","Benvenuti in HelpMyIMG. Accedendo o utilizzando il nostro sito Web, i nostri strumenti e i nostri servizi, accetti di essere vincolato dai presenti Termini di servizio. Si prega di leggerli attentamente poiché regolano i vostri diritti e obblighi legali.
Termini di servizio - HelpMyIMG",0,true,0
20,https://helpmyimg.com/th/kieow-kab-rao/,เกี่ยวกับเรา - HelpMyIMG,text/html; charset=utf-8,false,200,0,false,"og:description
og:title","เราเชื่อว่า AI อันทรงพลังไม่ควรถูกล็อกอยู่เบื้องหลังเพย์วอลล์ราคาแพงหรือเซิร์ฟเวอร์คลาวด์ที่รุกล้ำความเป็นส่วนตัว HelpMyIMG เป็นโปรแกรมแก้ไขรูปภาพ AI ออฟไลน์ 100% ที่เร็วที่สุดในโลกและเน้นความเป็นส่วนตัวซึ่งทำงานภายในเบราว์เซอร์ของคุณทั้งหมด
เกี่ยวกับเรา - HelpMyIMG",0,true,0
20,https://helpmyimg.com/cs/ceny/,Ceny - HelpMyIMG,text/html; charset=utf-8,false,200,0,false,"og:description
og:title","Zpracování obrazu na podnikové úrovni, zcela zdarma.
Ceny - HelpMyIMG",0,true,0
20,https://helpmyimg.com/tr/guvenlik/,Güvenlik ve Güven - HelpMyIMG,text/html; charset=utf-8,false,200,0,false,"og:description
og:title","Yerel WebAssembly tarafından desteklenen %100 özel yapay zeka görüntü düzenleme deneyimini yaşayın. Fotoğraflarınızı hiçbir zaman sunucularımıza ulaşmadığı için göremiyoruz, saklayamıyoruz veya satamıyoruz.
Güvenlik ve Güven - HelpMyIMG",0,true,0
20,https://helpmyimg.com/ko/gaein-jeongbo/,개인 정보 보호 정책 - HelpMyIMG,text/html; charset=utf-8,false,200,0,false,"og:description
og:title","HelpMyIMG에서는 개인정보 보호를 기본적인 인권으로 간주합니다. 본 개인정보 보호정책은 당사가 의도적으로 거의 아무것도 수집하지 않기 때문에 데이터 수집과 관련하여 매우 짧습니다. 다음은 당사의 아키텍처가 귀하를 보호하는 방법에 대한 자세한 분석입니다.
개인 정보 보호 정책 - HelpMyIMG",0,true,0
20,https://helpmyimg.com/ro/confidentialitate/,Politica de confidențialitate - HelpMyIMG,text/html; charset=utf-8,false,200,0,false,"og:description
og:title","La HelpMyIMG, considerăm că confidențialitatea este un drept fundamental al omului. Această politică de confidențialitate este deosebit de scurtă în ceea ce privește colectarea datelor, deoarece nu colectăm în mod deliberat aproape nimic. Mai jos este o detaliere a modului în care arhitectura noastră vă protejează.
Politica de confidențialitate - HelpMyIMG",0,true,0
20,https://helpmyimg.com/ru/tseny/,Цены - HelpMyIMG,text/html; charset=utf-8,false,200,0,false,"og:description
og:title","Обработка изображений корпоративного уровня абсолютно бесплатна.
Цены - HelpMyIMG",0,true,0
20,https://helpmyimg.com/sv/vanliga-fragor/,FAQ - HelpMyIMG,text/html; charset=utf-8,false,200,0,false,"og:description
og:title","Allt du behöver veta om våra integritetsinitierade AI-verktyg, gränser, format och hur de fungerar direkt i din webbläsare.
FAQ - HelpMyIMG",0,true,0
20,https://helpmyimg.com/cs/bezpecnost/,Bezpečnost a důvěra - HelpMyIMG,text/html; charset=utf-8,false,200,0,false,"og:description
og:title","Vyzkoušejte 100% soukromou úpravu obrázků AI poháněnou místním WebAssembly. Vaše fotografie nemůžeme vidět, ukládat ani prodávat, protože se nikdy nedostanou na naše servery.
Bezpečnost a důvěra - HelpMyIMG",0,true,0
20,https://helpmyimg.com/it/domande-frequenti/,Domande Frequenti - HelpMyIMG,text/html; charset=utf-8,false,200,0,false,"og:description
og:title","Tutto quello che devi sapere sui nostri strumenti AI, sui limiti, sui formati e su come funzionano, incentrati sulla privacy, direttamente nel tuo browser.
Domande Frequenti - HelpMyIMG",0,true,0
20,https://helpmyimg.com/es/terminos/,Términos de servicio - HelpMyIMG,text/html; charset=utf-8,false,200,0,false,"og:description
og:title","Bienvenido a HelpMyIMG. Al acceder o utilizar nuestro sitio web, herramientas y servicios, usted acepta estar sujeto a estos Términos de servicio. Léalos atentamente, ya que rigen sus derechos y obligaciones legales.
Términos de servicio - HelpMyIMG",0,true,0
20,https://helpmyimg.com/ja/sekyuriti/,セキュリティと信頼 - HelpMyIMG,text/html; charset=utf-8,false,200,0,false,"og:description
og:title","ローカル WebAssembly を利用した 100% プライベート AI 画像編集を体験してください。写真は当社のサーバーに到達しないため、閲覧、保存、販売することはできません。
セキュリティと信頼 - HelpMyIMG",0,true,0
