PR,URL,Title,Content type,Is rendered page,HTTP status code,Organic traffic,Depth,No. of internal outlinks,No. of external outlinks
31,https://helpmyimg.com/en/,HelpMyIMG | All Image Tools in One Place,text/html; charset=utf-8,false,200,0,0,0,0
26,https://helpmyimg.com/zh/,HelpMyIMG | 所有图像工具尽在一处,text/html; charset=utf-8,false,200,0,0,0,0
26,https://helpmyimg.com/fr/,HelpMyIMG | Tous les outils image en un seul endroit,text/html; charset=utf-8,false,200,0,0,0,0
26,https://helpmyimg.com/ru/,HelpMyIMG | Все инструменты для изображений в одном месте,text/html; charset=utf-8,false,200,0,0,0,0
26,https://helpmyimg.com/ms/,HelpMyIMG | Semua Alat Imej dalam Satu Tempat,text/html; charset=utf-8,false,200,0,0,0,0
26,https://helpmyimg.com/hu/,HelpMyIMG | Minden képeszköz egy helyen,text/html; charset=utf-8,false,200,0,0,0,0
26,https://helpmyimg.com/el/,HelpMyIMG | Όλα τα εργαλεία εικόνας σε ένα μέρος,text/html; charset=utf-8,false,200,0,0,0,0
26,https://helpmyimg.com/he/,HelpMyIMG | כל כלי התמונות במקום אחד,text/html; charset=utf-8,false,200,0,0,0,0
26,https://helpmyimg.com/fi/,HelpMyIMG | Kaikki kuvatyökalut yhdessä paikassa,text/html; charset=utf-8,false,200,0,0,0,0
26,https://helpmyimg.com/id/,HelpMyIMG | Semua Alat Gambar dalam Satu Tempat,text/html; charset=utf-8,false,200,0,0,0,0
26,https://helpmyimg.com/it/,HelpMyIMG | Tutti gli strumenti immagine in un unico posto,text/html; charset=utf-8,false,200,0,0,0,0
26,https://helpmyimg.com/da/,HelpMyIMG | Alle billedværktøjer på ét sted,text/html; charset=utf-8,false,200,0,0,0,0
26,https://helpmyimg.com/sv/,HelpMyIMG | Alla bildverktyg på ett ställe,text/html; charset=utf-8,false,200,0,0,0,0
26,https://helpmyimg.com/tl/,HelpMyIMG | Lahat ng Tool sa Imahe sa Isang Lugar,text/html; charset=utf-8,false,200,0,0,0,0
26,https://helpmyimg.com/tr/,HelpMyIMG | Tüm görüntü araçları tek bir yerde,text/html; charset=utf-8,false,200,0,0,0,0
26,https://helpmyimg.com/es/,HelpMyIMG | Todas las herramientas de imagen en un lugar,text/html; charset=utf-8,false,200,0,0,0,0
26,https://helpmyimg.com/ko/,HelpMyIMG | 모든 이미지 도구 한 곳에서,text/html; charset=utf-8,false,200,0,0,0,0
26,https://helpmyimg.com/de/,HelpMyIMG | Alle Bild-Tools an einem Ort,text/html; charset=utf-8,false,200,0,0,0,0
26,https://helpmyimg.com/pt/,HelpMyIMG | Todas as ferramentas de imagem em um só lugar,text/html; charset=utf-8,false,200,0,0,0,0
26,https://helpmyimg.com/ar/,HelpMyIMG | كل أدوات الصور في مكان واحد,text/html; charset=utf-8,false,200,0,0,0,0
26,https://helpmyimg.com/th/,HelpMyIMG | เครื่องมือรูปภาพทั้งหมดในที่เดียว,text/html; charset=utf-8,false,200,0,0,0,0
26,https://helpmyimg.com/no/,HelpMyIMG | Alle bildeverktøy på ett sted,text/html; charset=utf-8,false,200,0,0,0,0
26,https://helpmyimg.com/ja/,HelpMyIMG | 画像ツールが全部一か所に,text/html; charset=utf-8,false,200,0,0,0,0
26,https://helpmyimg.com/nl/,HelpMyIMG | Alle afbeeldingstools op één plek,text/html; charset=utf-8,false,200,0,0,0,0
26,https://helpmyimg.com/cs/,HelpMyIMG | Všechny nástroje pro obrázky na jednom místě,text/html; charset=utf-8,false,200,0,0,0,0
26,https://helpmyimg.com/vi/,HelpMyIMG | Tất cả công cụ hình ảnh tại một nơi,text/html; charset=utf-8,false,200,0,0,0,0
26,https://helpmyimg.com/uk/,HelpMyIMG | Усі інструменти для зображень в одному місці,text/html; charset=utf-8,false,200,0,0,0,0
26,https://helpmyimg.com/ro/,HelpMyIMG | Toate instrumentele pentru imagini într-un singur loc,text/html; charset=utf-8,false,200,0,0,0,0
26,https://helpmyimg.com/pl/,HelpMyIMG | Wszystkie narzędzia do zdjęć w jednym miejscu,text/html; charset=utf-8,false,200,0,0,0,0
26,https://helpmyimg.com/hi/,HelpMyIMG | सभी इमेज टूल्स एक जगह पर,text/html; charset=utf-8,false,200,0,0,0,0
21,https://helpmyimg.com/tr/boyutlandir/,Boyutlandır Resim to 4x6 Ücretsiz - HelpMyIMG,text/html; charset=utf-8,false,200,0,0,0,0
21,https://helpmyimg.com/en/convert-image/,Convert 30 Photos to WEBP Online Free (Batch Processing & ZIP) - HelpMyIMG,text/html; charset=utf-8,false,200,0,0,0,0
21,https://helpmyimg.com/nl/afbeelding-bijsnijden/,Professionele fotostudio en bulktoolkit - HelpMyIMG,text/html; charset=utf-8,false,200,0,0,0,0
21,https://helpmyimg.com/th/lai-nam/,©️ลายน้ำรูปภาพของฉัน - HelpMyIMG,text/html; charset=utf-8,false,200,0,0,0,0
21,https://helpmyimg.com/sv/konvertera-webp-till-jpg/,Konvertera WEBP till JPG Free - Image Converter - HelpMyIMG,text/html; charset=utf-8,false,200,0,0,0,0
21,https://helpmyimg.com/tr/resim-donustur/,Dönüştür WEBP to JPG Ücretsiz - HelpMyIMG,text/html; charset=utf-8,false,200,0,0,0,0
21,https://helpmyimg.com/sv/andra-storlek/,Ändra storlek Bild to 4x6 Gratis - HelpMyIMG,text/html; charset=utf-8,false,200,0,0,0,0
21,https://helpmyimg.com/ms/plat-lesen-blur/,Kaburkan Plat Lesen Dalam Talian - Penapis Privasi Auto - HelpMyIMG,text/html; charset=utf-8,false,200,0,0,0,0
21,https://helpmyimg.com/ar/magic-brush/,فرشاة يدوية - HelpMyIMG,text/html; charset=utf-8,false,200,0,0,0,0
21,https://helpmyimg.com/hi/image-compress/,कंप्रेस छवि to 200KB मुफ़्त - HelpMyIMG,text/html; charset=utf-8,false,200,0,0,0,0
21,https://helpmyimg.com/ar/alama-maiya/,©️ العلامة المائية صورتي - HelpMyIMG,text/html; charset=utf-8,false,200,0,0,0,0
21,https://helpmyimg.com/es/redimensionar-imagen/,Redimensionar Imagen para Pasaporte (4x6) Gratis - HelpMyIMG,text/html; charset=utf-8,false,200,0,0,0,0
21,https://helpmyimg.com/cs/zmena-pozadi/,Měnič barvy pozadí biometrických pasů online - HelpMyIMG,text/html; charset=utf-8,false,200,0,0,0,0
21,https://helpmyimg.com/cs/zmena-velikosti/,Změnit velikost Obrázek to 4x6 Zdarma - HelpMyIMG,text/html; charset=utf-8,false,200,0,0,0,0
21,https://helpmyimg.com/zh/xuanzhuan-tupian/,专业级一站式批量图像处理与摄影工作室 - HelpMyIMG,text/html; charset=utf-8,false,200,0,0,0,0
21,https://helpmyimg.com/hi/chehra-dhundhla-kare/,पेशेवर ऑल-इन-वन फ़ोटो स्टूडियो और बल्क एडिटर - HelpMyIMG,text/html; charset=utf-8,false,200,0,0,0,0
21,https://helpmyimg.com/zh/zhuanhuan-tupian/,转换 WEBP to JPG 免费 - HelpMyIMG,text/html; charset=utf-8,false,200,0,0,0,0
21,https://helpmyimg.com/da/tilpas-billede/,Tilpas Billede to 4x6 Gratis - HelpMyIMG,text/html; charset=utf-8,false,200,0,0,0,0
21,https://helpmyimg.com/tr/resim-sikistir-50kb/,Görüntüyü 50KB'ye Sıkıştırın - Akıllı WebGPU Sıkıştırma - HelpMyIMG,text/html; charset=utf-8,false,200,0,0,0,0
21,https://helpmyimg.com/id/hapus-latar-belakang-dari-logo/,Hapus Latar Belakang dari Logo Gratis - Pembuat PNG Transparan - HelpMyIMG,text/html; charset=utf-8,false,200,0,0,0,0
21,https://helpmyimg.com/uk/remove-person-from-photo/,Видалити людину з фотографії - безкоштовний Photobomb Eraser - HelpMyIMG,text/html; charset=utf-8,false,200,0,0,0,0
21,https://helpmyimg.com/hu/mdostsa-a-fnykp-httert-fehrre/,A fénykép hátterének módosítása fehérre – Amazon és e-kereskedelem készen áll - HelpMyIMG,text/html; charset=utf-8,false,200,0,0,0,0
21,https://helpmyimg.com/de/hintergrund-vom-logo-entfernen/,Hintergrund vom Logo kostenlos entfernen – Transparent PNG Maker - HelpMyIMG,text/html; charset=utf-8,false,200,0,0,0,0
21,https://helpmyimg.com/ro/comprimai-imaginea-la-200-kb/,Comprimați imaginea la 200KB - Reductor de înaltă calitate - HelpMyIMG,text/html; charset=utf-8,false,200,0,0,0,0
21,https://helpmyimg.com/nl/gezicht-vervagen/,Professionele fotostudio en bulktoolkit - HelpMyIMG,text/html; charset=utf-8,false,200,0,0,0,0
21,https://helpmyimg.com/da/avanceret-editor/,Professionelt fotostudie og bulk-værktøjssæt - HelpMyIMG,text/html; charset=utf-8,false,200,0,0,0,0
21,https://helpmyimg.com/he/remove-background-from-logo/,הסר רקע מהלוגו חינם - יוצר PNG שקוף - HelpMyIMG,text/html; charset=utf-8,false,200,0,0,0,0
21,https://helpmyimg.com/hi/magic-brush/,मैनुअल ब्रश - HelpMyIMG,text/html; charset=utf-8,false,200,0,0,0,0
21,https://helpmyimg.com/el/programma-epexergasias/,Επαγγελματικό Photo Studio & Bulk Toolkit - HelpMyIMG,text/html; charset=utf-8,false,200,0,0,0,0
21,https://helpmyimg.com/da/komprimer-til-100kb/,Komprimer billedet til 100KB online gratis - hurtigt og privat - HelpMyIMG,text/html; charset=utf-8,false,200,0,0,0,0
21,https://helpmyimg.com/da/beskaer-billede/,Professionelt fotostudie og bulk-værktøjssæt - HelpMyIMG,text/html; charset=utf-8,false,200,0,0,0,0
21,https://helpmyimg.com/sv/ndra-storlek-p-foto-till-passstorlek/,Ändra storlek på foto till passstorlek - Visa & ID Maker - HelpMyIMG,text/html; charset=utf-8,false,200,0,0,0,0
21,https://helpmyimg.com/ko/baegyeong-byeongyeong/,생체 인식 여권 사진 배경 색상 체인저 온라인 - HelpMyIMG,text/html; charset=utf-8,false,200,0,0,0,0
21,https://helpmyimg.com/sv/fargvaljare/,Professionell fotostudio & Bulk Toolkit - HelpMyIMG,text/html; charset=utf-8,false,200,0,0,0,0
21,https://helpmyimg.com/no/komprimer-til-50kb/,Komprimer bilde til 50KB - Smart WebGPU-komprimering - HelpMyIMG,text/html; charset=utf-8,false,200,0,0,0,0
21,https://helpmyimg.com/fr/compresser-image-50ko/,Compresser l'image à 50 Ko - Compression intelligente WebGPU - HelpMyIMG,text/html; charset=utf-8,false,200,0,0,0,0
21,https://helpmyimg.com/ja/haikei-sakuzyo/,✂️ 背景自動切り抜き - HelpMyIMG,text/html; charset=utf-8,false,200,0,0,0,0
21,https://helpmyimg.com/sv/oskarpt-ansikte/,Professionell fotostudio & Bulk Toolkit - HelpMyIMG,text/html; charset=utf-8,false,200,0,0,0,0
21,https://helpmyimg.com/es/rotar-imagen/,Estudio Fotográfico Profesional Todo en Uno - HelpMyIMG,text/html; charset=utf-8,false,200,0,0,0,0
21,https://helpmyimg.com/pt/mudar-fundo/,Trocador de cor de fundo de foto de passaporte biométrico on-line - HelpMyIMG,text/html; charset=utf-8,false,200,0,0,0,0
21,https://helpmyimg.com/hi/remove-person-from-photo/,फोटो से व्यक्ति को हटाएं - निःशुल्क फोटोबॉम्ब इरेज़र - HelpMyIMG,text/html; charset=utf-8,false,200,0,0,0,0
21,https://helpmyimg.com/fi/magic-brush/,Manuaalinen Sivellin - HelpMyIMG,text/html; charset=utf-8,false,200,0,0,0,0
21,https://helpmyimg.com/id/sensor-wajah/,Studio Foto & Pengeditan Massal Profesional - HelpMyIMG,text/html; charset=utf-8,false,200,0,0,0,0
21,https://helpmyimg.com/pl/przycinanie-obrazu/,Profesjonalne studio fotograficzne i zestaw narzędzi zbiorczych - HelpMyIMG,text/html; charset=utf-8,false,200,0,0,0,0
21,https://helpmyimg.com/hi/instagram-image-resize/,इंस्टाग्राम ऑनलाइन के लिए छवि का आकार बदलें - काटने की कोई आवश्यकता नहीं है - HelpMyIMG,text/html; charset=utf-8,false,200,0,0,0,0
21,https://helpmyimg.com/no/vannmerke/,©️ Vannmerke mitt bilde - HelpMyIMG,text/html; charset=utf-8,false,200,0,0,0,0
21,https://helpmyimg.com/de/ndern-sie-die-gre-des-fotos-auf-passgre/,Ändern Sie die Größe des Fotos auf die Passgröße – Visa & ID Maker - HelpMyIMG,text/html; charset=utf-8,false,200,0,0,0,0
21,https://helpmyimg.com/it/targa-sfocata/,Sfocatura targa online - Censore automatico della privacy - HelpMyIMG,text/html; charset=utf-8,false,200,0,0,0,0
21,https://helpmyimg.com/ru/izmenit-razmer-dlya-instagram/,Изменение размера изображения для Instagram онлайн – обрезка не требуется - HelpMyIMG,text/html; charset=utf-8,false,200,0,0,0,0
21,https://helpmyimg.com/th/change-photo-background-to-white/,เปลี่ยนพื้นหลังรูปภาพเป็นสีขาว - พร้อมสำหรับ Amazon และ E-commerce - HelpMyIMG,text/html; charset=utf-8,false,200,0,0,0,0
21,https://helpmyimg.com/id/kompres-gambar-menjadi-200kb/,Kompres Gambar hingga 200KB - Peredam Kualitas Tinggi - HelpMyIMG,text/html; charset=utf-8,false,200,0,0,0,0
21,https://helpmyimg.com/pl/zmie-to-zdjcia-na-biae/,Zmień tło zdjęcia na białe — gotowe do korzystania z Amazon i handlu elektronicznego - HelpMyIMG,text/html; charset=utf-8,false,200,0,0,0,0
21,https://helpmyimg.com/en/colorwhite/,Change Photo Background to White - Amazon & E-commerce Ready - HelpMyIMG,text/html; charset=utf-8,false,200,0,0,0,0
21,https://helpmyimg.com/tr/plaka-bulankl/,Plakayı Çevrimiçi Bulanıklaştır - Otomatik Gizlilik Sansürü - HelpMyIMG,text/html; charset=utf-8,false,200,0,0,0,0
21,https://helpmyimg.com/ro/converti-webp-n-jpg/,Convertiți gratuit WEBP în JPG - Image Converter - HelpMyIMG,text/html; charset=utf-8,false,200,0,0,0,0
21,https://helpmyimg.com/vi/hnh-nh-hnh-m-hng-lot/,Hình ảnh hình mờ hàng loạt - Trình thêm logo hàng loạt - HelpMyIMG,text/html; charset=utf-8,false,200,0,0,0,0
21,https://helpmyimg.com/sv/andra-storlek-for-instagram/,Ändra storlek på bild för Instagram online - ingen beskärning krävs - HelpMyIMG,text/html; charset=utf-8,false,200,0,0,0,0
21,https://helpmyimg.com/ar/tahwil-sura/,تحويل WEBP to JPG مجاني - HelpMyIMG,text/html; charset=utf-8,false,200,0,0,0,0
21,https://helpmyimg.com/sv/andra-bakgrund/,Biometriskt passfoto bakgrundsfärgväxlare online - HelpMyIMG,text/html; charset=utf-8,false,200,0,0,0,0
21,https://helpmyimg.com/th/lop-phun-lang/,✂️ ลบพื้นหลัง AI - HelpMyIMG,text/html; charset=utf-8,false,200,0,0,0,0
21,https://helpmyimg.com/fr/redimensionner-pour-instagram/,Redimensionner l'image pour Instagram en ligne - Aucun recadrage requis - HelpMyIMG,text/html; charset=utf-8,false,200,0,0,0,0
21,https://helpmyimg.com/th/plaeng-rup-phap/,แปลง WEBP to JPG ฟรี - HelpMyIMG,text/html; charset=utf-8,false,200,0,0,0,0
21,https://helpmyimg.com/en/blur-license-plate/,Blur License Plate Online - Auto Privacy Censor - HelpMyIMG,text/html; charset=utf-8,false,200,0,0,0,0
21,https://helpmyimg.com/da/magic-brush/,Manuel Pensel - HelpMyIMG,text/html; charset=utf-8,false,200,0,0,0,0
21,https://helpmyimg.com/zh/removelogo/,从徽标中删除背景 免费 - 透明 PNG 制作工具 - HelpMyIMG,text/html; charset=utf-8,false,200,0,0,0,0
21,https://helpmyimg.com/tr/magic-brush/,Manuel Fırça - HelpMyIMG,text/html; charset=utf-8,false,200,0,0,0,0
21,https://helpmyimg.com/it/convertire-webp-in-jpg/,Converti WEBP in JPG gratuitamente - Convertitore di immagini - HelpMyIMG,text/html; charset=utf-8,false,200,0,0,0,0
21,https://helpmyimg.com/ru/rasshirennyy-redaktor/,Профессиональная фотостудия «Все в одном» - HelpMyIMG,text/html; charset=utf-8,false,200,0,0,0,0
21,https://helpmyimg.com/cs/pevst-webp-do-jpg/,Převést WEBP na JPG zdarma - Image Converter - HelpMyIMG,text/html; charset=utf-8,false,200,0,0,0,0
21,https://helpmyimg.com/tl/watermarkbulk/,Magdagdag ng watermark - HelpMyIMG,text/html; charset=utf-8,false,200,0,0,0,0
21,https://helpmyimg.com/ko/imiji-byeonhwan/,변환 WEBP to JPG 무료 - HelpMyIMG,text/html; charset=utf-8,false,200,0,0,0,0
21,https://helpmyimg.com/tr/resim-dondur/,Profesyonel Fotoğraf Stüdyosu ve Toplu Araç Seti - HelpMyIMG,text/html; charset=utf-8,false,200,0,0,0,0
21,https://helpmyimg.com/fi/pakkaa-50kb/,Pakkaa kuva 50 kilotavuun - Smart WebGPU -pakkaus - HelpMyIMG,text/html; charset=utf-8,false,200,0,0,0,0
21,https://helpmyimg.com/cs/rozmazn-spz/,Rozmazání SPZ online – cenzor ochrany osobních údajů - HelpMyIMG,text/html; charset=utf-8,false,200,0,0,0,0
21,https://helpmyimg.com/pt/mudar-o-fundo-da-foto-para-branco/,Alterar o fundo da foto para branco - pronto para Amazon e comércio eletrônico - HelpMyIMG,text/html; charset=utf-8,false,200,0,0,0,0
21,https://helpmyimg.com/uk/povernuty-zobrazhennya/,Професійна фотостудія та набір інструментів - HelpMyIMG,text/html; charset=utf-8,false,200,0,0,0,0
21,https://helpmyimg.com/sv/vattenstampel/,©️ Vattenmärke min bild - HelpMyIMG,text/html; charset=utf-8,false,200,0,0,0,0
21,https://helpmyimg.com/pl/zaawansowany-edytor/,Profesjonalne studio fotograficzne i zestaw narzędzi zbiorczych - HelpMyIMG,text/html; charset=utf-8,false,200,0,0,0,0
21,https://helpmyimg.com/hi/rang-chunen/,पेशेवर ऑल-इन-वन फ़ोटो स्टूडियो और बल्क एडिटर - HelpMyIMG,text/html; charset=utf-8,false,200,0,0,0,0
21,https://helpmyimg.com/tl/tagapili-kulay/,Propesyonal na Photo Studio at Bulk Toolkit - HelpMyIMG,text/html; charset=utf-8,false,200,0,0,0,0
21,https://helpmyimg.com/it/ridimensiona-per-instagram/,Ridimensiona l'immagine per Instagram online: non è necessario ritagliare - HelpMyIMG,text/html; charset=utf-8,false,200,0,0,0,0
21,https://helpmyimg.com/th/tat-rup-phap/,สตูดิโอถ่ายภาพระดับมืออาชีพและชุดเครื่องมือจำนวนมาก - HelpMyIMG,text/html; charset=utf-8,false,200,0,0,0,0
21,https://helpmyimg.com/ru/batch-watermark-photos/,Пакетная обработка фотографий водяных знаков — Массовое добавление логотипов - HelpMyIMG,text/html; charset=utf-8,false,200,0,0,0,0
21,https://helpmyimg.com/fi/varipaletti/,Ammattimainen valokuvastudio ja joukkotyökalupakki - HelpMyIMG,text/html; charset=utf-8,false,200,0,0,0,0
21,https://helpmyimg.com/th/plian-kha-nad-ig/,ปรับขนาดรูปภาพสำหรับ Instagram ออนไลน์ - ไม่จำเป็นต้องครอบตัด - HelpMyIMG,text/html; charset=utf-8,false,200,0,0,0,0
21,https://helpmyimg.com/ru/resize-photo-to-passport-size/,Изменение размера фотографии до размера паспорта - Visa & ID Maker - HelpMyIMG,text/html; charset=utf-8,false,200,0,0,0,0
21,https://helpmyimg.com/ro/magic-brush/,Pensulă Manuală - HelpMyIMG,text/html; charset=utf-8,false,200,0,0,0,0
21,https://helpmyimg.com/it/comprimere-limmagine-a-200kb/,Comprimi immagine a 200 KB: riduttore di alta qualità - HelpMyIMG,text/html; charset=utf-8,false,200,0,0,0,0
21,https://helpmyimg.com/nl/achtergrond-wijzigen/,Biometrische paspoortfoto achtergrondkleurwisselaar online - HelpMyIMG,text/html; charset=utf-8,false,200,0,0,0,0
21,https://helpmyimg.com/vi/thay-i-kch-thc-nh-thnh-kch-thc-h-chiu/,Thay đổi kích thước ảnh thành kích thước hộ chiếu - Visa & ID Maker - HelpMyIMG,text/html; charset=utf-8,false,200,0,0,0,0
21,https://helpmyimg.com/ro/redimensionare-instagram/,Redimensionați imaginea pentru Instagram online - nu este necesară decuparea - HelpMyIMG,text/html; charset=utf-8,false,200,0,0,0,0
21,https://helpmyimg.com/th/plian-kha-nad-rup/,เปลี่ยนขนาด รูปภาพ to 4x6 ฟรี - HelpMyIMG,text/html; charset=utf-8,false,200,0,0,0,0
21,https://helpmyimg.com/pl/kompresja-obrazu/,Kompresuj Obraz to 200KB Za darmo - HelpMyIMG,text/html; charset=utf-8,false,200,0,0,0,0
21,https://helpmyimg.com/da/fjern-person-fra-billede/,Fjern person fra billede - Gratis Photobomb Eraser - HelpMyIMG,text/html; charset=utf-8,false,200,0,0,0,0
21,https://helpmyimg.com/th/webp-jpg/,แปลง WEBP เป็น JPG ฟรี - โปรแกรมแปลงรูปภาพ - HelpMyIMG,text/html; charset=utf-8,false,200,0,0,0,0
21,https://helpmyimg.com/pl/magic-brush/,Pędzel Ręczny - HelpMyIMG,text/html; charset=utf-8,false,200,0,0,0,0
21,https://helpmyimg.com/de/batchwasserzeichenfotos/,Stapel-Wasserzeichenfotos – Bulk-Logo-Adder - HelpMyIMG,text/html; charset=utf-8,false,200,0,0,0,0
21,https://helpmyimg.com/tl/compress-image-to-50kb/,I-compress ang larawan sa 50KB - HelpMyIMG,text/html; charset=utf-8,false,200,0,0,0,0
21,https://helpmyimg.com/ja/webpjpg/,WEBP を JPG に無料で変換 - 画像コンバーター - HelpMyIMG,text/html; charset=utf-8,false,200,0,0,0,0
21,https://helpmyimg.com/hi/batch-watermark-photos/,बैच वॉटरमार्क तस्वीरें - थोक लोगो योजक - HelpMyIMG,text/html; charset=utf-8,false,200,0,0,0,0
21,https://helpmyimg.com/en/crop-image/,Professional Photo Studio & Bulk Toolkit - HelpMyIMG,text/html; charset=utf-8,false,200,0,0,0,0
21,https://helpmyimg.com/fr/supprimer-une-personne-de-la-photo/,Supprimer une personne de la photo - Gomme Photobomb gratuite - HelpMyIMG,text/html; charset=utf-8,false,200,0,0,0,0
21,https://helpmyimg.com/no/fjern-bakgrunn-fra-logoen/,Fjern bakgrunn fra Logo Free - Transparent PNG Maker - HelpMyIMG,text/html; charset=utf-8,false,200,0,0,0,0
21,https://helpmyimg.com/en/compress-image-to-50kb/,Compress Image to 50KB - Smart WebGPU Compression - HelpMyIMG,text/html; charset=utf-8,false,200,0,0,0,0
21,https://helpmyimg.com/fi/vaihda-tausta/,Biometrisen passin valokuvan taustavärin vaihtaja verkossa - HelpMyIMG,text/html; charset=utf-8,false,200,0,0,0,0
21,https://helpmyimg.com/th/200kb/,บีบอัดรูปภาพเป็น 200KB - ตัวลดคุณภาพสูง - HelpMyIMG,text/html; charset=utf-8,false,200,0,0,0,0
21,https://helpmyimg.com/tr/webpyi-jpgye-dntr/,WEBP'yi JPG'ye Ücretsiz Dönüştür - Görüntü Dönüştürücü - HelpMyIMG,text/html; charset=utf-8,false,200,0,0,0,0
21,https://helpmyimg.com/he/shinui-godel-instagram/,שנה את גודל התמונה עבור אינסטגרם מקוון - אין צורך בחיתוך - HelpMyIMG,text/html; charset=utf-8,false,200,0,0,0,0
21,https://helpmyimg.com/zh/quchu-beijing/,✂️ AI 智能抠图 - HelpMyIMG,text/html; charset=utf-8,false,200,0,0,0,0
21,https://helpmyimg.com/no/komprimer-bilde/,Komprimer Bilde to 200KB Gratis - HelpMyIMG,text/html; charset=utf-8,false,200,0,0,0,0
21,https://helpmyimg.com/hi/blur-license-plate/,ब्लर लाइसेंस प्लेट ऑनलाइन - ऑटो गोपनीयता सेंसर - HelpMyIMG,text/html; charset=utf-8,false,200,0,0,0,0
21,https://helpmyimg.com/uk/stysnuty-do-100kb/,Стисніть зображення до 100 КБ онлайн безкоштовно - швидко та приватно - HelpMyIMG,text/html; charset=utf-8,false,200,0,0,0,0
21,https://helpmyimg.com/fi/sumentaa-kasvot/,Ammattimainen valokuvastudio ja joukkotyökalupakki - HelpMyIMG,text/html; charset=utf-8,false,200,0,0,0,0
21,https://helpmyimg.com/de/wasserzeichen/,©️ Mein Bild mit einem Wasserzeichen versehen - HelpMyIMG,text/html; charset=utf-8,false,200,0,0,0,0
21,https://helpmyimg.com/tr/instagram-icin-boyutlandir/,Instagram Çevrimiçi için Görüntüyü Yeniden Boyutlandır - Kırpmaya Gerek Yok - HelpMyIMG,text/html; charset=utf-8,false,200,0,0,0,0
21,https://helpmyimg.com/ms/mampat-imej-50kb/,Mampatkan Imej kepada 50KB - Pemampatan WebGPU Pintar - HelpMyIMG,text/html; charset=utf-8,false,200,0,0,0,0
21,https://helpmyimg.com/ro/filigran/,©️ Filigran imaginea mea - HelpMyIMG,text/html; charset=utf-8,false,200,0,0,0,0
21,https://helpmyimg.com/ar/batch-watermark-photos/,صور العلامة المائية المجمعة - أداة إضافة الشعار المجمعة - HelpMyIMG,text/html; charset=utf-8,false,200,0,0,0,0
21,https://helpmyimg.com/ms/tukar-webp-kepada-jpg/,Tukar WEBP kepada JPG Percuma - Penukar Imej - HelpMyIMG,text/html; charset=utf-8,false,200,0,0,0,0
21,https://helpmyimg.com/uk/remove-background-from-logo/,Безкоштовно видалити фон з логотипа - Прозорий PNG Maker - HelpMyIMG,text/html; charset=utf-8,false,200,0,0,0,0
21,https://helpmyimg.com/tl/magic-brush/,Manu-manong Brush - HelpMyIMG,text/html; charset=utf-8,false,200,0,0,0,0
21,https://helpmyimg.com/th/blur-license-plate/,Blur License Plate Online - เซ็นเซอร์ความเป็นส่วนตัวอัตโนมัติ - HelpMyIMG,text/html; charset=utf-8,false,200,0,0,0,0
21,https://helpmyimg.com/pt/comprimir-imagem-50kb/,Compactar imagem em 50 KB - Compressão WebGPU inteligente - HelpMyIMG,text/html; charset=utf-8,false,200,0,0,0,0
21,https://helpmyimg.com/vi/doi-kich-thuoc/,Đổi kích thước Hình ảnh to 4x6 Miễn phí - HelpMyIMG,text/html; charset=utf-8,false,200,0,0,0,0
21,https://helpmyimg.com/ro/comprimare-imagine/,Comprimare Imagine to 200KB Gratuit - HelpMyIMG,text/html; charset=utf-8,false,200,0,0,0,0
21,https://helpmyimg.com/fr/pipette-couleur/,Studio Photo Professionnel & Boîte à Outils - HelpMyIMG,text/html; charset=utf-8,false,200,0,0,0,0
21,https://helpmyimg.com/fr/pivoter-image/,Studio Photo Professionnel & Boîte à Outils - HelpMyIMG,text/html; charset=utf-8,false,200,0,0,0,0
21,https://helpmyimg.com/hu/tvoltsa-el-a-htteret-a-logrl/,Háttér eltávolítása a Logo Free - Transparent PNG Maker programból - HelpMyIMG,text/html; charset=utf-8,false,200,0,0,0,0
21,https://helpmyimg.com/ar/tamwih-al-wajh/,الاستوديو الاحترافي الشامل لتحرير الصور والمعالجة الجماعية - HelpMyIMG,text/html; charset=utf-8,false,200,0,0,0,0
21,https://helpmyimg.com/en/change-background/,Biometric Passport Photo Background Color Changer Online - HelpMyIMG,text/html; charset=utf-8,false,200,0,0,0,0
21,https://helpmyimg.com/hu/fejlett-szerkeszto/,Professzionális fotóstúdió és tömeges eszközkészlet - HelpMyIMG,text/html; charset=utf-8,false,200,0,0,0,0
21,https://helpmyimg.com/sv/komprimera-bild-50kb/,Komprimera bild till 50KB - Smart WebGPU-komprimering - HelpMyIMG,text/html; charset=utf-8,false,200,0,0,0,0
21,https://helpmyimg.com/pt/redimensionar-para-instagram/,Redimensionar imagem para Instagram Online - sem necessidade de corte - HelpMyIMG,text/html; charset=utf-8,false,200,0,0,0,0
21,https://helpmyimg.com/ar/blur-license-plate/,طمس لوحة الترخيص على الإنترنت - رقيب الخصوصية التلقائي - HelpMyIMG,text/html; charset=utf-8,false,200,0,0,0,0
21,https://helpmyimg.com/el/ydatografima/,©️ Υδατογράφημα στην εικόνα μου - HelpMyIMG,text/html; charset=utf-8,false,200,0,0,0,0
21,https://helpmyimg.com/uk/stysnuty-zobrazhennya/,Стиснути Зображення to 200KB Безкоштовно - HelpMyIMG,text/html; charset=utf-8,false,200,0,0,0,0
21,https://helpmyimg.com/ru/izmenit-fon/,"Биометрический паспорт, фото фона, смена цвета онлайн - HelpMyIMG",text/html; charset=utf-8,false,200,0,0,0,0
21,https://helpmyimg.com/ja/gazo-ri-saizu/,サイズ変更 画像 to 4x6 無料 - HelpMyIMG,text/html; charset=utf-8,false,200,0,0,0,0
21,https://helpmyimg.com/ms/menukar-latar-belakang-foto-kepada-putih/,Tukar Latar Belakang Foto kepada Putih - Sedia Amazon & E-dagang - HelpMyIMG,text/html; charset=utf-8,false,200,0,0,0,0
21,https://helpmyimg.com/th/remove-person-from-photo/,ลบบุคคลออกจากภาพถ่าย - ยางลบ Photobomb ฟรี - HelpMyIMG,text/html; charset=utf-8,false,200,0,0,0,0
21,https://helpmyimg.com/hi/watermark-lagao/,©️ वॉटरमार्क मेरी छवि - HelpMyIMG,text/html; charset=utf-8,false,200,0,0,0,0
21,https://helpmyimg.com/sv/ta-bort-bakgrund-frn-logotypen/,Ta bort bakgrund från logotyp gratis - Transparent PNG Maker - HelpMyIMG,text/html; charset=utf-8,false,200,0,0,0,0
21,https://helpmyimg.com/id/buat-watermark/,©️ Beri Watermark - HelpMyIMG,text/html; charset=utf-8,false,200,0,0,0,0
21,https://helpmyimg.com/uk/resize-photo-to-passport-size/,Змініть розмір фотографії до розміру паспорта - Visa & ID Maker - HelpMyIMG,text/html; charset=utf-8,false,200,0,0,0,0
21,https://helpmyimg.com/ms/ubah-saiz-gambar-kepada-saiz-pasport/,Ubah Saiz Foto kepada Saiz Pasport - Pembuat Visa & ID - HelpMyIMG,text/html; charset=utf-8,false,200,0,0,0,0
21,https://helpmyimg.com/ru/blur-license-plate/,Размытие номерного знака онлайн - автоматический цензор конфиденциальности - HelpMyIMG,text/html; charset=utf-8,false,200,0,0,0,0
21,https://helpmyimg.com/en/batch-watermark-photos/,Batch Watermark Photos - Bulk Logo Adder - HelpMyIMG,text/html; charset=utf-8,false,200,0,0,0,0
21,https://helpmyimg.com/tr/fotoraf-arka-plann-beyaza-evir/,Fotoğraf Arka Planını Beyaz Olarak Değiştirin - Amazon ve E-ticarete Hazır - HelpMyIMG,text/html; charset=utf-8,false,200,0,0,0,0
21,https://helpmyimg.com/sv/ta-bort-personen-frn-fotot/,Ta bort person från foto - Gratis Photobomb Eraser - HelpMyIMG,text/html; charset=utf-8,false,200,0,0,0,0
21,https://helpmyimg.com/vi/i-nn-nh-sang-mu-trng/,Thay đổi nền ảnh thành màu trắng - Sẵn sàng cho Amazon và thương mại điện tử - HelpMyIMG,text/html; charset=utf-8,false,200,0,0,0,0
21,https://helpmyimg.com/pt/cortar-imagem/,Estúdio Fotográfico Profissional Tudo-em-Um - HelpMyIMG,text/html; charset=utf-8,false,200,0,0,0,0
21,https://helpmyimg.com/da/komprimer-billede/,Komprimer Billede to 200KB Gratis - HelpMyIMG,text/html; charset=utf-8,false,200,0,0,0,0
21,https://helpmyimg.com/tl/i-convert-larawan/,I-convert WEBP to JPG Libre - HelpMyIMG,text/html; charset=utf-8,false,200,0,0,0,0
21,https://helpmyimg.com/nl/achtergrond-verwijderen/,✂️ Achtergrond Verwijderen - HelpMyIMG,text/html; charset=utf-8,false,200,0,0,0,0
21,https://helpmyimg.com/de/bild-komprimieren/,Komprimieren Bild to 200KB Kostenlos - HelpMyIMG,text/html; charset=utf-8,false,200,0,0,0,0
21,https://helpmyimg.com/ms/pangkas-imej/,Studio Foto Profesional & Kit Alat Pukal - HelpMyIMG,text/html; charset=utf-8,false,200,0,0,0,0
21,https://helpmyimg.com/pl/kompresja-obrazu-100kb/,Kompresuj obraz do 100 KB online bezpłatnie — szybko i prywatnie - HelpMyIMG,text/html; charset=utf-8,false,200,0,0,0,0
21,https://helpmyimg.com/es/comprimir-imagen-a-200kb/,Comprimir imagen a 200 KB: reductor de alta calidad - HelpMyIMG,text/html; charset=utf-8,false,200,0,0,0,0
21,https://helpmyimg.com/id/ambil-warna-gambar/,Studio Foto & Pengeditan Massal Profesional - HelpMyIMG,text/html; charset=utf-8,false,200,0,0,0,0
21,https://helpmyimg.com/hi/resize-photo-to-passport-size/,फोटो का आकार पासपोर्ट आकार में बदलें - वीज़ा और आईडी निर्माता - HelpMyIMG,text/html; charset=utf-8,false,200,0,0,0,0
21,https://helpmyimg.com/id/potong-gambar/,Studio Foto & Pengeditan Massal Profesional - HelpMyIMG,text/html; charset=utf-8,false,200,0,0,0,0
21,https://helpmyimg.com/ko/imiji-keugi-jojeong/,크기 조정 이미지 to 4x6 무료 - HelpMyIMG,text/html; charset=utf-8,false,200,0,0,0,0
21,https://helpmyimg.com/id/kompres-gambar/,Kompres 20 Foto Sekaligus Online Gratis (Batch ZIP Download) - HelpMyIMG,text/html; charset=utf-8,false,200,0,0,0,0
21,https://helpmyimg.com/de/fortgeschrittener-editor/,Professionelles All-in-One Fotostudio & Toolkit - HelpMyIMG,text/html; charset=utf-8,false,200,0,0,0,0
21,https://helpmyimg.com/cs/oriznuti-obrazku/,Profesionální fotografické studio a sada nástrojů pro hromadné zpracování - HelpMyIMG,text/html; charset=utf-8,false,200,0,0,0,0
21,https://helpmyimg.com/da/ndre-fotobaggrund-til-hvid/,Skift fotobaggrund til hvid - klar til Amazon og e-handel - HelpMyIMG,text/html; charset=utf-8,false,200,0,0,0,0
21,https://helpmyimg.com/es/selector-de-color/,Estudio Fotográfico Profesional Todo en Uno - HelpMyIMG,text/html; charset=utf-8,false,200,0,0,0,0
21,https://helpmyimg.com/ru/razmyt-litso/,Профессиональная фотостудия «Все в одном» - HelpMyIMG,text/html; charset=utf-8,false,200,0,0,0,0
21,https://helpmyimg.com/he/orech-itzuv/,סטודיו לצילום מקצועי וערכת כלים בתפזורת - HelpMyIMG,text/html; charset=utf-8,false,200,0,0,0,0
21,https://helpmyimg.com/hi/background-badlo/,बायोमेट्रिक पासपोर्ट फोटो पृष्ठभूमि रंग परिवर्तक ऑनलाइन - HelpMyIMG,text/html; charset=utf-8,false,200,0,0,0,0
21,https://helpmyimg.com/fi/hmrt-rekisterikilpi/,Sumenna rekisterikilpi verkossa - Auto Privacy Sensori - HelpMyIMG,text/html; charset=utf-8,false,200,0,0,0,0
21,https://helpmyimg.com/sv/konvertera-bild/,Konvertera WEBP to JPG Gratis - HelpMyIMG,text/html; charset=utf-8,false,200,0,0,0,0
21,https://helpmyimg.com/vi/dong-dau-anh/,©️ Hình mờ hình ảnh của tôi - HelpMyIMG,text/html; charset=utf-8,false,200,0,0,0,0
21,https://helpmyimg.com/fi/muuta-valokuvan-tausta-valkoiseksi/,Muuta valokuvan tausta valkoiseksi – valmis Amazonin ja verkkokaupan käyttöön - HelpMyIMG,text/html; charset=utf-8,false,200,0,0,0,0
21,https://helpmyimg.com/ru/povernut-izobrazhenie/,Профессиональная фотостудия «Все в одном» - HelpMyIMG,text/html; charset=utf-8,false,200,0,0,0,0
21,https://helpmyimg.com/ar/daght-sura/,ضغط صورة to 200KB مجاني - HelpMyIMG,text/html; charset=utf-8,false,200,0,0,0,0
21,https://helpmyimg.com/tl/i-rotate-larawan/,Propesyonal na Photo Studio at Bulk Toolkit - HelpMyIMG,text/html; charset=utf-8,false,200,0,0,0,0
21,https://helpmyimg.com/zh/convertwebp/,免费将 WEBP 转换为 JPG - 图像转换器 - HelpMyIMG,text/html; charset=utf-8,false,200,0,0,0,0
21,https://helpmyimg.com/cs/prevod-obrazku/,Převést WEBP to JPG Zdarma - HelpMyIMG,text/html; charset=utf-8,false,200,0,0,0,0
21,https://helpmyimg.com/it/rimuovere-la-persona-dalla-foto/,Rimuovi persona dalla foto: gomma per Photobomb gratuita - HelpMyIMG,text/html; charset=utf-8,false,200,0,0,0,0
21,https://helpmyimg.com/ar/taghyir-hajm/,تغيير الحجم صورة to 4x6 مجاني - HelpMyIMG,text/html; charset=utf-8,false,200,0,0,0,0
21,https://helpmyimg.com/tr/arka-plan-degistir/,Biyometrik Pasaport Fotoğrafı Arka Plan Renk Değiştirici Çevrimiçi - HelpMyIMG,text/html; charset=utf-8,false,200,0,0,0,0
21,https://helpmyimg.com/el/sympiesi-se-50kb/,Συμπίεση εικόνας σε 50 KB - Έξυπνη συμπίεση WebGPU - HelpMyIMG,text/html; charset=utf-8,false,200,0,0,0,0
21,https://helpmyimg.com/ms/alih-keluar-latar-belakang-daripada-logo/,Alih Keluar Latar Belakang daripada Logo Percuma - Pembuat PNG Lutsinar - HelpMyIMG,text/html; charset=utf-8,false,200,0,0,0,0
21,https://helpmyimg.com/ar/change-photo-background-to-white/,تغيير خلفية الصورة إلى اللون الأبيض - جاهز لأمازون والتجارة الإلكترونية - HelpMyIMG,text/html; charset=utf-8,false,200,0,0,0,0
21,https://helpmyimg.com/ru/remove-background-from-logo/,Удалить фон из логотипа бесплатно — Создатель PNG с прозрачным фоном - HelpMyIMG,text/html; charset=utf-8,false,200,0,0,0,0
21,https://helpmyimg.com/vi/nen-anh-100kb/,Nén hình ảnh trực tuyến miễn phí xuống 100KB - Nhanh chóng và riêng tư - HelpMyIMG,text/html; charset=utf-8,false,200,0,0,0,0
21,https://helpmyimg.com/ja/gazo-asshuku-100kb/,画像をオンラインで無料で 100KB に圧縮 - 高速かつプライベート - HelpMyIMG,text/html; charset=utf-8,false,200,0,0,0,0
21,https://helpmyimg.com/ko/change-photo-background-to-white/,사진 배경을 흰색으로 변경 - Amazon 및 전자상거래 지원 - HelpMyIMG,text/html; charset=utf-8,false,200,0,0,0,0
21,https://helpmyimg.com/vi/trinh-chinh-sua/,Studio ảnh chuyên nghiệp & Bộ công cụ hàng loạt - HelpMyIMG,text/html; charset=utf-8,false,200,0,0,0,0
21,https://helpmyimg.com/zh/removeperson/,从照片中删除人物 - 免费照片炸弹橡皮擦 - HelpMyIMG,text/html; charset=utf-8,false,200,0,0,0,0
21,https://helpmyimg.com/ms/foto-tera-air-kumpulan/,Foto Teratai Air Berkumpulan - Penambah Logo Pukal - HelpMyIMG,text/html; charset=utf-8,false,200,0,0,0,0
21,https://helpmyimg.com/sv/komprimera-bild/,Komprimera Bild to 200KB Gratis - HelpMyIMG,text/html; charset=utf-8,false,200,0,0,0,0
21,https://helpmyimg.com/de/hintergrund-entfernen/,✂️ Hintergrund entfernen - HelpMyIMG,text/html; charset=utf-8,false,200,0,0,0,0
21,https://helpmyimg.com/vi/bin-s-xe-m/,Làm mờ biển số xe trực tuyến - Tự động kiểm duyệt quyền riêng tư - HelpMyIMG,text/html; charset=utf-8,false,200,0,0,0,0
21,https://helpmyimg.com/sv/komprimera-bild-100kb/,Komprimera bild till 100KB online gratis - snabbt och privat - HelpMyIMG,text/html; charset=utf-8,false,200,0,0,0,0
21,https://helpmyimg.com/it/selettore-colore/,Studio fotografico professionale e kit di strumenti in blocco - HelpMyIMG,text/html; charset=utf-8,false,200,0,0,0,0
21,https://helpmyimg.com/it/filigrana/,©️ Filigrana la mia immagine - HelpMyIMG,text/html; charset=utf-8,false,200,0,0,0,0
21,https://helpmyimg.com/no/fjern-bakgrunn/,✂️ Fjern Bakgrunn - HelpMyIMG,text/html; charset=utf-8,false,200,0,0,0,0
21,https://helpmyimg.com/de/magic-brush/,Manueller Pinsel - HelpMyIMG,text/html; charset=utf-8,false,200,0,0,0,0
21,https://helpmyimg.com/tl/resize-image-for-instagram/,I-resize para sa Instagram - HelpMyIMG,text/html; charset=utf-8,false,200,0,0,0,0
21,https://helpmyimg.com/pt/seletor-de-cores/,Estúdio Fotográfico Profissional Tudo-em-Um - HelpMyIMG,text/html; charset=utf-8,false,200,0,0,0,0
21,https://helpmyimg.com/es/marca-de-agua/,©️ Marca de agua en mi imagen - HelpMyIMG,text/html; charset=utf-8,false,200,0,0,0,0
21,https://helpmyimg.com/da/roter-billede/,Professionelt fotostudie og bulk-værktøjssæt - HelpMyIMG,text/html; charset=utf-8,false,200,0,0,0,0
21,https://helpmyimg.com/hu/kep-tomorites-50kb/,Kép tömörítése 50 KB-ra – Intelligens WebGPU-tömörítés - HelpMyIMG,text/html; charset=utf-8,false,200,0,0,0,0
21,https://helpmyimg.com/pl/kompresja-obrazu-50kb/,Kompresuj obraz do 50 KB — inteligentna kompresja WebGPU - HelpMyIMG,text/html; charset=utf-8,false,200,0,0,0,0
21,https://helpmyimg.com/ko/200kb/,이미지를 200KB로 압축 - 고품질 감속기 - HelpMyIMG,text/html; charset=utf-8,false,200,0,0,0,0
21,https://helpmyimg.com/zh/yasuo-tupian/,压缩 图片 to 200KB 免费 - HelpMyIMG,text/html; charset=utf-8,false,200,0,0,0,0
21,https://helpmyimg.com/pt/remover-pessoa-da-foto/,Remover pessoa da foto - Photobomb Eraser grátis - HelpMyIMG,text/html; charset=utf-8,false,200,0,0,0,0
21,https://helpmyimg.com/ro/fotografii-cu-filigran-n-lot/,Fotografii cu filigran în lot - Adăugător de logo în vrac - HelpMyIMG,text/html; charset=utf-8,false,200,0,0,0,0
21,https://helpmyimg.com/hu/ktegelt-vzjel-fotk/,Batch Watermark Photos - Tömeges Logo Adder - HelpMyIMG,text/html; charset=utf-8,false,200,0,0,0,0
21,https://helpmyimg.com/fr/changer-fond/,Changeur de couleur de fond de photo de passeport biométrique en ligne - HelpMyIMG,text/html; charset=utf-8,false,200,0,0,0,0
21,https://helpmyimg.com/de/gesicht-verwischen/,Professionelles All-in-One Fotostudio & Toolkit - HelpMyIMG,text/html; charset=utf-8,false,200,0,0,0,0
21,https://helpmyimg.com/uk/rozshyrenyy-redaktor/,Професійна фотостудія та набір інструментів - HelpMyIMG,text/html; charset=utf-8,false,200,0,0,0,0
21,https://helpmyimg.com/ro/rotire-imagine/,Studio foto profesional și set de instrumente în vrac - HelpMyIMG,text/html; charset=utf-8,false,200,0,0,0,0
21,https://helpmyimg.com/cs/zmnit-pozad-fotografie-na-bl/,Změnit fotografické pozadí na bílé – připraveno pro Amazon a elektronický obchod - HelpMyIMG,text/html; charset=utf-8,false,200,0,0,0,0
21,https://helpmyimg.com/hu/magic-brush/,Kézi Ecset - HelpMyIMG,text/html; charset=utf-8,false,200,0,0,0,0
21,https://helpmyimg.com/en/image-color-picker/,Professional Photo Studio & Bulk Toolkit - HelpMyIMG,text/html; charset=utf-8,false,200,0,0,0,0
21,https://helpmyimg.com/uk/vydalyty-tlo/,✂️ Видалити Фон - HelpMyIMG,text/html; charset=utf-8,false,200,0,0,0,0
21,https://helpmyimg.com/pl/wsadowe-zdjcia-ze-znakiem-wodnym/,Zdjęcia wsadowe ze znakiem wodnym — zbiorczy dodatek do logo - HelpMyIMG,text/html; charset=utf-8,false,200,0,0,0,0
21,https://helpmyimg.com/en/resize-image-for-instagram/,Resize Image for Instagram Online - No Cropping Required - HelpMyIMG,text/html; charset=utf-8,false,200,0,0,0,0
21,https://helpmyimg.com/ms/pemilih-warna/,Studio Foto Profesional & Kit Alat Pukal - HelpMyIMG,text/html; charset=utf-8,false,200,0,0,0,0
21,https://helpmyimg.com/id/kompres-foto-50kb/,Compress Image to 50KB - Smart WebGPU Compression - HelpMyIMG,text/html; charset=utf-8,false,200,0,0,0,0
21,https://helpmyimg.com/ro/comprimare-imagine-100kb/,Comprimați imaginea la 100KB online gratuit - rapid și privat - HelpMyIMG,text/html; charset=utf-8,false,200,0,0,0,0
21,https://helpmyimg.com/ms/ubah-saiz-imej/,Ubah Saiz Imej to 4x6 Percuma - HelpMyIMG,text/html; charset=utf-8,false,200,0,0,0,0
21,https://helpmyimg.com/es/eliminar-el-fondo-del-logo/,Eliminar fondo del logotipo gratis - Creador de PNG transparente - HelpMyIMG,text/html; charset=utf-8,false,200,0,0,0,0
21,https://helpmyimg.com/fi/poista-tausta-logosta/,Poista tausta Logo Free - Transparent PNG Maker - HelpMyIMG,text/html; charset=utf-8,false,200,0,0,0,0
21,https://helpmyimg.com/es/comprimir-imagen-a-50kb/,Comprimir imagen a 50 KB: compresión WebGPU inteligente - HelpMyIMG,text/html; charset=utf-8,false,200,0,0,0,0
21,https://helpmyimg.com/zh/caijian-tupian/,专业级一站式批量图像处理与摄影工作室 - HelpMyIMG,text/html; charset=utf-8,false,200,0,0,0,0
21,https://helpmyimg.com/es/cambiar-el-fondo-de-la-foto-a-blanco/,Cambie el fondo de la foto a blanco: listo para Amazon y comercio electrónico - HelpMyIMG,text/html; charset=utf-8,false,200,0,0,0,0
21,https://helpmyimg.com/hi/image-compress-50kb/,छवि को 50KB तक संपीड़ित करें - स्मार्ट वेबजीपीयू संपीड़न - HelpMyIMG,text/html; charset=utf-8,false,200,0,0,0,0
21,https://helpmyimg.com/no/endre-strrelsen-p-bildet-til-passstrrelsen/,Endre størrelse på bilde til passstørrelse - Visum- og ID-maker - HelpMyIMG,text/html; charset=utf-8,false,200,0,0,0,0
21,https://helpmyimg.com/uk/rozmyty-oblychchya/,Професійна фотостудія та набір інструментів - HelpMyIMG,text/html; charset=utf-8,false,200,0,0,0,0
21,https://helpmyimg.com/ko/woteomakeu/,©️ 내 이미지 워터마크 - HelpMyIMG,text/html; charset=utf-8,false,200,0,0,0,0
21,https://helpmyimg.com/fi/kehittynyt-editori/,Ammattimainen valokuvastudio ja joukkotyökalupakki - HelpMyIMG,text/html; charset=utf-8,false,200,0,0,0,0
21,https://helpmyimg.com/ro/editor-avansat/,Studio foto profesional și set de instrumente în vrac - HelpMyIMG,text/html; charset=utf-8,false,200,0,0,0,0
21,https://helpmyimg.com/ru/change-photo-background-to-white/,Изменение фона фотографии на белый — поддержка Amazon и электронной коммерции - HelpMyIMG,text/html; charset=utf-8,false,200,0,0,0,0
21,https://helpmyimg.com/en/convert-webp-to-jpg/,Convert WEBP to JPG Free - Image Converter - HelpMyIMG,text/html; charset=utf-8,false,200,0,0,0,0
21,https://helpmyimg.com/vi/doi-nen/,Sinh trắc học Ảnh hộ chiếu Đổi màu nền trực tuyến - HelpMyIMG,text/html; charset=utf-8,false,200,0,0,0,0
21,https://helpmyimg.com/tl/watermark/,©️ Watermark Aking Larawan - HelpMyIMG,text/html; charset=utf-8,false,200,0,0,0,0
21,https://helpmyimg.com/ar/200/,ضغط الصورة إلى 200 كيلو بايت - مخفض الجودة العالية - HelpMyIMG,text/html; charset=utf-8,false,200,0,0,0,0
21,https://helpmyimg.com/hi/200kb/,छवि को 200KB तक संपीड़ित करें - उच्च गुणवत्ता वाला रेड्यूसर - HelpMyIMG,text/html; charset=utf-8,false,200,0,0,0,0
21,https://helpmyimg.com/th/bip-ad-rup-phap-100kb/,บีบอัดรูปภาพเป็น 100KB ออนไลน์ฟรี - รวดเร็วและเป็นส่วนตัว - HelpMyIMG,text/html; charset=utf-8,false,200,0,0,0,0
21,https://helpmyimg.com/id/ubah-background-foto-menjadi-putih/,Ubah Latar Belakang Foto menjadi Putih - Amazon & E-commerce Siap - HelpMyIMG,text/html; charset=utf-8,false,200,0,0,0,0
21,https://helpmyimg.com/no/sladd-ansikt/,Profesjonelt fotostudio og bulkverktøysett - HelpMyIMG,text/html; charset=utf-8,false,200,0,0,0,0
21,https://helpmyimg.com/he/shinui-reka/,מחלף צבעי רקע של תמונת דרכון ביומטרי באינטרנט - HelpMyIMG,text/html; charset=utf-8,false,200,0,0,0,0
21,https://helpmyimg.com/pt/comprimir-imagem-para-200kb/,Compactar imagem para 200 KB - Redutor de alta qualidade - HelpMyIMG,text/html; charset=utf-8,false,200,0,0,0,0
21,https://helpmyimg.com/no/beskjaer-bilde/,Profesjonelt fotostudio og bulkverktøysett - HelpMyIMG,text/html; charset=utf-8,false,200,0,0,0,0
21,https://helpmyimg.com/sv/rotera-bild/,Professionell fotostudio & Bulk Toolkit - HelpMyIMG,text/html; charset=utf-8,false,200,0,0,0,0
21,https://helpmyimg.com/th/plian-phun-lang/,เปลี่ยนสีพื้นหลังภาพถ่ายหนังสือเดินทางไบโอเมตริกซ์ออนไลน์ - HelpMyIMG,text/html; charset=utf-8,false,200,0,0,0,0
21,https://helpmyimg.com/nl/afbeelding-comprimeren/,Comprimeren Afbeelding to 200KB Gratis - HelpMyIMG,text/html; charset=utf-8,false,200,0,0,0,0
21,https://helpmyimg.com/vi/chuyn-webp-sang-jpg/,Chuyển đổi WEBP sang JPG miễn phí - Chuyển đổi hình ảnh - HelpMyIMG,text/html; charset=utf-8,false,200,0,0,0,0
21,https://helpmyimg.com/it/ridimensionare-la-foto-in-formato-tessera/,Ridimensiona la foto alle dimensioni del passaporto - Visa & ID Maker - HelpMyIMG,text/html; charset=utf-8,false,200,0,0,0,0
21,https://helpmyimg.com/ms/tukar-latar-belakang/,Penukar Warna Latar Belakang Foto Pasport Biometrik Dalam Talian - HelpMyIMG,text/html; charset=utf-8,false,200,0,0,0,0
21,https://helpmyimg.com/id/mengubah-ukuran-foto-menjadi-ukuran-paspor/,Ubah Ukuran Foto menjadi Ukuran Paspor - Pembuat Visa & ID - HelpMyIMG,text/html; charset=utf-8,false,200,0,0,0,0
21,https://helpmyimg.com/es/cambiar-el-tamao-de-la-foto-al-tamao-pasaporte/,Cambiar el tamaño de la foto al tamaño de pasaporte - Visa & ID Maker - HelpMyIMG,text/html; charset=utf-8,false,200,0,0,0,0
21,https://helpmyimg.com/no/fjern-person-fra-bildet/,Fjern person fra bilde - Gratis Photobomb Eraser - HelpMyIMG,text/html; charset=utf-8,false,200,0,0,0,0
21,https://helpmyimg.com/no/komprimere-bildet-til-200kb/,Komprimer bildet til 200KB - Høykvalitetsreduksjon - HelpMyIMG,text/html; charset=utf-8,false,200,0,0,0,0
21,https://helpmyimg.com/ko/blur-license-plate/,온라인으로 번호판 흐리게 처리 - 자동 개인정보 보호 센서 - HelpMyIMG,text/html; charset=utf-8,false,200,0,0,0,0
21,https://helpmyimg.com/vi/nn-nh-xung-200kb/,Nén hình ảnh xuống 200KB - Giảm chất lượng cao - HelpMyIMG,text/html; charset=utf-8,false,200,0,0,0,0
21,https://helpmyimg.com/no/konverter-webp-til-jpg/,Konverter WEBP til JPG Free - Image Converter - HelpMyIMG,text/html; charset=utf-8,false,200,0,0,0,0
21,https://helpmyimg.com/vi/doi-kich-thuoc-instagram/,Thay đổi kích thước hình ảnh cho Instagram trực tuyến - Không cần cắt xén - HelpMyIMG,text/html; charset=utf-8,false,200,0,0,0,0
21,https://helpmyimg.com/ja/resize-photo-to-passport-size/,写真のサイズをパスポートサイズに変更 - ビザとIDメーカー - HelpMyIMG,text/html; charset=utf-8,false,200,0,0,0,0
21,https://helpmyimg.com/es/eliminar-persona-de-la-foto/,Eliminar persona de la foto - Borrador de Photobomb gratuito - HelpMyIMG,text/html; charset=utf-8,false,200,0,0,0,0
21,https://helpmyimg.com/da/ndre-strrelsen-p-billedet-til-passtrrelsen/,Ændr størrelsen på billedet til passtørrelsen - Visa & ID Maker - HelpMyIMG,text/html; charset=utf-8,false,200,0,0,0,0
21,https://helpmyimg.com/tr/resim-sikistir/,Sıkıştır Resim to 200KB Ücretsiz - HelpMyIMG,text/html; charset=utf-8,false,200,0,0,0,0
21,https://helpmyimg.com/ro/schimbare-fundal/,Schimbator de culoare de fundal a fotografiilor de pașaport biometric online - HelpMyIMG,text/html; charset=utf-8,false,200,0,0,0,0
21,https://helpmyimg.com/el/perikopi-eikonas/,Επαγγελματικό Photo Studio & Bulk Toolkit - HelpMyIMG,text/html; charset=utf-8,false,200,0,0,0,0
21,https://helpmyimg.com/fi/pakkaa-kuva/,Pakkaa Kuva to 200KB Ilmainen - HelpMyIMG,text/html; charset=utf-8,false,200,0,0,0,0
21,https://helpmyimg.com/nl/kentekenplaat-vervagen/,Kentekenplaat online vervagen - Automatische privacycensor - HelpMyIMG,text/html; charset=utf-8,false,200,0,0,0,0
21,https://helpmyimg.com/no/uskarp-bilskilt/,Blur License Plate Online - Auto Privacy Censor - HelpMyIMG,text/html; charset=utf-8,false,200,0,0,0,0
21,https://helpmyimg.com/fi/muunna-kuva/,Muunna WEBP to JPG Ilmainen - HelpMyIMG,text/html; charset=utf-8,false,200,0,0,0,0
21,https://helpmyimg.com/nl/afbeelding-comprimeren-50kb/,Comprimeer afbeelding tot 50 KB - Slimme WebGPU-compressie - HelpMyIMG,text/html; charset=utf-8,false,200,0,0,0,0
21,https://helpmyimg.com/pl/zmien-tlo/,Zmieniacz koloru tła zdjęcia paszportu biometrycznego online - HelpMyIMG,text/html; charset=utf-8,false,200,0,0,0,0
21,https://helpmyimg.com/cs/zmnit-velikost-fotografie-na-velikost-pasu/,Změna velikosti fotografie na velikost pasu – Visa & ID Maker - HelpMyIMG,text/html; charset=utf-8,false,200,0,0,0,0
21,https://helpmyimg.com/tr/fotoraf-pasaport-boyutuna-gre-yeniden-boyutlandr/,Fotoğrafı Pasaport Boyutuna Yeniden Boyutlandır - Vize ve Kimlik Oluşturucu - HelpMyIMG,text/html; charset=utf-8,false,200,0,0,0,0
21,https://helpmyimg.com/pl/zmiana-rozmiaru/,Zmień rozmiar Obraz to 4x6 Za darmo - HelpMyIMG,text/html; charset=utf-8,false,200,0,0,0,0
21,https://helpmyimg.com/en/compress-image-to-100kb/,Compress Image to 100KB Online Free - Fast & Private - HelpMyIMG,text/html; charset=utf-8,false,200,0,0,0,0
21,https://helpmyimg.com/vi/xoay-anh/,Studio ảnh chuyên nghiệp & Bộ công cụ hàng loạt - HelpMyIMG,text/html; charset=utf-8,false,200,0,0,0,0
21,https://helpmyimg.com/el/batch-watermark-photos/,Μαζικές φωτογραφίες υδατογραφήματος - Μαζική προσθήκη λογότυπων - HelpMyIMG,text/html; charset=utf-8,false,200,0,0,0,0
21,https://helpmyimg.com/ko/imiji-abchuk-100kb/,온라인에서 무료로 이미지를 100KB로 압축 - 빠르고 비공개 - HelpMyIMG,text/html; charset=utf-8,false,200,0,0,0,0
21,https://helpmyimg.com/en/rotate-image/,Professional Photo Studio & Bulk Toolkit - HelpMyIMG,text/html; charset=utf-8,false,200,0,0,0,0
21,https://helpmyimg.com/fr/compresser-image-100ko/,Compresser l'image à 100 Ko en ligne gratuitement - Rapide et privé - HelpMyIMG,text/html; charset=utf-8,false,200,0,0,0,0
21,https://helpmyimg.com/vi/nen-anh/,Nén Hình ảnh to 200KB Miễn phí - HelpMyIMG,text/html; charset=utf-8,false,200,0,0,0,0
21,https://helpmyimg.com/pl/zmie-rozmiar-zdjcia-na-rozmiar-paszportowy/,Zmień rozmiar zdjęcia na rozmiar paszportu - narzędzie do tworzenia wiz i dokumentów tożsamości - HelpMyIMG,text/html; charset=utf-8,false,200,0,0,0,0
21,https://helpmyimg.com/id/putar-gambar/,Studio Foto & Pengeditan Massal Profesional - HelpMyIMG,text/html; charset=utf-8,false,200,0,0,0,0
21,https://helpmyimg.com/pl/rozmycie-twarzy/,Profesjonalne studio fotograficzne i zestaw narzędzi zbiorczych - HelpMyIMG,text/html; charset=utf-8,false,200,0,0,0,0
21,https://helpmyimg.com/ko/eolgul-beulleo/,전문가용 올인원 포토 스튜디오 & 대량 편집기 - HelpMyIMG,text/html; charset=utf-8,false,200,0,0,0,0
21,https://helpmyimg.com/uk/webp-jpg/,Безкоштовно конвертуйте WEBP у JPG - конвертер зображень - HelpMyIMG,text/html; charset=utf-8,false,200,0,0,0,0
21,https://helpmyimg.com/da/slre-nummerplade/,Sløring af nummerplade online - Auto Privacy Censor - HelpMyIMG,text/html; charset=utf-8,false,200,0,0,0,0
21,https://helpmyimg.com/fr/convertir-image/,Convertir WEBP to JPG Gratuit - HelpMyIMG,text/html; charset=utf-8,false,200,0,0,0,0
21,https://helpmyimg.com/el/allagi-megethous/,Αλλαγή μεγέθους Εικόνα to 4x6 Δωρεάν - HelpMyIMG,text/html; charset=utf-8,false,200,0,0,0,0
21,https://helpmyimg.com/el/resize-photo-to-passport-size/,Αλλαγή μεγέθους φωτογραφίας σε μέγεθος διαβατηρίου - Visa & ID Maker - HelpMyIMG,text/html; charset=utf-8,false,200,0,0,0,0
21,https://helpmyimg.com/ru/szhat-izobrazhenie-50kb/,Сжатие изображения до 50 КБ — интеллектуальное сжатие WebGPU - HelpMyIMG,text/html; charset=utf-8,false,200,0,0,0,0
21,https://helpmyimg.com/vi/xa-nn-khi-logo/,Xóa nền khỏi Logo miễn phí - Transparent PNG Maker - HelpMyIMG,text/html; charset=utf-8,false,200,0,0,0,0
21,https://helpmyimg.com/he/shinui-godel/,שינוי גודל תמונה to 4x6 חינם - HelpMyIMG,text/html; charset=utf-8,false,200,0,0,0,0
21,https://helpmyimg.com/pl/zamazana-tablica-rejestracyjna/,Zamazanie tablicy rejestracyjnej online — automatyczna cenzura prywatności - HelpMyIMG,text/html; charset=utf-8,false,200,0,0,0,0
21,https://helpmyimg.com/th/magic-brush/,แปรงแมนนวล - HelpMyIMG,text/html; charset=utf-8,false,200,0,0,0,0
21,https://helpmyimg.com/ro/eliminare-fundal/,✂️ Elimină Fundalul - HelpMyIMG,text/html; charset=utf-8,false,200,0,0,0,0
21,https://helpmyimg.com/ko/imiji-abchuk-50kb/,이미지를 50KB로 압축 - 스마트 WebGPU 압축 - HelpMyIMG,text/html; charset=utf-8,false,200,0,0,0,0
21,https://helpmyimg.com/ko/webp-jpg/,무료로 WEBP를 JPG로 변환 - 이미지 변환기 - HelpMyIMG,text/html; charset=utf-8,false,200,0,0,0,0
21,https://helpmyimg.com/uk/zminyty-tlo/,Зміна кольору тла біометричної фотографії паспорта онлайн - HelpMyIMG,text/html; charset=utf-8,false,200,0,0,0,0
21,https://helpmyimg.com/ru/remove-person-from-photo/,Удалить человека с фотографии — бесплатный ластик для фотобомбы - HelpMyIMG,text/html; charset=utf-8,false,200,0,0,0,0
21,https://helpmyimg.com/ru/obrezat-izobrazhenie/,Профессиональная фотостудия «Все в одном» - HelpMyIMG,text/html; charset=utf-8,false,200,0,0,0,0
21,https://helpmyimg.com/ro/decupare-imagine/,Studio foto profesional și set de instrumente în vrac - HelpMyIMG,text/html; charset=utf-8,false,200,0,0,0,0
21,https://helpmyimg.com/tl/i-compress-larawan/,I-compress Larawan to 200KB Libre - HelpMyIMG,text/html; charset=utf-8,false,200,0,0,0,0
21,https://helpmyimg.com/ms/mampatkan-imej-kepada-200kb/,Mampatkan Imej kepada 200KB - Pengurangan Kualiti Tinggi - HelpMyIMG,text/html; charset=utf-8,false,200,0,0,0,0
21,https://helpmyimg.com/ms/editor-reka-bentuk/,Studio Foto Profesional & Kit Alat Pukal - HelpMyIMG,text/html; charset=utf-8,false,200,0,0,0,0
21,https://helpmyimg.com/hu/instagram-atmeretezes/,Kép átméretezése az Instagram Online számára – nincs szükség vágásra - HelpMyIMG,text/html; charset=utf-8,false,200,0,0,0,0
21,https://helpmyimg.com/it/cambia-sfondo/,Cambia colore di sfondo biometrico per foto di passaporto online - HelpMyIMG,text/html; charset=utf-8,false,200,0,0,0,0
21,https://helpmyimg.com/nl/afbeelding-converteren/,Converteren WEBP to JPG Gratis - HelpMyIMG,text/html; charset=utf-8,false,200,0,0,0,0
21,https://helpmyimg.com/ko/batch-watermark-photos/,일괄 워터마크 사진 - 대량 로고 추가기 - HelpMyIMG,text/html; charset=utf-8,false,200,0,0,0,0
21,https://helpmyimg.com/hu/kep-konvertalas/,Konvertálás WEBP to JPG Ingyenes - HelpMyIMG,text/html; charset=utf-8,false,200,0,0,0,0
21,https://helpmyimg.com/he/hamarat-tmuna/,המרה WEBP to JPG חינם - HelpMyIMG,text/html; charset=utf-8,false,200,0,0,0,0
21,https://helpmyimg.com/fr/compresser-image/,Compresser Image to 200KB Gratuit - HelpMyIMG,text/html; charset=utf-8,false,200,0,0,0,0
21,https://helpmyimg.com/th/blae-na/,สตูดิโอถ่ายภาพระดับมืออาชีพและชุดเครื่องมือจำนวนมาก - HelpMyIMG,text/html; charset=utf-8,false,200,0,0,0,0
21,https://helpmyimg.com/vi/xa-ngi-khi-nh/,Xóa người khỏi ảnh - Công cụ xóa Photobomb miễn phí - HelpMyIMG,text/html; charset=utf-8,false,200,0,0,0,0
21,https://helpmyimg.com/pl/usu-to-z-logo/,Usuń tło z logo za darmo - przezroczysty kreator PNG - HelpMyIMG,text/html; charset=utf-8,false,200,0,0,0,0
21,https://helpmyimg.com/ko/dijain-editeo/,전문가용 올인원 포토 스튜디오 & 대량 편집기 - HelpMyIMG,text/html; charset=utf-8,false,200,0,0,0,0
21,https://helpmyimg.com/el/epilogi-chromatos/,Επαγγελματικό Photo Studio & Bulk Toolkit - HelpMyIMG,text/html; charset=utf-8,false,200,0,0,0,0
21,https://helpmyimg.com/id/hapus-latar-belakang/,✂️ Hapus Background - HelpMyIMG,text/html; charset=utf-8,false,200,0,0,0,0
21,https://helpmyimg.com/zh/tiaozheng-ins-chicun/,在线调整 Instagram 图像大小 - 无需裁剪 - HelpMyIMG,text/html; charset=utf-8,false,200,0,0,0,0
21,https://helpmyimg.com/fr/flouter-la-plaque-dimmatriculation/,Flou de plaque d'immatriculation en ligne - Censure automatique de la confidentialité - HelpMyIMG,text/html; charset=utf-8,false,200,0,0,0,0
21,https://helpmyimg.com/ko/saek-chuchul/,전문가용 올인원 포토 스튜디오 & 대량 편집기 - HelpMyIMG,text/html; charset=utf-8,false,200,0,0,0,0
21,https://helpmyimg.com/da/skift-baggrund/,Biometrisk pasfoto baggrundsfarve skifter online - HelpMyIMG,text/html; charset=utf-8,false,200,0,0,0,0
21,https://helpmyimg.com/vi/magic-brush/,Cọ Thủ Công - HelpMyIMG,text/html; charset=utf-8,false,200,0,0,0,0
21,https://helpmyimg.com/el/peristrafi-eikonas/,Επαγγελματικό Photo Studio & Bulk Toolkit - HelpMyIMG,text/html; charset=utf-8,false,200,0,0,0,0
21,https://helpmyimg.com/pl/obroc-obraz/,Profesjonalne studio fotograficzne i zestaw narzędzi zbiorczych - HelpMyIMG,text/html; charset=utf-8,false,200,0,0,0,0
21,https://helpmyimg.com/ja/remove-person-from-photo/,写真から人物を削除 - 無料の Photobomb Eraser - HelpMyIMG,text/html; charset=utf-8,false,200,0,0,0,0
21,https://helpmyimg.com/de/bild-fuer-instagram-skalieren/,Bildgröße für Instagram online ändern – kein Zuschneiden erforderlich - HelpMyIMG,text/html; charset=utf-8,false,200,0,0,0,0
21,https://helpmyimg.com/tl/removelogo/,Alisin ang logo - HelpMyIMG,text/html; charset=utf-8,false,200,0,0,0,0
21,https://helpmyimg.com/ko/resize-photo-to-passport-size/,여권 크기에 맞게 사진 크기 조정 - Visa & ID Maker - HelpMyIMG,text/html; charset=utf-8,false,200,0,0,0,0
21,https://helpmyimg.com/hi/image-convert/,बदलें WEBP to JPG मुफ़्त - HelpMyIMG,text/html; charset=utf-8,false,200,0,0,0,0
21,https://helpmyimg.com/id/ubah-ukuran-instagram/,Resize Image for Instagram Online - No Cropping Required - HelpMyIMG,text/html; charset=utf-8,false,200,0,0,0,0
21,https://helpmyimg.com/hi/remove-background-from-logo/,लोगो से पृष्ठभूमि हटाएँ मुफ़्त - पारदर्शी पीएनजी निर्माता - HelpMyIMG,text/html; charset=utf-8,false,200,0,0,0,0
21,https://helpmyimg.com/zh/yanse-xuanze/,专业级一站式批量图像处理与摄影工作室 - HelpMyIMG,text/html; charset=utf-8,false,200,0,0,0,0
21,https://helpmyimg.com/ar/qass-sura/,الاستوديو الاحترافي الشامل لتحرير الصور والمعالجة الجماعية - HelpMyIMG,text/html; charset=utf-8,false,200,0,0,0,0
21,https://helpmyimg.com/ru/udalit-fon/,✂️ Удалить Фон - HelpMyIMG,text/html; charset=utf-8,false,200,0,0,0,0
21,https://helpmyimg.com/id/ubah-format-gambar/,Ubah PNG Transparan Jadi JPG Putih (Otomatis) - HelpMyIMG,text/html; charset=utf-8,false,200,0,0,0,0
21,https://helpmyimg.com/ja/batch-watermark-photos/,ウォーターマーク写真のバッチ - 一括ロゴ追加 - HelpMyIMG,text/html; charset=utf-8,false,200,0,0,0,0
21,https://helpmyimg.com/no/konverter-bilde/,Konverter WEBP to JPG Gratis - HelpMyIMG,text/html; charset=utf-8,false,200,0,0,0,0
21,https://helpmyimg.com/ms/tanda-air/,©️ Tera Air Imej Saya - HelpMyIMG,text/html; charset=utf-8,false,200,0,0,0,0
21,https://helpmyimg.com/hi/image-crop/,पेशेवर ऑल-इन-वन फ़ोटो स्टूडियो और बल्क एडिटर - HelpMyIMG,text/html; charset=utf-8,false,200,0,0,0,0
21,https://helpmyimg.com/uk/vodyanyy-znak/,©️ Водяний знак My Image - HelpMyIMG,text/html; charset=utf-8,false,200,0,0,0,0
21,https://helpmyimg.com/sv/suddig-registreringsskylt/,Oskärpa registreringsskylt online - Auto Privacy Censor - HelpMyIMG,text/html; charset=utf-8,false,200,0,0,0,0
21,https://helpmyimg.com/ro/estompare-fata/,Studio foto profesional și set de instrumente în vrac - HelpMyIMG,text/html; charset=utf-8,false,200,0,0,0,0
21,https://helpmyimg.com/el/sympiesi-se-100kb/,Συμπίεση εικόνας σε 100 KB Δωρεάν Online - Γρήγορη και ιδιωτική - HelpMyIMG,text/html; charset=utf-8,false,200,0,0,0,0
21,https://helpmyimg.com/en/remove-background/,✂️ AI Background Remover - HelpMyIMG,text/html; charset=utf-8,false,200,0,0,0,0
21,https://helpmyimg.com/fr/redimensionner-image/,Redimensionner Image to 4x6 Gratuit - HelpMyIMG,text/html; charset=utf-8,false,200,0,0,0,0
21,https://helpmyimg.com/pl/zmiana-rozmiaru-instagram/,Zmień rozmiar obrazu w serwisie Instagram Online — bez konieczności przycinania - HelpMyIMG,text/html; charset=utf-8,false,200,0,0,0,0
21,https://helpmyimg.com/zh/yasuo-tupian-100kb/,免费在线将图像压缩至 100KB - 快速且私密 - HelpMyIMG,text/html; charset=utf-8,false,200,0,0,0,0
21,https://helpmyimg.com/tl/i-compress-larawan-100kb/,I-compress ang larawan sa 100KB - HelpMyIMG,text/html; charset=utf-8,false,200,0,0,0,0
21,https://helpmyimg.com/es/matrcula-borrosa/,Desenfoque de matrícula en línea - Censor automático de privacidad - HelpMyIMG,text/html; charset=utf-8,false,200,0,0,0,0
21,https://helpmyimg.com/sv/komprimera-bilden-till-200kb/,Komprimera bild till 200KB - Högkvalitetsreducerare - HelpMyIMG,text/html; charset=utf-8,false,200,0,0,0,0
21,https://helpmyimg.com/tl/alisin-background/,✂️ Alisin ang Background - HelpMyIMG,text/html; charset=utf-8,false,200,0,0,0,0
21,https://helpmyimg.com/tl/removeperson/,Alisin ang tao - HelpMyIMG,text/html; charset=utf-8,false,200,0,0,0,0
21,https://helpmyimg.com/pt/redimensionar-foto-para-tamanho-de-passaporte/,Redimensionar foto para tamanho de passaporte - Visa & ID Maker - HelpMyIMG,text/html; charset=utf-8,false,200,0,0,0,0
21,https://helpmyimg.com/he/batch-watermark-photos/,תמונות סימן מים אצווה - Adder לוגו בתפזורת - HelpMyIMG,text/html; charset=utf-8,false,200,0,0,0,0
21,https://helpmyimg.com/ar/taghyir-hajm-instagram/,تغيير حجم الصورة لـ Instagram عبر الإنترنت - لا يلزم قصها - HelpMyIMG,text/html; charset=utf-8,false,200,0,0,0,0
21,https://helpmyimg.com/th/khrueang-mue-ook-baeb/,สตูดิโอถ่ายภาพระดับมืออาชีพและชุดเครื่องมือจำนวนมาก - HelpMyIMG,text/html; charset=utf-8,false,200,0,0,0,0
21,https://helpmyimg.com/ja/gazo-kaiten/,プロ仕様のオールインワン写真スタジオ - HelpMyIMG,text/html; charset=utf-8,false,200,0,0,0,0
21,https://helpmyimg.com/no/endre-storrelse-instagram/,Endre størrelse på bilde for Instagram Online - Ingen beskjæring nødvendig - HelpMyIMG,text/html; charset=utf-8,false,200,0,0,0,0
21,https://helpmyimg.com/nl/formaat-van-foto-wijzigen-naar-paspoortformaat/,Formaat van foto wijzigen naar paspoortformaat - Visa & ID Maker - HelpMyIMG,text/html; charset=utf-8,false,200,0,0,0,0
21,https://helpmyimg.com/vi/xoa-nen/,✂️ Xóa Nền AI - HelpMyIMG,text/html; charset=utf-8,false,200,0,0,0,0
21,https://helpmyimg.com/es/quitar-fondo/,✂️ Quitar Fondo - HelpMyIMG,text/html; charset=utf-8,false,200,0,0,0,0
21,https://helpmyimg.com/el/tholo-prosopo/,Επαγγελματικό Photo Studio & Bulk Toolkit - HelpMyIMG,text/html; charset=utf-8,false,200,0,0,0,0
21,https://helpmyimg.com/ja/gazo-henkan/,変換 WEBP to JPG 無料 - HelpMyIMG,text/html; charset=utf-8,false,200,0,0,0,0
21,https://helpmyimg.com/ar/daght-sura-50kb/,ضغط الصورة إلى 50 كيلو بايت - ضغط WebGPU الذكي - HelpMyIMG,text/html; charset=utf-8,false,200,0,0,0,0
21,https://helpmyimg.com/en/removelogo/,Remove Background from Logo Free - Transparent PNG Maker - HelpMyIMG,text/html; charset=utf-8,false,200,0,0,0,0
21,https://helpmyimg.com/tr/filigran/,©️ Resmimi Filigranla - HelpMyIMG,text/html; charset=utf-8,false,200,0,0,0,0
21,https://helpmyimg.com/tr/resim-sikistir-100kb/,Görüntüyü Çevrimiçi Olarak 100 KB'ye Sıkıştırın - Hızlı ve Özel - HelpMyIMG,text/html; charset=utf-8,false,200,0,0,0,0
21,https://helpmyimg.com/de/farbauswahl/,Professionelles All-in-One Fotostudio & Toolkit - HelpMyIMG,text/html; charset=utf-8,false,200,0,0,0,0
21,https://helpmyimg.com/uk/200/,Стиснути зображення до 200 КБ - високоякісне скорочення - HelpMyIMG,text/html; charset=utf-8,false,200,0,0,0,0
21,https://helpmyimg.com/he/change-photo-background-to-white/,שנה רקע תמונה ללבן - מוכן לאמזון ולמסחר אלקטרוני - HelpMyIMG,text/html; charset=utf-8,false,200,0,0,0,0
21,https://helpmyimg.com/vi/chon-mau/,Studio ảnh chuyên nghiệp & Bộ công cụ hàng loạt - HelpMyIMG,text/html; charset=utf-8,false,200,0,0,0,0
21,https://helpmyimg.com/it/comprimi-immagine/,Comprimi Immagine to 200KB Gratis - HelpMyIMG,text/html; charset=utf-8,false,200,0,0,0,0
21,https://helpmyimg.com/sv/ndra-fotobakgrunden-till-vit/,Ändra fotobakgrund till vit - redo för Amazon och e-handel - HelpMyIMG,text/html; charset=utf-8,false,200,0,0,0,0
21,https://helpmyimg.com/el/200-kb/,Συμπίεση εικόνας σε 200KB - Reducer υψηλής ποιότητας - HelpMyIMG,text/html; charset=utf-8,false,200,0,0,0,0
21,https://helpmyimg.com/ko/baegyeong-jegeo/,✂️ 배경 제거 (누끼) - HelpMyIMG,text/html; charset=utf-8,false,200,0,0,0,0
21,https://helpmyimg.com/fr/rogner-image/,Studio Photo Professionnel & Boîte à Outils - HelpMyIMG,text/html; charset=utf-8,false,200,0,0,0,0
21,https://helpmyimg.com/zh/magic-brush/,手动修图画笔 - HelpMyIMG,text/html; charset=utf-8,false,200,0,0,0,0
21,https://helpmyimg.com/uk/change-photo-background-to-white/,Змініть фон фотографії на білий - готовий до Amazon і електронної комерції - HelpMyIMG,text/html; charset=utf-8,false,200,0,0,0,0
21,https://helpmyimg.com/it/sfoca-viso/,Studio fotografico professionale e kit di strumenti in blocco - HelpMyIMG,text/html; charset=utf-8,false,200,0,0,0,0
21,https://helpmyimg.com/it/cambia-lo-sfondo-della-foto-in-bianco/,Cambia lo sfondo della foto in bianco: pronto per Amazon ed e-commerce - HelpMyIMG,text/html; charset=utf-8,false,200,0,0,0,0
21,https://helpmyimg.com/ja/sukashi/,©️ 私の画像に透かしを入れる - HelpMyIMG,text/html; charset=utf-8,false,200,0,0,0,0
21,https://helpmyimg.com/de/bild-drehen/,Professionelles All-in-One Fotostudio & Toolkit - HelpMyIMG,text/html; charset=utf-8,false,200,0,0,0,0
21,https://helpmyimg.com/pt/redimensionar-imagem/,Redimensionar Imagem to 4x6 Grátis - HelpMyIMG,text/html; charset=utf-8,false,200,0,0,0,0
21,https://helpmyimg.com/tr/arka-plan-kaldir/,✂️ Arka Planı Sil - HelpMyIMG,text/html; charset=utf-8,false,200,0,0,0,0
21,https://helpmyimg.com/tl/colorwhite/,Gawing puti ang background - HelpMyIMG,text/html; charset=utf-8,false,200,0,0,0,0
21,https://helpmyimg.com/nl/afbeelding-comprimeren-100kb/,Comprimeer afbeelding online gratis tot 100 KB - snel en privé - HelpMyIMG,text/html; charset=utf-8,false,200,0,0,0,0
21,https://helpmyimg.com/fr/compresser-limage-200-ko/,Compresser l'image à 200 Ko - Réducteur de haute qualité - HelpMyIMG,text/html; charset=utf-8,false,200,0,0,0,0
21,https://helpmyimg.com/es/editor-de-diseno/,Estudio Fotográfico Profesional Todo en Uno - HelpMyIMG,text/html; charset=utf-8,false,200,0,0,0,0
21,https://helpmyimg.com/th/bip-ad-rup-phap-50kb/,บีบอัดรูปภาพเป็น 50KB - การบีบอัด WebGPU อัจฉริยะ - HelpMyIMG,text/html; charset=utf-8,false,200,0,0,0,0
21,https://helpmyimg.com/ru/vodyanoy-znak/,©️ Водяной знак «Мое изображение» - HelpMyIMG,text/html; charset=utf-8,false,200,0,0,0,0
21,https://helpmyimg.com/tl/palitan-background/,Palitan ng Kulay ng Background ng Biometric Passport Online - HelpMyIMG,text/html; charset=utf-8,false,200,0,0,0,0
21,https://helpmyimg.com/ja/magic-brush/,手動補正ブラシ - HelpMyIMG,text/html; charset=utf-8,false,200,0,0,0,0
21,https://helpmyimg.com/ro/redimensionare-imagine/,Redimensionare Imagine to 4x6 Gratuit - HelpMyIMG,text/html; charset=utf-8,false,200,0,0,0,0
21,https://helpmyimg.com/da/komprimer-billedet-til-200kb/,Komprimer billede til 200KB - Reducer af høj kvalitet - HelpMyIMG,text/html; charset=utf-8,false,200,0,0,0,0
21,https://helpmyimg.com/it/ritaglia-immagine/,Studio fotografico professionale e kit di strumenti in blocco - HelpMyIMG,text/html; charset=utf-8,false,200,0,0,0,0
21,https://helpmyimg.com/no/magic-brush/,Manuell Pensel - HelpMyIMG,text/html; charset=utf-8,false,200,0,0,0,0
21,https://helpmyimg.com/da/farvevaelger/,Professionelt fotostudie og bulk-værktøjssæt - HelpMyIMG,text/html; charset=utf-8,false,200,0,0,0,0
21,https://helpmyimg.com/cs/komprese-na-100kb/,Komprimujte obrázek na 100 kB online zdarma – rychle a v soukromí - HelpMyIMG,text/html; charset=utf-8,false,200,0,0,0,0
21,https://helpmyimg.com/ms/mampat-imej-100kb/,Mampatkan Imej kepada 100KB Percuma Dalam Talian - Pantas & Peribadi - HelpMyIMG,text/html; charset=utf-8,false,200,0,0,0,0
21,https://helpmyimg.com/es/redimensionar-para-instagram/,Cambiar el tamaño de la imagen para Instagram en línea: no es necesario recortar - HelpMyIMG,text/html; charset=utf-8,false,200,0,0,0,0
21,https://helpmyimg.com/ro/redimensionai-fotografia-la-dimensiunea-paaportului/,Redimensionați fotografia la dimensiunea pașaportului - Visa & ID Maker - HelpMyIMG,text/html; charset=utf-8,false,200,0,0,0,0
21,https://helpmyimg.com/hi/background-hatao/,✂️ बैकग्राउंड हटाएं - HelpMyIMG,text/html; charset=utf-8,false,200,0,0,0,0
21,https://helpmyimg.com/uk/zminyty-rozmir/,Змінити розмір Зображення to 4x6 Безкоштовно - HelpMyIMG,text/html; charset=utf-8,false,200,0,0,0,0
21,https://helpmyimg.com/fi/poista-henkil-valokuvasta/,Poista henkilö valokuvasta - ilmainen Photobomb Eraser - HelpMyIMG,text/html; charset=utf-8,false,200,0,0,0,0
21,https://helpmyimg.com/pt/converter-webp-para-jpg/,Converta WEBP para JPG gratuitamente - Conversor de imagens - HelpMyIMG,text/html; charset=utf-8,false,200,0,0,0,0
21,https://helpmyimg.com/ko/imiji-hoejeon/,전문가용 올인원 포토 스튜디오 & 대량 편집기 - HelpMyIMG,text/html; charset=utf-8,false,200,0,0,0,0
21,https://helpmyimg.com/ro/schimba-fundalul-fotografiei-n-alb/,Schimbați fundalul fotografiei în alb - gata pentru Amazon și comerț electronic - HelpMyIMG,text/html; charset=utf-8,false,200,0,0,0,0
21,https://helpmyimg.com/hu/kep-vagas/,Professzionális fotóstúdió és tömeges eszközkészlet - HelpMyIMG,text/html; charset=utf-8,false,200,0,0,0,0
21,https://helpmyimg.com/th/remove-background-from-logo/,ลบพื้นหลังออกจากโลโก้ฟรี - เครื่องมือสร้าง PNG โปร่งใส - HelpMyIMG,text/html; charset=utf-8,false,200,0,0,0,0
21,https://helpmyimg.com/fi/poista-tausta/,✂️ Poista Tausta - HelpMyIMG,text/html; charset=utf-8,false,200,0,0,0,0
21,https://helpmyimg.com/el/afairesi-fontou/,✂️ Αφαίρεση Φόντου - HelpMyIMG,text/html; charset=utf-8,false,200,0,0,0,0
21,https://helpmyimg.com/pt/desfocar-rosto/,Estúdio Fotográfico Profissional Tudo-em-Um - HelpMyIMG,text/html; charset=utf-8,false,200,0,0,0,0
21,https://helpmyimg.com/hi/change-photo-background-to-white/,फोटो पृष्ठभूमि को सफेद में बदलें - अमेज़ॅन और ई-कॉमर्स तैयार - HelpMyIMG,text/html; charset=utf-8,false,200,0,0,0,0
21,https://helpmyimg.com/id/editor-desain/,Studio Foto & Pengeditan Massal Profesional - HelpMyIMG,text/html; charset=utf-8,false,200,0,0,0,0
21,https://helpmyimg.com/id/ganti-background/,Ganti Background Biru KTP & Ijazah Online Gratis Tanpa Aplikasi - HelpMyIMG,text/html; charset=utf-8,false,200,0,0,0,0
21,https://helpmyimg.com/fi/muuntaa-webp-jpgksi/,Muunna WEBP JPG:ksi ilmaiseksi - Image Converter - HelpMyIMG,text/html; charset=utf-8,false,200,0,0,0,0
21,https://helpmyimg.com/en/resizepassport/,Resize Photo to Passport Size - Visa & ID Maker - HelpMyIMG,text/html; charset=utf-8,false,200,0,0,0,0
21,https://helpmyimg.com/he/remove-person-from-photo/,הסר אדם מתמונה - מחק Photobomb בחינם - HelpMyIMG,text/html; charset=utf-8,false,200,0,0,0,0
21,https://helpmyimg.com/he/bocher-tseva/,סטודיו לצילום מקצועי וערכת כלים בתפזורת - HelpMyIMG,text/html; charset=utf-8,false,200,0,0,0,0
21,https://helpmyimg.com/ja/gazo-asshuku/,圧縮 画像 to 200KB 無料 - HelpMyIMG,text/html; charset=utf-8,false,200,0,0,0,0
21,https://helpmyimg.com/hi/design-editor/,पेशेवर ऑल-इन-वन फ़ोटो स्टूडियो और बल्क एडिटर - HelpMyIMG,text/html; charset=utf-8,false,200,0,0,0,0
21,https://helpmyimg.com/fr/photos-en-filigrane-par-lots/,Photos en filigrane par lots - Additionneur de logo en masse - HelpMyIMG,text/html; charset=utf-8,false,200,0,0,0,0
21,https://helpmyimg.com/pl/konwersja-obrazu/,Konwertuj WEBP to JPG Za darmo - HelpMyIMG,text/html; charset=utf-8,false,200,0,0,0,0
21,https://helpmyimg.com/da/fjern-baggrund-fra-logo/,Fjern baggrund fra logo gratis - Transparent PNG Maker - HelpMyIMG,text/html; charset=utf-8,false,200,0,0,0,0
21,https://helpmyimg.com/ru/konvertirovat-izobrazhenie/,Конвертировать WEBP to JPG Бесплатно - HelpMyIMG,text/html; charset=utf-8,false,200,0,0,0,0
21,https://helpmyimg.com/id/kompres-foto-100kb/,Compress Image to 100KB Online Free - Fast & Private - HelpMyIMG,text/html; charset=utf-8,false,200,0,0,0,0
21,https://helpmyimg.com/ru/magic-brush/,Ручная кисть - HelpMyIMG,text/html; charset=utf-8,false,200,0,0,0,0
21,https://helpmyimg.com/he/resize-photo-to-passport-size/,שנה את גודל התמונה לגודל דרכון - יצרן ויזה ותעודות זהות - HelpMyIMG,text/html; charset=utf-8,false,200,0,0,0,0
21,https://helpmyimg.com/fi/kierita-kuva/,Ammattimainen valokuvastudio ja joukkotyökalupakki - HelpMyIMG,text/html; charset=utf-8,false,200,0,0,0,0
21,https://helpmyimg.com/da/vandmaerke/,©️ Vandmærke mit billede - HelpMyIMG,text/html; charset=utf-8,false,200,0,0,0,0
21,https://helpmyimg.com/tr/resim-kirp/,Profesyonel Fotoğraf Stüdyosu ve Toplu Araç Seti - HelpMyIMG,text/html; charset=utf-8,false,200,0,0,0,0
21,https://helpmyimg.com/no/fargevelger/,Profesjonelt fotostudio og bulkverktøysett - HelpMyIMG,text/html; charset=utf-8,false,200,0,0,0,0
21,https://helpmyimg.com/el/sympiesi-eikonas/,Συμπίεση Εικόνα to 200KB Δωρεάν - HelpMyIMG,text/html; charset=utf-8,false,200,0,0,0,0
21,https://helpmyimg.com/ko/inseuta-imiji-keugi/,Instagram 온라인용 이미지 크기 조정 - 자르기 필요 없음 - HelpMyIMG,text/html; charset=utf-8,false,200,0,0,0,0
21,https://helpmyimg.com/fr/filigrane/,©️ Filigraner mon image - HelpMyIMG,text/html; charset=utf-8,false,200,0,0,0,0
21,https://helpmyimg.com/el/remove-background-from-logo/,Κατάργηση φόντου από το Logo Free - Transparent PNG Maker - HelpMyIMG,text/html; charset=utf-8,false,200,0,0,0,0
21,https://helpmyimg.com/ru/vybor-tsveta/,Профессиональная фотостудия «Все в одном» - HelpMyIMG,text/html; charset=utf-8,false,200,0,0,0,0
21,https://helpmyimg.com/da/komprimer-til-50kb/,Komprimer billede til 50KB - Smart WebGPU-komprimering - HelpMyIMG,text/html; charset=utf-8,false,200,0,0,0,0
21,https://helpmyimg.com/pl/przekonwertuj-webp-na-jpg/,Konwertuj WEBP na JPG za darmo - Konwerter obrazów - HelpMyIMG,text/html; charset=utf-8,false,200,0,0,0,0
21,https://helpmyimg.com/ms/alih-keluar-orang-daripada-foto/,Alih Keluar Orang daripada Foto - Pemadam Photobomb Percuma - HelpMyIMG,text/html; charset=utf-8,false,200,0,0,0,0
21,https://helpmyimg.com/es/comprimir-imagen/,Comprima imágenes a 100 KB en línea gratis (lotes de 20 a 50 fotos) - HelpMyIMG,text/html; charset=utf-8,false,200,0,0,0,0
21,https://helpmyimg.com/ja/remove-background-from-logo/,ロゴから背景を削除無料 - 透明PNGメーカー - HelpMyIMG,text/html; charset=utf-8,false,200,0,0,0,0
21,https://helpmyimg.com/uk/batch-watermark-photos/,Пакетні фотографії з водяними знаками - масовий додавач логотипів - HelpMyIMG,text/html; charset=utf-8,false,200,0,0,0,0
21,https://helpmyimg.com/tl/resizepassport/,I-resize para sa passport - HelpMyIMG,text/html; charset=utf-8,false,200,0,0,0,0
21,https://helpmyimg.com/it/rimuovi-sfondo/,✂️ Rimuovi Sfondo - HelpMyIMG,text/html; charset=utf-8,false,200,0,0,0,0
21,https://helpmyimg.com/de/hintergrund-aendern/,Biometrische Passfoto-Hintergrund-Farbwechsler online - HelpMyIMG,text/html; charset=utf-8,false,200,0,0,0,0
21,https://helpmyimg.com/es/convertir-webp-a-jpg/,Convierta WEBP a JPG gratis - Convertidor de imágenes - HelpMyIMG,text/html; charset=utf-8,false,200,0,0,0,0
21,https://helpmyimg.com/uk/vybir-koloru/,Професійна фотостудія та набір інструментів - HelpMyIMG,text/html; charset=utf-8,false,200,0,0,0,0
21,https://helpmyimg.com/he/hasarat-reka/,✂️ הסרת רקע AI - HelpMyIMG,text/html; charset=utf-8,false,200,0,0,0,0
21,https://helpmyimg.com/pt/remover-fundo-do-logotipo/,Remover fundo do logotipo gratuitamente - Criador de PNG transparente - HelpMyIMG,text/html; charset=utf-8,false,200,0,0,0,0
21,https://helpmyimg.com/hu/kep-tomorites/,Tömörítés Kép to 200KB Ingyenes - HelpMyIMG,text/html; charset=utf-8,false,200,0,0,0,0
21,https://helpmyimg.com/id/magic-brush/,Kuas Manual - HelpMyIMG,text/html; charset=utf-8,false,200,0,0,0,0
21,https://helpmyimg.com/id/kumpulan-foto-tanda-air/,Foto Tanda Air Batch - Penambah Logo Massal - HelpMyIMG,text/html; charset=utf-8,false,200,0,0,0,0
21,https://helpmyimg.com/ja/gazo-torimingu/,プロ仕様のオールインワン写真スタジオ - HelpMyIMG,text/html; charset=utf-8,false,200,0,0,0,0
21,https://helpmyimg.com/cs/komprese-obrazku/,Komprimovat Obrázek to 200KB Zdarma - HelpMyIMG,text/html; charset=utf-8,false,200,0,0,0,0
21,https://helpmyimg.com/fr/changer-le-fond-de-la-photo-en-blanc/,Changez l'arrière-plan de la photo en blanc - Prêt pour Amazon et le commerce électronique - HelpMyIMG,text/html; charset=utf-8,false,200,0,0,0,0
21,https://helpmyimg.com/tl/convertwebp/,I-convert ang WEBP sa JPG - HelpMyIMG,text/html; charset=utf-8,false,200,0,0,0,0
21,https://helpmyimg.com/ko/remove-person-from-photo/,사진에서 사람 제거 - 무료 Photobomb Eraser - HelpMyIMG,text/html; charset=utf-8,false,200,0,0,0,0
21,https://helpmyimg.com/fr/supprimer-larrireplan-du-logo/,Supprimer l'arrière-plan du logo gratuitement - Créateur PNG transparent - HelpMyIMG,text/html; charset=utf-8,false,200,0,0,0,0
21,https://helpmyimg.com/ja/dezain-edita/,プロ仕様のオールインワン写真スタジオ - HelpMyIMG,text/html; charset=utf-8,false,200,0,0,0,0
21,https://helpmyimg.com/de/ndern-sie-den-fotohintergrund-in-wei/,Ändern Sie den Fotohintergrund in Weiß – bereit für Amazon und E-Commerce - HelpMyIMG,text/html; charset=utf-8,false,200,0,0,0,0
21,https://helpmyimg.com/it/rimuovere-lo-sfondo-dal-logo/,Rimuovi lo sfondo dal logo gratuitamente - Creatore di PNG trasparenti - HelpMyIMG,text/html; charset=utf-8,false,200,0,0,0,0
21,https://helpmyimg.com/pt/comprimir-imagem/,Comprimir Imagem to 200KB Grátis - HelpMyIMG,text/html; charset=utf-8,false,200,0,0,0,0
21,https://helpmyimg.com/ar/resize-photo-to-passport-size/,تغيير حجم الصورة إلى حجم جواز السفر - صانع التأشيرات والهويات - HelpMyIMG,text/html; charset=utf-8,false,200,0,0,0,0
21,https://helpmyimg.com/pt/remover-fundo/,✂️ Remover Fundo - HelpMyIMG,text/html; charset=utf-8,false,200,0,0,0,0
21,https://helpmyimg.com/el/blur-license-plate/,Blur License Plate Online - Auto Privacy Censor - HelpMyIMG,text/html; charset=utf-8,false,200,0,0,0,0
21,https://helpmyimg.com/nl/verwijder-persoon-van-foto/,Persoon van foto verwijderen - Gratis Photobomb Eraser - HelpMyIMG,text/html; charset=utf-8,false,200,0,0,0,0
21,https://helpmyimg.com/el/magic-brush/,Πινέλο - HelpMyIMG,text/html; charset=utf-8,false,200,0,0,0,0
21,https://helpmyimg.com/hu/kep-tomorites-100kb/,Tömörítse a képet 100 KB-ra online ingyenes – gyors és privát - HelpMyIMG,text/html; charset=utf-8,false,200,0,0,0,0
21,https://helpmyimg.com/he/siman-maim/,©️ סימן מים לתמונה שלי - HelpMyIMG,text/html; charset=utf-8,false,200,0,0,0,0
21,https://helpmyimg.com/zh/yasuo-tupian-50kb/,将图像压缩至 50KB - 智能 WebGPU 压缩 - HelpMyIMG,text/html; charset=utf-8,false,200,0,0,0,0
21,https://helpmyimg.com/pl/usu-osob-ze-zdjcia/,Usuń osobę ze zdjęcia — bezpłatna gumka do fotobomb - HelpMyIMG,text/html; charset=utf-8,false,200,0,0,0,0
21,https://helpmyimg.com/en/blur-face/,Professional Photo Studio & Bulk Toolkit - HelpMyIMG,text/html; charset=utf-8,false,200,0,0,0,0
21,https://helpmyimg.com/de/nummernschild-verwischen/,Kfz-Kennzeichen online verwischen – Auto Privacy Censor - HelpMyIMG,text/html; charset=utf-8,false,200,0,0,0,0
21,https://helpmyimg.com/no/endre-bildestorrelse/,Endre størrelse Bilde to 4x6 Gratis - HelpMyIMG,text/html; charset=utf-8,false,200,0,0,0,0
21,https://helpmyimg.com/ja/gazo-asshuku-50kb/,画像を 50KB に圧縮 - スマート WebGPU 圧縮 - HelpMyIMG,text/html; charset=utf-8,false,200,0,0,0,0
21,https://helpmyimg.com/ja/kao-bokashi/,プロ仕様のオールインワン写真スタジオ - HelpMyIMG,text/html; charset=utf-8,false,200,0,0,0,0
21,https://helpmyimg.com/it/foto-con-filigrana-in-batch/,Foto con filigrana in batch: sommatore di logo in blocco - HelpMyIMG,text/html; charset=utf-8,false,200,0,0,0,0
21,https://helpmyimg.com/it/ruota-immagine/,Studio fotografico professionale e kit di strumenti in blocco - HelpMyIMG,text/html; charset=utf-8,false,200,0,0,0,0
21,https://helpmyimg.com/da/fjern-baggrund/,✂️ Fjern Baggrund - HelpMyIMG,text/html; charset=utf-8,false,200,0,0,0,0
21,https://helpmyimg.com/ja/haikei-henko/,生体認証パスポート写真背景カラーチェンジャーオンライン - HelpMyIMG,text/html; charset=utf-8,false,200,0,0,0,0
21,https://helpmyimg.com/nl/verkleinen-voor-instagram/,Formaat van afbeelding wijzigen voor Instagram online - bijsnijden niet vereist - HelpMyIMG,text/html; charset=utf-8,false,200,0,0,0,0
21,https://helpmyimg.com/cs/odstraneni-pozadi/,✂️ Odstranit Pozadí - HelpMyIMG,text/html; charset=utf-8,false,200,0,0,0,0
21,https://helpmyimg.com/ja/blur-license-plate/,オンラインでナンバープレートをぼかす - 自動車プライバシーセンサー - HelpMyIMG,text/html; charset=utf-8,false,200,0,0,0,0
21,https://helpmyimg.com/id/hapus-orang-dari-foto/,Hapus Orang dari Foto - Penghapus Photobomb Gratis - HelpMyIMG,text/html; charset=utf-8,false,200,0,0,0,0
21,https://helpmyimg.com/fr/convertir-webp-en-jpg/,Convertir WEBP en JPG gratuitement - Convertisseur d'images - HelpMyIMG,text/html; charset=utf-8,false,200,0,0,0,0
21,https://helpmyimg.com/en/advanced-editor/,Professional Photo Studio & Bulk Toolkit - HelpMyIMG,text/html; charset=utf-8,false,200,0,0,0,0
21,https://helpmyimg.com/pt/marca-dagua/,©️ Marca d’água em minha imagem - HelpMyIMG,text/html; charset=utf-8,false,200,0,0,0,0
21,https://helpmyimg.com/es/fotos-de-marca-de-agua-por-lotes/,Fotos de marcas de agua por lotes: sumador de logotipos a granel - HelpMyIMG,text/html; charset=utf-8,false,200,0,0,0,0
21,https://helpmyimg.com/tr/grnty-200kbye-sktr/,Görüntüyü 200 KB'a Sıkıştır - Yüksek Kaliteli Düşürücü - HelpMyIMG,text/html; charset=utf-8,false,200,0,0,0,0
21,https://helpmyimg.com/nl/geavanceerde-editor/,Professionele fotostudio en bulktoolkit - HelpMyIMG,text/html; charset=utf-8,false,200,0,0,0,0
21,https://helpmyimg.com/nl/verander-de-fotoachtergrond-naar-wit/,Verander de fotoachtergrond in wit - klaar voor Amazon en e-commerce - HelpMyIMG,text/html; charset=utf-8,false,200,0,0,0,0
21,https://helpmyimg.com/cs/komprimovat-obrzek-na-200-kb/,Komprimujte obrázek na 200 kB – vysoce kvalitní redukce - HelpMyIMG,text/html; charset=utf-8,false,200,0,0,0,0
21,https://helpmyimg.com/ro/convertire-imagine/,Convertire WEBP to JPG Gratuit - HelpMyIMG,text/html; charset=utf-8,false,200,0,0,0,0
21,https://helpmyimg.com/ms/putar-imej/,Studio Foto Profesional & Kit Alat Pukal - HelpMyIMG,text/html; charset=utf-8,false,200,0,0,0,0
21,https://helpmyimg.com/he/sivuv-tmuna/,סטודיו לצילום מקצועי וערכת כלים בתפזורת - HelpMyIMG,text/html; charset=utf-8,false,200,0,0,0,0
21,https://helpmyimg.com/ru/izmenit-razmer/,Изменить размер Изображение to 4x6 Бесплатно - HelpMyIMG,text/html; charset=utf-8,false,200,0,0,0,0
21,https://helpmyimg.com/ar/jpg/,تحويل WEBP إلى JPG مجانًا - محول الصور - HelpMyIMG,text/html; charset=utf-8,false,200,0,0,0,0
21,https://helpmyimg.com/hu/hatter-eltavolitas/,✂️ Háttér Eltávolítása - HelpMyIMG,text/html; charset=utf-8,false,200,0,0,0,0
21,https://helpmyimg.com/es/difuminar-rostro/,Estudio Fotográfico Profesional Todo en Uno - HelpMyIMG,text/html; charset=utf-8,false,200,0,0,0,0
21,https://helpmyimg.com/es/recortar-imagen/,Estudio Fotográfico Profesional Todo en Uno - HelpMyIMG,text/html; charset=utf-8,false,200,0,0,0,0
21,https://helpmyimg.com/hu/elmosdott-rendszm/,Elmosódott rendszámtábla online – Auto Privacy Censor - HelpMyIMG,text/html; charset=utf-8,false,200,0,0,0,0
21,https://helpmyimg.com/tl/advanced-na-editor/,Propesyonal na Photo Studio at Bulk Toolkit - HelpMyIMG,text/html; charset=utf-8,false,200,0,0,0,0
21,https://helpmyimg.com/cs/dvkov-fotografie-vodoznaku/,Batch Watermark Photos - Bulk Logo Adder - HelpMyIMG,text/html; charset=utf-8,false,200,0,0,0,0
21,https://helpmyimg.com/en/compress-image/,Compress Image to 100KB Online Free (Batch 20-50 Photos) - HelpMyIMG,text/html; charset=utf-8,false,200,0,0,0,0
21,https://helpmyimg.com/ro/eliminai-persoana-din-fotografie/,Eliminați persoana din fotografie - Photobomb Eraser gratuit - HelpMyIMG,text/html; charset=utf-8,false,200,0,0,0,0
21,https://helpmyimg.com/th/bip-ad-rup-phap/,บีบอัด รูปภาพ to 200KB ฟรี - HelpMyIMG,text/html; charset=utf-8,false,200,0,0,0,0
21,https://helpmyimg.com/he/dchisat-tmuna-100kb/,דחוס תמונה ל-100KB בחינם באינטרנט - מהיר ופרטי - HelpMyIMG,text/html; charset=utf-8,false,200,0,0,0,0
21,https://helpmyimg.com/it/ridimensiona-immagine/,Ridimensiona Immagine to 4x6 Gratis - HelpMyIMG,text/html; charset=utf-8,false,200,0,0,0,0
21,https://helpmyimg.com/hi/convert-webp-to-jpg/,WEBP को JPG में निःशुल्क कनवर्ट करें - छवि कनवर्टर - HelpMyIMG,text/html; charset=utf-8,false,200,0,0,0,0
21,https://helpmyimg.com/ar/daght-sura-100kb/,ضغط الصور إلى 100 كيلو بايت عبر الإنترنت مجانًا - سريع وخاص - HelpMyIMG,text/html; charset=utf-8,false,200,0,0,0,0
21,https://helpmyimg.com/sv/avancerad-redigerare/,Professionell fotostudio & Bulk Toolkit - HelpMyIMG,text/html; charset=utf-8,false,200,0,0,0,0
21,https://helpmyimg.com/zh/genghuan-beijing/,生物识别护照照片背景在线换色器 - HelpMyIMG,text/html; charset=utf-8,false,200,0,0,0,0
21,https://helpmyimg.com/ar/tadwir-sura/,الاستوديو الاحترافي الشامل لتحرير الصور والمعالجة الجماعية - HelpMyIMG,text/html; charset=utf-8,false,200,0,0,0,0
21,https://helpmyimg.com/th/resize-photo-to-passport-size/,ปรับขนาดภาพถ่ายเป็นขนาดหนังสือเดินทาง - Visa & ID Maker - HelpMyIMG,text/html; charset=utf-8,false,200,0,0,0,0
21,https://helpmyimg.com/pl/wybieracz-kolorow/,Profesjonalne studio fotograficzne i zestaw narzędzi zbiorczych - HelpMyIMG,text/html; charset=utf-8,false,200,0,0,0,0
21,https://helpmyimg.com/uk/stysnuty-do-50kb/,Стисніть зображення до 50 КБ - Smart WebGPU Compression - HelpMyIMG,text/html; charset=utf-8,false,200,0,0,0,0
21,https://helpmyimg.com/cs/otoceni-obrazku/,Profesionální fotografické studio a sada nástrojů pro hromadné zpracování - HelpMyIMG,text/html; charset=utf-8,false,200,0,0,0,0
21,https://helpmyimg.com/nl/afbeelding-verkleinen/,Formaat wijzigen Afbeelding to 4x6 Gratis - HelpMyIMG,text/html; charset=utf-8,false,200,0,0,0,0
21,https://helpmyimg.com/sv/batch-vattenstmpel-bilder/,Batch Watermark Photos - Bulk Logo Adder - HelpMyIMG,text/html; charset=utf-8,false,200,0,0,0,0
21,https://helpmyimg.com/it/comprimi-immagine-100kb/,Comprimi immagine a 100KB online gratuitamente: veloce e privato - HelpMyIMG,text/html; charset=utf-8,false,200,0,0,0,0
21,https://helpmyimg.com/da/sloret-ansigt/,Professionelt fotostudie og bulk-værktøjssæt - HelpMyIMG,text/html; charset=utf-8,false,200,0,0,0,0
21,https://helpmyimg.com/fi/pakkaa-kuvan-kokoon-200-kb/,Pakkaa kuva 200 kilotavuun - korkealaatuinen pienennys - HelpMyIMG,text/html; charset=utf-8,false,200,0,0,0,0
21,https://helpmyimg.com/da/konverter-billede/,Konverter WEBP to JPG Gratis - HelpMyIMG,text/html; charset=utf-8,false,200,0,0,0,0
21,https://helpmyimg.com/en/compress200kb/,Compress Image to 200KB - High Quality Reducer - HelpMyIMG,text/html; charset=utf-8,false,200,0,0,0,0
21,https://helpmyimg.com/th/luk-si/,สตูดิโอถ่ายภาพระดับมืออาชีพและชุดเครื่องมือจำนวนมาก - HelpMyIMG,text/html; charset=utf-8,false,200,0,0,0,0
21,https://helpmyimg.com/he/tistush-panim/,סטודיו לצילום מקצועי וערכת כלים בתפזורת - HelpMyIMG,text/html; charset=utf-8,false,200,0,0,0,0
21,https://helpmyimg.com/he/magic-brush/,מברשת ידנית - HelpMyIMG,text/html; charset=utf-8,false,200,0,0,0,0
21,https://helpmyimg.com/it/comprimi-immagine-50kb/,Comprimi immagine a 50 KB: compressione WebGPU intelligente - HelpMyIMG,text/html; charset=utf-8,false,200,0,0,0,0
21,https://helpmyimg.com/hu/a-fnykp-tmretezse-az-tlevl-mretre/,Fénykép átméretezése útlevélméretre – Visa & ID Maker - HelpMyIMG,text/html; charset=utf-8,false,200,0,0,0,0
21,https://helpmyimg.com/vi/cat-anh/,Studio ảnh chuyên nghiệp & Bộ công cụ hàng loạt - HelpMyIMG,text/html; charset=utf-8,false,200,0,0,0,0
21,https://helpmyimg.com/fr/supprimer-fond/,✂️ Détourage IA - HelpMyIMG,text/html; charset=utf-8,false,200,0,0,0,0
21,https://helpmyimg.com/ms/magic-brush/,Berus Manual - HelpMyIMG,text/html; charset=utf-8,false,200,0,0,0,0
21,https://helpmyimg.com/tl/palabuin-ang-mukha/,Propesyonal na Photo Studio at Bulk Toolkit - HelpMyIMG,text/html; charset=utf-8,false,200,0,0,0,0
21,https://helpmyimg.com/vi/nen-anh-50kb/,Nén hình ảnh xuống 50KB - Nén WebGPU thông minh - HelpMyIMG,text/html; charset=utf-8,false,200,0,0,0,0
21,https://helpmyimg.com/ar/izalat-khalfia/,✂️ إزالة الخلفية - HelpMyIMG,text/html; charset=utf-8,false,200,0,0,0,0
21,https://helpmyimg.com/zh/shuiyin/,©️ 给我的图片加水印 - HelpMyIMG,text/html; charset=utf-8,false,200,0,0,0,0
21,https://helpmyimg.com/fr/editeur-avance/,Studio Photo Professionnel & Boîte à Outils - HelpMyIMG,text/html; charset=utf-8,false,200,0,0,0,0
21,https://helpmyimg.com/ja/insutaguramu-ri-saizu/,Instagramオンライン用に画像のサイズを変更 - トリミングは必要ありません - HelpMyIMG,text/html; charset=utf-8,false,200,0,0,0,0
21,https://helpmyimg.com/ar/remove-background-from-logo/,إزالة الخلفية من الشعار مجانًا - صانع PNG الشفاف - HelpMyIMG,text/html; charset=utf-8,false,200,0,0,0,0
21,https://helpmyimg.com/id/ubah-ukuran-gambar/,Ubah Ukuran (Resize) Foto Jadi 4x6 untuk CPNS & KTP - HelpMyIMG,text/html; charset=utf-8,false,200,0,0,0,0
21,https://helpmyimg.com/nl/converteer-webp-naar-jpg/,Converteer WEBP naar JPG Gratis - Image Converter - HelpMyIMG,text/html; charset=utf-8,false,200,0,0,0,0
21,https://helpmyimg.com/ms/ubah-saiz-instagram/,Ubah Saiz Imej untuk Instagram Dalam Talian - Tiada Pemotongan Diperlukan - HelpMyIMG,text/html; charset=utf-8,false,200,0,0,0,0
21,https://helpmyimg.com/he/dchisat-tmuna-50kb/,דחוס תמונה ל-50KB - דחיסה חכמה של WebGPU - HelpMyIMG,text/html; charset=utf-8,false,200,0,0,0,0
21,https://helpmyimg.com/ru/szhat-izobrazhenie-100kb/,Сжимайте изображение до 100 КБ онлайн бесплатно — быстро и конфиденциально - HelpMyIMG,text/html; charset=utf-8,false,200,0,0,0,0
21,https://helpmyimg.com/hu/hatter-modositas/,Biometrikus útlevélfotó háttérszínváltó online - HelpMyIMG,text/html; charset=utf-8,false,200,0,0,0,0
21,https://helpmyimg.com/cs/zmena-velikosti-instagram/,Změna velikosti obrázku pro Instagram online – není potřeba žádné oříznutí - HelpMyIMG,text/html; charset=utf-8,false,200,0,0,0,0
21,https://helpmyimg.com/es/convertir-imagen/,Convierta 30 fotos a WEBP en línea gratis (procesamiento por lotes y ZIP) - HelpMyIMG,text/html; charset=utf-8,false,200,0,0,0,0
21,https://helpmyimg.com/cs/vyber-barev/,Profesionální fotografické studio a sada nástrojů pro hromadné zpracování - HelpMyIMG,text/html; charset=utf-8,false,200,0,0,0,0
21,https://helpmyimg.com/ko/remove-background-from-logo/,로고에서 배경을 무료로 제거하세요 - Transparent PNG Maker - HelpMyIMG,text/html; charset=utf-8,false,200,0,0,0,0
21,https://helpmyimg.com/he/webp-jpg/,המר WEBP ל-JPG חינם - ממיר תמונות - HelpMyIMG,text/html; charset=utf-8,false,200,0,0,0,0
21,https://helpmyimg.com/hu/szinvalaszto/,Professzionális fotóstúdió és tömeges eszközkészlet - HelpMyIMG,text/html; charset=utf-8,false,200,0,0,0,0
21,https://helpmyimg.com/uk/konvertuvaty-zobrazhennya/,Конвертувати WEBP to JPG Безкоштовно - HelpMyIMG,text/html; charset=utf-8,false,200,0,0,0,0
21,https://helpmyimg.com/no/endre-bildebakgrunnen-til-hvit/,Endre bildebakgrunn til hvit - klar for Amazon og e-handel - HelpMyIMG,text/html; charset=utf-8,false,200,0,0,0,0
21,https://helpmyimg.com/pl/znak-wodny/,©️ Znak wodny mojego obrazu - HelpMyIMG,text/html; charset=utf-8,false,200,0,0,0,0
21,https://helpmyimg.com/cs/komprese-na-50kb/,Komprimujte obrázek na 50 kB – Inteligentní komprese WebGPU - HelpMyIMG,text/html; charset=utf-8,false,200,0,0,0,0
21,https://helpmyimg.com/da/konverter-webp-til-jpg/,Konverter WEBP til JPG Free - Image Converter - HelpMyIMG,text/html; charset=utf-8,false,200,0,0,0,0
21,https://helpmyimg.com/el/metatropi-eikonas/,Μετατροπή WEBP to JPG Δωρεάν - HelpMyIMG,text/html; charset=utf-8,false,200,0,0,0,0
21,https://helpmyimg.com/sv/magic-brush/,Manuell Pensel - HelpMyIMG,text/html; charset=utf-8,false,200,0,0,0,0
21,https://helpmyimg.com/nl/magic-brush/,Handmatig Penseel - HelpMyIMG,text/html; charset=utf-8,false,200,0,0,0,0
21,https://helpmyimg.com/fr/flouter-visage/,Studio Photo Professionnel & Boîte à Outils - HelpMyIMG,text/html; charset=utf-8,false,200,0,0,0,0
21,https://helpmyimg.com/cs/rozmazat-oblicej/,Profesionální fotografické studio a sada nástrojů pro hromadné zpracování - HelpMyIMG,text/html; charset=utf-8,false,200,0,0,0,0
21,https://helpmyimg.com/de/bild-auf-50kb-komprimieren/,Bild auf 50 KB komprimieren – Intelligente WebGPU-Komprimierung - HelpMyIMG,text/html; charset=utf-8,false,200,0,0,0,0
21,https://helpmyimg.com/tr/logodan-arka-plan-kaldr/,Logodan Arka Planı Kaldırma Ücretsiz - Şeffaf PNG Oluşturucu - HelpMyIMG,text/html; charset=utf-8,false,200,0,0,0,0
21,https://helpmyimg.com/tr/kiiyi-fotoraftan-kaldr/,Fotoğraftan Kişiyi Kaldır - Ücretsiz Fotoğraf Bombası Silgisi - HelpMyIMG,text/html; charset=utf-8,false,200,0,0,0,0
21,https://helpmyimg.com/he/200kb/,דחוס תמונה ל-200KB - מפחית באיכות גבוהה - HelpMyIMG,text/html; charset=utf-8,false,200,0,0,0,0
21,https://helpmyimg.com/nl/watermerk/,©️ Watermerk mijn afbeelding - HelpMyIMG,text/html; charset=utf-8,false,200,0,0,0,0
21,https://helpmyimg.com/es/comprimir-imagen-a-100kb/,Comprime imágenes a 100 KB en línea gratis: rápido y privado - HelpMyIMG,text/html; charset=utf-8,false,200,0,0,0,0
21,https://helpmyimg.com/hu/vizjel/,©️ Vízjel Saját kép - HelpMyIMG,text/html; charset=utf-8,false,200,0,0,0,0
21,https://helpmyimg.com/pt/converter-imagem/,Converter WEBP to JPG Grátis - HelpMyIMG,text/html; charset=utf-8,false,200,0,0,0,0
21,https://helpmyimg.com/ro/eliminai-fundalul-din-logo/,Eliminați fundalul din Logo Free - Transparent PNG Maker - HelpMyIMG,text/html; charset=utf-8,false,200,0,0,0,0
21,https://helpmyimg.com/pt/editor-de-design/,Estúdio Fotográfico Profissional Tudo-em-Um - HelpMyIMG,text/html; charset=utf-8,false,200,0,0,0,0
21,https://helpmyimg.com/en/magic-brush/,Manual Brush - HelpMyIMG,text/html; charset=utf-8,false,200,0,0,0,0
21,https://helpmyimg.com/tr/toplu-filigran-fotoraflar/,Toplu Filigran Fotoğrafları - Toplu Logo Ekleyici - HelpMyIMG,text/html; charset=utf-8,false,200,0,0,0,0
21,https://helpmyimg.com/zh/mohu-renlian/,专业级一站式批量图像处理与摄影工作室 - HelpMyIMG,text/html; charset=utf-8,false,200,0,0,0,0
21,https://helpmyimg.com/el/allagi-megethous-instagram/,Αλλαγή μεγέθους εικόνας για το Instagram Online - Δεν απαιτείται περικοπή - HelpMyIMG,text/html; charset=utf-8,false,200,0,0,0,0
21,https://helpmyimg.com/cs/magic-brush/,Ruční Štětec - HelpMyIMG,text/html; charset=utf-8,false,200,0,0,0,0
21,https://helpmyimg.com/hu/konvertlja-a-webpt-jpgbe/,A WEBP konvertálása JPG formátumba ingyenes - Képkonverter - HelpMyIMG,text/html; charset=utf-8,false,200,0,0,0,0
21,https://helpmyimg.com/id/mengonversi-webp-ke-jpg/,Konversi WEBP ke JPG Gratis - Pengonversi Gambar - HelpMyIMG,text/html; charset=utf-8,false,200,0,0,0,0
21,https://helpmyimg.com/de/bild-auf-100kb-komprimieren/,Komprimieren Sie das Bild online kostenlos auf 100 KB – schnell und privat - HelpMyIMG,text/html; charset=utf-8,false,200,0,0,0,0
21,https://helpmyimg.com/nl/batch-watermerkfotos/,Batchwatermerkfoto's - Bulklogo-adder - HelpMyIMG,text/html; charset=utf-8,false,200,0,0,0,0
21,https://helpmyimg.com/hi/image-rotate/,पेशेवर ऑल-इन-वन फ़ोटो स्टूडियो और बल्क एडिटर - HelpMyIMG,text/html; charset=utf-8,false,200,0,0,0,0
21,https://helpmyimg.com/zh/colorwhite/,将照片背景更改为白色 - 亚马逊和电子商​​​​务就绪 - HelpMyIMG,text/html; charset=utf-8,false,200,0,0,0,0
21,https://helpmyimg.com/no/avansert-editor/,Profesjonelt fotostudio og bulkverktøysett - HelpMyIMG,text/html; charset=utf-8,false,200,0,0,0,0
21,https://helpmyimg.com/fi/vesileima/,©️ Vesileima Kuvani - HelpMyIMG,text/html; charset=utf-8,false,200,0,0,0,0
21,https://helpmyimg.com/fi/ern-vesileimakuvia/,Erävesileimakuvat - Bulk Logo Adder - HelpMyIMG,text/html; charset=utf-8,false,200,0,0,0,0
21,https://helpmyimg.com/ru/jpg/,Конвертировать WEBP в JPG бесплатно — конвертер изображений - HelpMyIMG,text/html; charset=utf-8,false,200,0,0,0,0
21,https://helpmyimg.com/fr/redimensionner-la-photo-au-format-passeport/,Redimensionner la photo au format du passeport - Visa & ID Maker - HelpMyIMG,text/html; charset=utf-8,false,200,0,0,0,0
21,https://helpmyimg.com/hu/tmrtse-a-kpet-200-kbra/,Kép tömörítése 200 KB-ra – Kiváló minőségű reduktor - HelpMyIMG,text/html; charset=utf-8,false,200,0,0,0,0
21,https://helpmyimg.com/hi/image-resize/,आकार बदलें छवि to 4x6 मुफ़्त - HelpMyIMG,text/html; charset=utf-8,false,200,0,0,0,0
21,https://helpmyimg.com/es/cambiar-fondo/,Cambiador de color de fondo de foto de pasaporte biométrico en línea - HelpMyIMG,text/html; charset=utf-8,false,200,0,0,0,0
21,https://helpmyimg.com/sv/beskara-bild/,Professionell fotostudio & Bulk Toolkit - HelpMyIMG,text/html; charset=utf-8,false,200,0,0,0,0
21,https://helpmyimg.com/nl/kleurkiezer/,Professionele fotostudio en bulktoolkit - HelpMyIMG,text/html; charset=utf-8,false,200,0,0,0,0
21,https://helpmyimg.com/hu/kep-forgatas/,Professzionális fotóstúdió és tömeges eszközkészlet - HelpMyIMG,text/html; charset=utf-8,false,200,0,0,0,0
21,https://helpmyimg.com/ru/200/,Сжать изображение до 200 КБ — Высококачественный редуктор - HelpMyIMG,text/html; charset=utf-8,false,200,0,0,0,0
21,https://helpmyimg.com/uk/obrizaty-zobrazhennya/,Професійна фотостудія та набір інструментів - HelpMyIMG,text/html; charset=utf-8,false,200,0,0,0,0
21,https://helpmyimg.com/da/batch-vandmrkebilleder/,Batch Watermark Photos - Bulk Logo Adder - HelpMyIMG,text/html; charset=utf-8,false,200,0,0,0,0
21,https://helpmyimg.com/el/allagi-fontou/,Βιομετρική αλλαγή χρώματος φόντου φωτογραφιών διαβατηρίου σε απευθείας σύνδεση - HelpMyIMG,text/html; charset=utf-8,false,200,0,0,0,0
21,https://helpmyimg.com/ro/estomparea-plcuei-de-nmatriculare/,Blur License Plate Online - Auto Privacy Censor - HelpMyIMG,text/html; charset=utf-8,false,200,0,0,0,0
21,https://helpmyimg.com/it/converti-immagine/,Converti WEBP to JPG Gratis - HelpMyIMG,text/html; charset=utf-8,false,200,0,0,0,0
21,https://helpmyimg.com/hi/image-compress-100kb/,छवि को 100KB तक ऑनलाइन निःशुल्क संपीड़ित करें - तेज़ और निजी - HelpMyIMG,text/html; charset=utf-8,false,200,0,0,0,0
21,https://helpmyimg.com/pt/desfocar-placa-de-carro/,Desfocar placa de carro online - Censor de privacidade automático - HelpMyIMG,text/html; charset=utf-8,false,200,0,0,0,0
21,https://helpmyimg.com/tr/renk-secici/,Profesyonel Fotoğraf Stüdyosu ve Toplu Araç Seti - HelpMyIMG,text/html; charset=utf-8,false,200,0,0,0,0
21,https://helpmyimg.com/en/remove-person-from-photo/,Remove Person from Photo - Free Photobomb Eraser - HelpMyIMG,text/html; charset=utf-8,false,200,0,0,0,0
21,https://helpmyimg.com/ms/kabur-wajah/,Studio Foto Profesional & Kit Alat Pukal - HelpMyIMG,text/html; charset=utf-8,false,200,0,0,0,0
21,https://helpmyimg.com/nl/afbeelding-draaien/,Professionele fotostudio en bulktoolkit - HelpMyIMG,text/html; charset=utf-8,false,200,0,0,0,0
21,https://helpmyimg.com/fi/muuta-kokoa/,Muuta kokoa Kuva to 4x6 Ilmainen - HelpMyIMG,text/html; charset=utf-8,false,200,0,0,0,0
21,https://helpmyimg.com/no/komprimer-til-100kb/,Komprimer bildet til 100KB online gratis – raskt og privat - HelpMyIMG,text/html; charset=utf-8,false,200,0,0,0,0
21,https://helpmyimg.com/zh/tiaozheng-daxiao/,调整大小 图片 to 4x6 免费 - HelpMyIMG,text/html; charset=utf-8,false,200,0,0,0,0
21,https://helpmyimg.com/ru/szhat-izobrazhenie/,Сжатие Изображение to 200KB Бесплатно - HelpMyIMG,text/html; charset=utf-8,false,200,0,0,0,0
21,https://helpmyimg.com/he/blur-license-plate/,טשטוש לוחית רישוי מקוון - צנזור פרטיות אוטומטי - HelpMyIMG,text/html; charset=utf-8,false,200,0,0,0,0
21,https://helpmyimg.com/fi/muuta-valokuvan-kokoa-passin-kokoon/,Muuta valokuvan kokoa passin kokoon - Visa & ID Maker - HelpMyIMG,text/html; charset=utf-8,false,200,0,0,0,0
21,https://helpmyimg.com/uk/magic-brush/,Ручний пензель - HelpMyIMG,text/html; charset=utf-8,false,200,0,0,0,0
21,https://helpmyimg.com/tl/i-crop-larawan/,Propesyonal na Photo Studio at Bulk Toolkit - HelpMyIMG,text/html; charset=utf-8,false,200,0,0,0,0
21,https://helpmyimg.com/hu/arc-elmosasa/,Professzionális fotóstúdió és tömeges eszközkészlet - HelpMyIMG,text/html; charset=utf-8,false,200,0,0,0,0
21,https://helpmyimg.com/de/bild-auf-200-kb-komprimieren/,Bild auf 200 KB komprimieren – Hochwertige Reduzierung - HelpMyIMG,text/html; charset=utf-8,false,200,0,0,0,0
21,https://helpmyimg.com/vi/chuyen-doi-anh/,Chuyển đổi WEBP to JPG Miễn phí - HelpMyIMG,text/html; charset=utf-8,false,200,0,0,0,0
21,https://helpmyimg.com/zh/compress200kb/,将图像压缩至 200KB - 高质量减速器 - HelpMyIMG,text/html; charset=utf-8,false,200,0,0,0,0
21,https://helpmyimg.com/tr/gelismis-editor/,Profesyonel Fotoğraf Stüdyosu ve Toplu Araç Seti - HelpMyIMG,text/html; charset=utf-8,false,200,0,0,0,0
21,https://helpmyimg.com/pt/magic-brush/,Pincel Manual - HelpMyIMG,text/html; charset=utf-8,false,200,0,0,0,0
21,https://helpmyimg.com/es/magic-brush/,Pincel Manual - HelpMyIMG,text/html; charset=utf-8,false,200,0,0,0,0
21,https://helpmyimg.com/fi/rajaa-kuva/,Ammattimainen valokuvastudio ja joukkotyökalupakki - HelpMyIMG,text/html; charset=utf-8,false,200,0,0,0,0
21,https://helpmyimg.com/zh/resizepassport/,将照片调整为护照尺寸 - 签证和身份证制作工具 - HelpMyIMG,text/html; charset=utf-8,false,200,0,0,0,0
21,https://helpmyimg.com/ko/magic-brush/,수동 브러시 - HelpMyIMG,text/html; charset=utf-8,false,200,0,0,0,0
21,https://helpmyimg.com/sv/ta-bort-bakgrund/,✂️ Ta bort bakgrund - HelpMyIMG,text/html; charset=utf-8,false,200,0,0,0,0
21,https://helpmyimg.com/tl/baguhin-sukat/,I-resize Larawan to 4x6 Libre - HelpMyIMG,text/html; charset=utf-8,false,200,0,0,0,0
21,https://helpmyimg.com/pl/usun-tlo/,✂️ Usuń Tło - HelpMyIMG,text/html; charset=utf-8,false,200,0,0,0,0
21,https://helpmyimg.com/ar/remove-person-from-photo/,إزالة شخص من الصورة - ممحاة Photobomb المجانية - HelpMyIMG,text/html; charset=utf-8,false,200,0,0,0,0
21,https://helpmyimg.com/ja/iro-supotto/,プロ仕様のオールインワン写真スタジオ - HelpMyIMG,text/html; charset=utf-8,false,200,0,0,0,0
21,https://helpmyimg.com/de/person-aus-foto-entfernen/,Person aus Foto entfernen – Kostenloser Photobomb Eraser - HelpMyIMG,text/html; charset=utf-8,false,200,0,0,0,0
21,https://helpmyimg.com/ro/selector-culori/,Studio foto profesional și set de instrumente în vrac - HelpMyIMG,text/html; charset=utf-8,false,200,0,0,0,0
21,https://helpmyimg.com/nl/comprimeer-de-afbeelding-tot-200-kb/,Comprimeer afbeelding tot 200 KB - Reducer van hoge kwaliteit - HelpMyIMG,text/html; charset=utf-8,false,200,0,0,0,0
21,https://helpmyimg.com/el/webp-jpg/,Μετατροπή WEBP σε JPG Δωρεάν - Μετατροπέας εικόνων - HelpMyIMG,text/html; charset=utf-8,false,200,0,0,0,0
21,https://helpmyimg.com/pt/comprimir-imagem-100kb/,Compactar imagem para 100 KB online gratuitamente - rápido e privado - HelpMyIMG,text/html; charset=utf-8,false,200,0,0,0,0
21,https://helpmyimg.com/tl/compress200kb/,I-compress ang larawan sa 200KB - HelpMyIMG,text/html; charset=utf-8,false,200,0,0,0,0
21,https://helpmyimg.com/ar/istikhraja-alwan/,الاستوديو الاحترافي الشامل لتحرير الصور والمعالجة الجماعية - HelpMyIMG,text/html; charset=utf-8,false,200,0,0,0,0
21,https://helpmyimg.com/th/mun-rup-phap/,สตูดิโอถ่ายภาพระดับมืออาชีพและชุดเครื่องมือจำนวนมาก - HelpMyIMG,text/html; charset=utf-8,false,200,0,0,0,0
21,https://helpmyimg.com/ar/taghyir-khalfia/,مغير لون خلفية صورة جواز السفر البيومترية عبر الإنترنت - HelpMyIMG,text/html; charset=utf-8,false,200,0,0,0,0
21,https://helpmyimg.com/el/remove-person-from-photo/,Κατάργηση ατόμου από τη φωτογραφία - Δωρεάν γόμα Photobomb - HelpMyIMG,text/html; charset=utf-8,false,200,0,0,0,0
21,https://helpmyimg.com/en/watermark-image/,©️ Watermark My Image - HelpMyIMG,text/html; charset=utf-8,false,200,0,0,0,0
21,https://helpmyimg.com/id/mengaburkan-pelat-nomor/,Buramkan Plat Nomor Online - Sensor Privasi Otomatis - HelpMyIMG,text/html; charset=utf-8,false,200,0,0,0,0
21,https://helpmyimg.com/da/tilpas-til-instagram/,Ændre størrelse på billede til Instagram online - ingen beskæring påkrævet - HelpMyIMG,text/html; charset=utf-8,false,200,0,0,0,0
21,https://helpmyimg.com/zh/blurplate/,在线模糊车牌 - 汽车隐私审查 - HelpMyIMG,text/html; charset=utf-8,false,200,0,0,0,0
21,https://helpmyimg.com/he/chitucha-tmuna/,סטודיו לצילום מקצועי וערכת כלים בתפזורת - HelpMyIMG,text/html; charset=utf-8,false,200,0,0,0,0
21,https://helpmyimg.com/de/konvertieren-sie-webp-in-jpg/,Konvertieren Sie WEBP kostenlos in JPG – Bildkonverter - HelpMyIMG,text/html; charset=utf-8,false,200,0,0,0,0
21,https://helpmyimg.com/fr/magic-brush/,Pinceau Manuel - HelpMyIMG,text/html; charset=utf-8,false,200,0,0,0,0
21,https://helpmyimg.com/ja/200kb/,画像を 200KB に圧縮 - 高品質リデューサー - HelpMyIMG,text/html; charset=utf-8,false,200,0,0,0,0
21,https://helpmyimg.com/it/magic-brush/,Pennello Manuale - HelpMyIMG,text/html; charset=utf-8,false,200,0,0,0,0
21,https://helpmyimg.com/fi/muuta-kokoa-instagram/,Muuta kuvan kokoa Instagram Onlinea varten - Rajausta ei vaadita - HelpMyIMG,text/html; charset=utf-8,false,200,0,0,0,0
21,https://helpmyimg.com/hu/kep-atmeretezes/,Átméretezés Kép to 4x6 Ingyenes - HelpMyIMG,text/html; charset=utf-8,false,200,0,0,0,0
21,https://helpmyimg.com/uk/blur-license-plate/,Розмивання номерного знака в Інтернеті - автоматичний цензор конфіденційності - HelpMyIMG,text/html; charset=utf-8,false,200,0,0,0,0
21,https://helpmyimg.com/ar/muharrir-tasamim/,الاستوديو الاحترافي الشامل لتحرير الصور والمعالجة الجماعية - HelpMyIMG,text/html; charset=utf-8,false,200,0,0,0,0
21,https://helpmyimg.com/zh/gaoji-bianjiqi/,专业级一站式批量图像处理与摄影工作室 - HelpMyIMG,text/html; charset=utf-8,false,200,0,0,0,0
21,https://helpmyimg.com/en/resize-image/,Professional Photo Studio & Bulk Toolkit - HelpMyIMG,text/html; charset=utf-8,false,200,0,0,0,0
21,https://helpmyimg.com/cs/pokrocily-editor/,Profesionální fotografické studio a sada nástrojů pro hromadné zpracování - HelpMyIMG,text/html; charset=utf-8,false,200,0,0,0,0
21,https://helpmyimg.com/hu/szemly-eltvoltsa-a-fnykprl/,Személy eltávolítása a fényképről - Ingyenes Photobomb Eraser - HelpMyIMG,text/html; charset=utf-8,false,200,0,0,0,0
21,https://helpmyimg.com/tl/blurplate/,I-blur ang plaka - HelpMyIMG,text/html; charset=utf-8,false,200,0,0,0,0
21,https://helpmyimg.com/nl/achtergrond-uit-logo-verwijderen/,Achtergrond verwijderen uit logo gratis - Transparante PNG Maker - HelpMyIMG,text/html; charset=utf-8,false,200,0,0,0,0
21,https://helpmyimg.com/de/bild-zuschneiden/,Professionelles All-in-One Fotostudio & Toolkit - HelpMyIMG,text/html; charset=utf-8,false,200,0,0,0,0
21,https://helpmyimg.com/uk/zminyty-rozmir-instagram/,Змініть розмір зображення для Instagram онлайн – обрізання не потрібне - HelpMyIMG,text/html; charset=utf-8,false,200,0,0,0,0
21,https://helpmyimg.com/ja/change-photo-background-to-white/,写真の背景を白に変更 - Amazon & Eコマース対応 - HelpMyIMG,text/html; charset=utf-8,false,200,0,0,0,0
21,https://helpmyimg.com/vi/lam-mo-khuon-mat/,Studio ảnh chuyên nghiệp & Bộ công cụ hàng loạt - HelpMyIMG,text/html; charset=utf-8,false,200,0,0,0,0
21,https://helpmyimg.com/ms/tukar-imej/,Tukar Format WEBP to JPG Percuma - HelpMyIMG,text/html; charset=utf-8,false,200,0,0,0,0
21,https://helpmyimg.com/cs/vodoznak/,©️ Vodoznak Můj obrázek - HelpMyIMG,text/html; charset=utf-8,false,200,0,0,0,0
21,https://helpmyimg.com/no/endre-bakgrunn/,Biometrisk passfoto Bakgrunnsfargeveksler Online - HelpMyIMG,text/html; charset=utf-8,false,200,0,0,0,0
21,https://helpmyimg.com/it/editor-di-design/,Studio fotografico professionale e kit di strumenti in blocco - HelpMyIMG,text/html; charset=utf-8,false,200,0,0,0,0
21,https://helpmyimg.com/cs/odstranit-osobu-z-fotografie/,Odebrat osobu z fotografie - bezplatná guma Photobomb - HelpMyIMG,text/html; charset=utf-8,false,200,0,0,0,0
21,https://helpmyimg.com/no/roter-bilde/,Profesjonelt fotostudio og bulkverktøysett - HelpMyIMG,text/html; charset=utf-8,false,200,0,0,0,0
21,https://helpmyimg.com/th/batch-watermark-photos/,Batch Watermark Photos - ตัวเพิ่มโลโก้จำนวนมาก - HelpMyIMG,text/html; charset=utf-8,false,200,0,0,0,0
21,https://helpmyimg.com/ro/comprimare-imagine-50kb/,Comprimați imaginea la 50KB - Smart WebGPU Compression - HelpMyIMG,text/html; charset=utf-8,false,200,0,0,0,0
21,https://helpmyimg.com/no/batch-vannmerkebilder/,Batch Watermark Photos - Bulk Logo Adder - HelpMyIMG,text/html; charset=utf-8,false,200,0,0,0,0
21,https://helpmyimg.com/ms/buang-latar-belakang/,✂️ Buang Latar Belakang - HelpMyIMG,text/html; charset=utf-8,false,200,0,0,0,0
21,https://helpmyimg.com/ko/imiji-jareugi/,전문가용 올인원 포토 스튜디오 & 대량 편집기 - HelpMyIMG,text/html; charset=utf-8,false,200,0,0,0,0
21,https://helpmyimg.com/zh/watermarkbulk/,批量水印照片 - 批量徽标添加器 - HelpMyIMG,text/html; charset=utf-8,false,200,0,0,0,0
21,https://helpmyimg.com/de/bild-skalieren/,Größe ändern Bild to 4x6 Kostenlos - HelpMyIMG,text/html; charset=utf-8,false,200,0,0,0,0
21,https://helpmyimg.com/he/dchisat-tmuna/,דחיסה תמונה to 200KB חינם - HelpMyIMG,text/html; charset=utf-8,false,200,0,0,0,0
21,https://helpmyimg.com/ko/imiji-abchuk/,압축 이미지 to 200KB 무료 - HelpMyIMG,text/html; charset=utf-8,false,200,0,0,0,0
21,https://helpmyimg.com/tr/yuz-bulaniklastirma/,Profesyonel Fotoğraf Stüdyosu ve Toplu Araç Seti - HelpMyIMG,text/html; charset=utf-8,false,200,0,0,0,0
21,https://helpmyimg.com/fi/pakkaa-100kb/,Pakkaa kuva 100 kilotavuun verkossa ilmaiseksi - nopea ja yksityinen - HelpMyIMG,text/html; charset=utf-8,false,200,0,0,0,0
21,https://helpmyimg.com/ms/mampat-imej/,Mampat Imej to 200KB Percuma - HelpMyIMG,text/html; charset=utf-8,false,200,0,0,0,0
21,https://helpmyimg.com/pt/girar-imagem/,Estúdio Fotográfico Profissional Tudo-em-Um - HelpMyIMG,text/html; charset=utf-8,false,200,0,0,0,0
21,https://helpmyimg.com/pt/fotos-de-marca-dgua-em-lote/,Fotos de marca d'água em lote - Adicionador de logotipo em massa - HelpMyIMG,text/html; charset=utf-8,false,200,0,0,0,0
21,https://helpmyimg.com/el/change-photo-background-to-white/,Αλλάξτε το φόντο φωτογραφιών σε λευκό - Έτοιμος για το Amazon και το ηλεκτρονικό εμπόριο - HelpMyIMG,text/html; charset=utf-8,false,200,0,0,0,0
21,https://helpmyimg.com/cs/odstranit-pozad-z-loga/,Odebrat pozadí z loga zdarma - Transparentní PNG Maker - HelpMyIMG,text/html; charset=utf-8,false,200,0,0,0,0
21,https://helpmyimg.com/pl/skompresuj-obraz-do-200kb/,Kompresuj obraz do 200 KB — redukcja wysokiej jakości - HelpMyIMG,text/html; charset=utf-8,false,200,0,0,0,0
21,https://helpmyimg.com/de/bild-konvertieren/,Konvertieren WEBP to JPG Kostenlos - HelpMyIMG,text/html; charset=utf-8,false,200,0,0,0,0
20,https://helpmyimg.com/el/schetika/,Σχετικά με εμάς - HelpMyIMG,text/html; charset=utf-8,false,200,0,0,0,0
20,https://helpmyimg.com/th/ra-kha/,ราคา - HelpMyIMG,text/html; charset=utf-8,false,200,0,0,0,0
20,https://helpmyimg.com/hi/bhashayein/,समर्थित भाषाएँ - HelpMyIMG,text/html; charset=utf-8,false,200,0,0,0,0
20,https://helpmyimg.com/es/acerca-de/,Sobre nosotros - HelpMyIMG,text/html; charset=utf-8,false,200,0,0,0,0
20,https://helpmyimg.com/es/idiomas/,Idiomas admitidos - HelpMyIMG,text/html; charset=utf-8,false,200,0,0,0,0
20,https://helpmyimg.com/pt/idiomas/,Idiomas Suportados - HelpMyIMG,text/html; charset=utf-8,false,200,0,0,0,0
20,https://helpmyimg.com/ko/iyong-yakgwan/,서비스 약관 - HelpMyIMG,text/html; charset=utf-8,false,200,0,0,0,0
20,https://helpmyimg.com/vi/bao-mat/,Bảo mật & Tin cậy - HelpMyIMG,text/html; charset=utf-8,false,200,0,0,0,0
20,https://helpmyimg.com/es/seguridad/,Seguridad y confianza - HelpMyIMG,text/html; charset=utf-8,false,200,0,0,0,0
20,https://helpmyimg.com/he/odot/,אודותינו - HelpMyIMG,text/html; charset=utf-8,false,200,0,0,0,0
20,https://helpmyimg.com/pt/termos/,Termos de Serviço - HelpMyIMG,text/html; charset=utf-8,false,200,0,0,0,0
20,https://helpmyimg.com/ko/bigyo/,비교하다 - HelpMyIMG,text/html; charset=utf-8,false,200,0,0,0,0
20,https://helpmyimg.com/pt/seguranca/,Segurança e confiança - HelpMyIMG,text/html; charset=utf-8,false,200,0,0,0,0
20,https://helpmyimg.com/hu/biztonsag/,Biztonság és bizalom - HelpMyIMG,text/html; charset=utf-8,false,200,0,0,0,0
20,https://helpmyimg.com/el/asfaleia/,Ασφάλεια & Εμπιστοσύνη - HelpMyIMG,text/html; charset=utf-8,false,200,0,0,0,0
20,https://helpmyimg.com/en/about/,About Us - HelpMyIMG,text/html; charset=utf-8,false,200,0,0,0,0
20,https://helpmyimg.com/nl/beveiliging/,Veiligheid en vertrouwen - HelpMyIMG,text/html; charset=utf-8,false,200,0,0,0,0
20,https://helpmyimg.com/hu/osszehasonlitas/,Hasonlítsa össze - HelpMyIMG,text/html; charset=utf-8,false,200,0,0,0,0
20,https://helpmyimg.com/th/priab-thiab/,เปรียบเทียบ - HelpMyIMG,text/html; charset=utf-8,false,200,0,0,0,0
20,https://helpmyimg.com/he/avtacha/,אבטחה ואמון - HelpMyIMG,text/html; charset=utf-8,false,200,0,0,0,0
20,https://helpmyimg.com/cs/o-nas/,O nás - HelpMyIMG,text/html; charset=utf-8,false,200,0,0,0,0
20,https://helpmyimg.com/ko/sogae/,회사 소개 - HelpMyIMG,text/html; charset=utf-8,false,200,0,0,0,0
20,https://helpmyimg.com/pl/warunki/,Warunki świadczenia usług - HelpMyIMG,text/html; charset=utf-8,false,200,0,0,0,0
20,https://helpmyimg.com/tl/presyo/,Pagpepresyo - HelpMyIMG,text/html; charset=utf-8,false,200,0,0,0,0
20,https://helpmyimg.com/el/sychnes-erotiseis/,FAQ - HelpMyIMG,text/html; charset=utf-8,false,200,0,0,0,0
20,https://helpmyimg.com/uk/chasti-zapytannya/,FAQ - HelpMyIMG,text/html; charset=utf-8,false,200,0,0,0,0
20,https://helpmyimg.com/it/confronta/,Confrontare - HelpMyIMG,text/html; charset=utf-8,false,200,0,0,0,0
20,https://helpmyimg.com/uk/konfidentsiynist/,Політика конфіденційності - HelpMyIMG,text/html; charset=utf-8,false,200,0,0,0,0
20,https://helpmyimg.com/ru/bezopasnost/,Безопасность и доверие - HelpMyIMG,text/html; charset=utf-8,false,200,0,0,0,0
20,https://helpmyimg.com/el/glosses/,Υποστηριζόμενες γλώσσες - HelpMyIMG,text/html; charset=utf-8,false,200,0,0,0,0
20,https://helpmyimg.com/he/mehirim/,תמחור - HelpMyIMG,text/html; charset=utf-8,false,200,0,0,0,0
20,https://helpmyimg.com/de/preise/,Preise - HelpMyIMG,text/html; charset=utf-8,false,200,0,0,0,0
20,https://helpmyimg.com/he/sheelot-nefotzot/,שאלות נפוצות - HelpMyIMG,text/html; charset=utf-8,false,200,0,0,0,0
20,https://helpmyimg.com/en/security/,Security & Trust - HelpMyIMG,text/html; charset=utf-8,false,200,0,0,0,0
20,https://helpmyimg.com/tr/diller/,Desteklenen Diller - HelpMyIMG,text/html; charset=utf-8,false,200,0,0,0,0
20,https://helpmyimg.com/ms/keselamatan/,Keselamatan & Amanah - HelpMyIMG,text/html; charset=utf-8,false,200,0,0,0,0
20,https://helpmyimg.com/id/bandingkan/,Membandingkan - HelpMyIMG,text/html; charset=utf-8,false,200,0,0,0,0
20,https://helpmyimg.com/hu/nyelvek/,Támogatott nyelvek - HelpMyIMG,text/html; charset=utf-8,false,200,0,0,0,0
20,https://helpmyimg.com/hi/shartein/,सेवा की शर्तें - HelpMyIMG,text/html; charset=utf-8,false,200,0,0,0,0
20,https://helpmyimg.com/tr/sikca-sorulan-sorular/,SSS - HelpMyIMG,text/html; charset=utf-8,false,200,0,0,0,0
20,https://helpmyimg.com/ru/yazyki/,Поддерживаемые языки - HelpMyIMG,text/html; charset=utf-8,false,200,0,0,0,0
20,https://helpmyimg.com/fr/a-propos/,À propos de nous - HelpMyIMG,text/html; charset=utf-8,false,200,0,0,0,0
20,https://helpmyimg.com/es/preguntas-frecuentes/,Preguntas frecuentes - HelpMyIMG,text/html; charset=utf-8,false,200,0,0,0,0
20,https://helpmyimg.com/hu/gyik/,GYIK - HelpMyIMG,text/html; charset=utf-8,false,200,0,0,0,0
20,https://helpmyimg.com/id/pertanyaan-umum/,Pertanyaan Umum - HelpMyIMG,text/html; charset=utf-8,false,200,0,0,0,0
20,https://helpmyimg.com/ms/bahasa/,Bahasa yang Disokong - HelpMyIMG,text/html; charset=utf-8,false,200,0,0,0,0
20,https://helpmyimg.com/he/safot/,שפות נתמכות - HelpMyIMG,text/html; charset=utf-8,false,200,0,0,0,0
20,https://helpmyimg.com/nl/voorwaarden/,Servicevoorwaarden - HelpMyIMG,text/html; charset=utf-8,false,200,0,0,0,0
20,https://helpmyimg.com/ja/hikaku/,比較する - HelpMyIMG,text/html; charset=utf-8,false,200,0,0,0,0
20,https://helpmyimg.com/es/comparar/,Comparar - HelpMyIMG,text/html; charset=utf-8,false,200,0,0,0,0
20,https://helpmyimg.com/no/vilkar/,Vilkår for bruk - HelpMyIMG,text/html; charset=utf-8,false,200,0,0,0,0
20,https://helpmyimg.com/fr/confidentialite/,politique de confidentialité - HelpMyIMG,text/html; charset=utf-8,false,200,0,0,0,0
20,https://helpmyimg.com/da/om-os/,Om os - HelpMyIMG,text/html; charset=utf-8,false,200,0,0,0,0
20,https://helpmyimg.com/no/sprak/,Støttede språk - HelpMyIMG,text/html; charset=utf-8,false,200,0,0,0,0
20,https://helpmyimg.com/vi/so-sanh/,So sánh - HelpMyIMG,text/html; charset=utf-8,false,200,0,0,0,0
20,https://helpmyimg.com/ko/jaju-mutneun-jilmun/,FAQ - HelpMyIMG,text/html; charset=utf-8,false,200,0,0,0,0
20,https://helpmyimg.com/en/compare/,Compare - HelpMyIMG,text/html; charset=utf-8,false,200,0,0,0,0
20,https://helpmyimg.com/vi/quyen-rieng-tu/,Chính sách bảo mật - HelpMyIMG,text/html; charset=utf-8,false,200,0,0,0,0
20,https://helpmyimg.com/tr/fiyatlar/,Fiyatlandırma - HelpMyIMG,text/html; charset=utf-8,false,200,0,0,0,0
20,https://helpmyimg.com/ro/securitate/,Securitate și încredere - HelpMyIMG,text/html; charset=utf-8,false,200,0,0,0,0
20,https://helpmyimg.com/ms/harga/,penetapan harga - HelpMyIMG,text/html; charset=utf-8,false,200,0,0,0,0
20,https://helpmyimg.com/ja/gaiyo/,私たちについて - HelpMyIMG,text/html; charset=utf-8,false,200,0,0,0,0
20,https://helpmyimg.com/zh/tiaokuan/,服务条款 - HelpMyIMG,text/html; charset=utf-8,false,200,0,0,0,0
20,https://helpmyimg.com/ja/yoku-aru-shitsumon/,よくある質問 - HelpMyIMG,text/html; charset=utf-8,false,200,0,0,0,0
20,https://helpmyimg.com/pt/precos/,Preços - HelpMyIMG,text/html; charset=utf-8,false,200,0,0,0,0
20,https://helpmyimg.com/cs/porovnani/,Porovnejte - HelpMyIMG,text/html; charset=utf-8,false,200,0,0,0,0
20,https://helpmyimg.com/zh/jiage/,定价 - HelpMyIMG,text/html; charset=utf-8,false,200,0,0,0,0
20,https://helpmyimg.com/ro/termeni/,Termeni și condiții - HelpMyIMG,text/html; charset=utf-8,false,200,0,0,0,0
20,https://helpmyimg.com/ro/limbi/,Limbi acceptate - HelpMyIMG,text/html; charset=utf-8,false,200,0,0,0,0
20,https://helpmyimg.com/en/faq/,FAQ - HelpMyIMG,text/html; charset=utf-8,false,200,0,0,0,0
20,https://helpmyimg.com/nl/prijzen/,Prijzen - HelpMyIMG,text/html; charset=utf-8,false,200,0,0,0,0
20,https://helpmyimg.com/fr/langues/,Langues prises en charge - HelpMyIMG,text/html; charset=utf-8,false,200,0,0,0,0
20,https://helpmyimg.com/he/hashvaa/,לְהַשְׁווֹת - HelpMyIMG,text/html; charset=utf-8,false,200,0,0,0,0
20,https://helpmyimg.com/ru/usloviya/,Условия использования - HelpMyIMG,text/html; charset=utf-8,false,200,0,0,0,0
20,https://helpmyimg.com/el/sygkrisi/,Συγκρίνω - HelpMyIMG,text/html; charset=utf-8,false,200,0,0,0,0
20,https://helpmyimg.com/ja/kakaku/,価格設定 - HelpMyIMG,text/html; charset=utf-8,false,200,0,0,0,0
20,https://helpmyimg.com/ro/despre-noi/,Despre noi - HelpMyIMG,text/html; charset=utf-8,false,200,0,0,0,0
20,https://helpmyimg.com/pl/ceny/,Wycena - HelpMyIMG,text/html; charset=utf-8,false,200,0,0,0,0
20,https://helpmyimg.com/th/ngeuan-khai/,ข้อกำหนดในการให้บริการ - HelpMyIMG,text/html; charset=utf-8,false,200,0,0,0,0
20,https://helpmyimg.com/no/sammenlign/,Sammenligne - HelpMyIMG,text/html; charset=utf-8,false,200,0,0,0,0
20,https://helpmyimg.com/th/khwam-pen-suan-tua/,นโยบายความเป็นส่วนตัว - HelpMyIMG,text/html; charset=utf-8,false,200,0,0,0,0
20,https://helpmyimg.com/nl/veelgestelde-vragen/,Veelgestelde vragen - HelpMyIMG,text/html; charset=utf-8,false,200,0,0,0,0
20,https://helpmyimg.com/uk/porivnyaty/,Порівняйте - HelpMyIMG,text/html; charset=utf-8,false,200,0,0,0,0
20,https://helpmyimg.com/de/haufig-gestellte-fragen/,FAQ - HelpMyIMG,text/html; charset=utf-8,false,200,0,0,0,0
20,https://helpmyimg.com/vi/dieu-khoan/,Điều khoản dịch vụ - HelpMyIMG,text/html; charset=utf-8,false,200,0,0,0,0
20,https://helpmyimg.com/th/khwam-plod-phai/,ความปลอดภัยและความน่าเชื่อถือ - HelpMyIMG,text/html; charset=utf-8,false,200,0,0,0,0
20,https://helpmyimg.com/it/lingue/,Lingue supportate - HelpMyIMG,text/html; charset=utf-8,false,200,0,0,0,0
20,https://helpmyimg.com/el/aporrito/,Πολιτική Απορρήτου - HelpMyIMG,text/html; charset=utf-8,false,200,0,0,0,0
20,https://helpmyimg.com/ro/preturi/,Prețuri - HelpMyIMG,text/html; charset=utf-8,false,200,0,0,0,0
20,https://helpmyimg.com/ko/gagyeok/,가격 - HelpMyIMG,text/html; charset=utf-8,false,200,0,0,0,0
20,https://helpmyimg.com/ms/privasi/,Dasar Privasi - HelpMyIMG,text/html; charset=utf-8,false,200,0,0,0,0
20,https://helpmyimg.com/nl/talen/,Ondersteunde talen - HelpMyIMG,text/html; charset=utf-8,false,200,0,0,0,0
20,https://helpmyimg.com/tl/ihambing/,Ikumpara - HelpMyIMG,text/html; charset=utf-8,false,200,0,0,0,0
20,https://helpmyimg.com/de/vergleichen/,Vergleichen - HelpMyIMG,text/html; charset=utf-8,false,200,0,0,0,0
20,https://helpmyimg.com/sv/sprak/,Språk som stöds - HelpMyIMG,text/html; charset=utf-8,false,200,0,0,0,0
20,https://helpmyimg.com/ro/intrebari-frecvente/,FAQ - HelpMyIMG,text/html; charset=utf-8,false,200,0,0,0,0
20,https://helpmyimg.com/ko/boan/,보안 및 신뢰 - HelpMyIMG,text/html; charset=utf-8,false,200,0,0,0,0
20,https://helpmyimg.com/hi/keemat/,मूल्य निर्धारण - HelpMyIMG,text/html; charset=utf-8,false,200,0,0,0,0
20,https://helpmyimg.com/id/kebijakan-privasi/,Kebijakan Privasi - HelpMyIMG,text/html; charset=utf-8,false,200,0,0,0,0
20,https://helpmyimg.com/it/prezzi/,Prezzi - HelpMyIMG,text/html; charset=utf-8,false,200,0,0,0,0
20,https://helpmyimg.com/hi/gopniyata/,गोपनीयता नीति - HelpMyIMG,text/html; charset=utf-8,false,200,0,0,0,0
20,https://helpmyimg.com/tl/seguridad/,Seguridad at Tiwala - HelpMyIMG,text/html; charset=utf-8,false,200,0,0,0,0
20,https://helpmyimg.com/ar/asear/,التسعير - HelpMyIMG,text/html; charset=utf-8,false,200,0,0,0,0
20,https://helpmyimg.com/id/bahasa/,Bahasa yang Didukung - HelpMyIMG,text/html; charset=utf-8,false,200,0,0,0,0
20,https://helpmyimg.com/fr/tarifs/,Tarifs - HelpMyIMG,text/html; charset=utf-8,false,200,0,0,0,0
20,https://helpmyimg.com/th/kham-tham-thi-phob-boi/,คำถามที่พบบ่อย - HelpMyIMG,text/html; charset=utf-8,false,200,0,0,0,0
20,https://helpmyimg.com/ms/bandingkan/,Bandingkan - HelpMyIMG,text/html; charset=utf-8,false,200,0,0,0,0
20,https://helpmyimg.com/fi/turvallisuus/,Turvallisuus ja luottamus - HelpMyIMG,text/html; charset=utf-8,false,200,0,0,0,0
20,https://helpmyimg.com/no/om-oss/,Om oss - HelpMyIMG,text/html; charset=utf-8,false,200,0,0,0,0
20,https://helpmyimg.com/da/vilkar/,Servicevilkår - HelpMyIMG,text/html; charset=utf-8,false,200,0,0,0,0
20,https://helpmyimg.com/vi/bang-gia/,Định giá - HelpMyIMG,text/html; charset=utf-8,false,200,0,0,0,0
20,https://helpmyimg.com/fi/vertailla/,Vertaa - HelpMyIMG,text/html; charset=utf-8,false,200,0,0,0,0
20,https://helpmyimg.com/da/priser/,Prissætning - HelpMyIMG,text/html; charset=utf-8,false,200,0,0,0,0
20,https://helpmyimg.com/ar/lughat/,اللغات المدعومة - HelpMyIMG,text/html; charset=utf-8,false,200,0,0,0,0
20,https://helpmyimg.com/pl/porownaj/,Porównywać - HelpMyIMG,text/html; charset=utf-8,false,200,0,0,0,0
20,https://helpmyimg.com/zh/yuyan/,支持的语言 - HelpMyIMG,text/html; charset=utf-8,false,200,0,0,0,0
20,https://helpmyimg.com/no/personvern/,Personvernerklæring - HelpMyIMG,text/html; charset=utf-8,false,200,0,0,0,0
20,https://helpmyimg.com/pt/perguntas-frequentes/,Perguntas frequentes - HelpMyIMG,text/html; charset=utf-8,false,200,0,0,0,0
20,https://helpmyimg.com/ar/asilah-shaeia/,التعليمات - HelpMyIMG,text/html; charset=utf-8,false,200,0,0,0,0
20,https://helpmyimg.com/uk/pro-nas/,Про нас - HelpMyIMG,text/html; charset=utf-8,false,200,0,0,0,0
20,https://helpmyimg.com/ja/riyo-kiyaku/,利用規約 - HelpMyIMG,text/html; charset=utf-8,false,200,0,0,0,0
20,https://helpmyimg.com/ru/chastiye-voprosy/,Часто задаваемые вопросы - HelpMyIMG,text/html; charset=utf-8,false,200,0,0,0,0
20,https://helpmyimg.com/hu/adatvedelem/,Adatvédelmi szabályzat - HelpMyIMG,text/html; charset=utf-8,false,200,0,0,0,0
20,https://helpmyimg.com/fr/comparer/,Comparer - HelpMyIMG,text/html; charset=utf-8,false,200,0,0,0,0
20,https://helpmyimg.com/fr/conditions/,Conditions d'utilisation - HelpMyIMG,text/html; charset=utf-8,false,200,0,0,0,0
20,https://helpmyimg.com/zh/changjian-wenti/,常问问题 - HelpMyIMG,text/html; charset=utf-8,false,200,0,0,0,0
20,https://helpmyimg.com/zh/anquan/,安全与信任 - HelpMyIMG,text/html; charset=utf-8,false,200,0,0,0,0
20,https://helpmyimg.com/nl/privacy/,Privacybeleid - HelpMyIMG,text/html; charset=utf-8,false,200,0,0,0,0
20,https://helpmyimg.com/tl/mga-tanong/,FAQ - HelpMyIMG,text/html; charset=utf-8,false,200,0,0,0,0
20,https://helpmyimg.com/ar/shurut/,شروط الخدمة - HelpMyIMG,text/html; charset=utf-8,false,200,0,0,0,0
20,https://helpmyimg.com/ms/terma/,Syarat Perkhidmatan - HelpMyIMG,text/html; charset=utf-8,false,200,0,0,0,0
20,https://helpmyimg.com/tl/mga-tuntunin/,Mga Tuntunin ng Serbisyo - HelpMyIMG,text/html; charset=utf-8,false,200,0,0,0,0
20,https://helpmyimg.com/de/sicherheit/,Sicherheit und Vertrauen - HelpMyIMG,text/html; charset=utf-8,false,200,0,0,0,0
20,https://helpmyimg.com/tr/hakkimizda/,Hakkımızda - HelpMyIMG,text/html; charset=utf-8,false,200,0,0,0,0
20,https://helpmyimg.com/uk/tsiny/,Ціноутворення - HelpMyIMG,text/html; charset=utf-8,false,200,0,0,0,0
20,https://helpmyimg.com/it/sicurezza/,Sicurezza e fiducia - HelpMyIMG,text/html; charset=utf-8,false,200,0,0,0,0
20,https://helpmyimg.com/da/sikkerhed/,Sikkerhed og tillid - HelpMyIMG,text/html; charset=utf-8,false,200,0,0,0,0
20,https://helpmyimg.com/no/sikkerhet/,Sikkerhet og tillit - HelpMyIMG,text/html; charset=utf-8,false,200,0,0,0,0
20,https://helpmyimg.com/pt/comparar/,Comparar - HelpMyIMG,text/html; charset=utf-8,false,200,0,0,0,0
20,https://helpmyimg.com/uk/bezpeka/,Безпека та довіра - HelpMyIMG,text/html; charset=utf-8,false,200,0,0,0,0
20,https://helpmyimg.com/no/priser/,Prissetting - HelpMyIMG,text/html; charset=utf-8,false,200,0,0,0,0
20,https://helpmyimg.com/zh/guanyu/,关于我们 - HelpMyIMG,text/html; charset=utf-8,false,200,0,0,0,0
20,https://helpmyimg.com/ja/puraibashi/,プライバシーポリシー - HelpMyIMG,text/html; charset=utf-8,false,200,0,0,0,0
20,https://helpmyimg.com/cs/podminky/,Podmínky služby - HelpMyIMG,text/html; charset=utf-8,false,200,0,0,0,0
20,https://helpmyimg.com/tl/privacy/,Patakaran sa Privacy - HelpMyIMG,text/html; charset=utf-8,false,200,0,0,0,0
20,https://helpmyimg.com/sv/om-oss/,Om oss - HelpMyIMG,text/html; charset=utf-8,false,200,0,0,0,0
20,https://helpmyimg.com/pt/privacidade/,política de Privacidade - HelpMyIMG,text/html; charset=utf-8,false,200,0,0,0,0
20,https://helpmyimg.com/nl/vergelijken/,Vergelijken - HelpMyIMG,text/html; charset=utf-8,false,200,0,0,0,0
20,https://helpmyimg.com/pl/bezpieczenstwo/,Bezpieczeństwo i zaufanie - HelpMyIMG,text/html; charset=utf-8,false,200,0,0,0,0
20,https://helpmyimg.com/hu/arak/,Árképzés - HelpMyIMG,text/html; charset=utf-8,false,200,0,0,0,0
20,https://helpmyimg.com/pl/czesto-zadawane-pytania/,Często zadawane pytania - HelpMyIMG,text/html; charset=utf-8,false,200,0,0,0,0
20,https://helpmyimg.com/pl/o-nas/,O nas - HelpMyIMG,text/html; charset=utf-8,false,200,0,0,0,0
20,https://helpmyimg.com/da/sammenlign/,Sammenligne - HelpMyIMG,text/html; charset=utf-8,false,200,0,0,0,0
20,https://helpmyimg.com/fi/usein-kysytyt-kysymykset/,FAQ - HelpMyIMG,text/html; charset=utf-8,false,200,0,0,0,0
20,https://helpmyimg.com/el/times/,Τιμολόγηση - HelpMyIMG,text/html; charset=utf-8,false,200,0,0,0,0
20,https://helpmyimg.com/fi/tietosuoja/,Tietosuojakäytäntö - HelpMyIMG,text/html; charset=utf-8,false,200,0,0,0,0
20,https://helpmyimg.com/en/pricing/,Pricing - HelpMyIMG,text/html; charset=utf-8,false,200,0,0,0,0
20,https://helpmyimg.com/sv/priser/,Prissättning - HelpMyIMG,text/html; charset=utf-8,false,200,0,0,0,0
20,https://helpmyimg.com/es/privacidad/,política de privacidad - HelpMyIMG,text/html; charset=utf-8,false,200,0,0,0,0
20,https://helpmyimg.com/id/tentang-kami/,Tentang Kami - HelpMyIMG,text/html; charset=utf-8,false,200,0,0,0,0
20,https://helpmyimg.com/vi/gioi-thieu/,Về chúng tôi - HelpMyIMG,text/html; charset=utf-8,false,200,0,0,0,0
20,https://helpmyimg.com/ru/sravnit/,Сравнивать - HelpMyIMG,text/html; charset=utf-8,false,200,0,0,0,0
20,https://helpmyimg.com/hi/tulna/,तुलना करना - HelpMyIMG,text/html; charset=utf-8,false,200,0,0,0,0
20,https://helpmyimg.com/he/pratiyut/,מדיניות פרטיות - HelpMyIMG,text/html; charset=utf-8,false,200,0,0,0,0
20,https://helpmyimg.com/es/precios/,Precios - HelpMyIMG,text/html; charset=utf-8,false,200,0,0,0,0
20,https://helpmyimg.com/de/ueber-uns/,Über uns - HelpMyIMG,text/html; charset=utf-8,false,200,0,0,0,0
20,https://helpmyimg.com/fi/kayttoehdot/,Palveluehdot - HelpMyIMG,text/html; charset=utf-8,false,200,0,0,0,0
20,https://helpmyimg.com/da/privatliv/,Privatlivspolitik - HelpMyIMG,text/html; charset=utf-8,false,200,0,0,0,0
20,https://helpmyimg.com/uk/movy/,Підтримувані мови - HelpMyIMG,text/html; charset=utf-8,false,200,0,0,0,0
20,https://helpmyimg.com/ar/aman/,الأمن والثقة - HelpMyIMG,text/html; charset=utf-8,false,200,0,0,0,0
20,https://helpmyimg.com/tr/gizlilik/,Gizlilik Politikası - HelpMyIMG,text/html; charset=utf-8,false,200,0,0,0,0
20,https://helpmyimg.com/de/sprachen/,Unterstützte Sprachen - HelpMyIMG,text/html; charset=utf-8,false,200,0,0,0,0
20,https://helpmyimg.com/hu/rolunk/,Rólunk - HelpMyIMG,text/html; charset=utf-8,false,200,0,0,0,0
20,https://helpmyimg.com/fi/kielet/,Tuetut kielet - HelpMyIMG,text/html; charset=utf-8,false,200,0,0,0,0
20,https://helpmyimg.com/en/terms/,Terms of Service - HelpMyIMG,text/html; charset=utf-8,false,200,0,0,0,0
20,https://helpmyimg.com/sv/villkor/,Användarvillkor - HelpMyIMG,text/html; charset=utf-8,false,200,0,0,0,0
20,https://helpmyimg.com/hu/feltetelek/,Szolgáltatási feltételek - HelpMyIMG,text/html; charset=utf-8,false,200,0,0,0,0
20,https://helpmyimg.com/th/pha-sa/,ภาษาที่รองรับ - HelpMyIMG,text/html; charset=utf-8,false,200,0,0,0,0
20,https://helpmyimg.com/tr/karsilastir/,Karşılaştırmak - HelpMyIMG,text/html; charset=utf-8,false,200,0,0,0,0
20,https://helpmyimg.com/cs/caste-dotazy/,FAQ - HelpMyIMG,text/html; charset=utf-8,false,200,0,0,0,0
20,https://helpmyimg.com/ar/muqarana/,يقارن - HelpMyIMG,text/html; charset=utf-8,false,200,0,0,0,0
20,https://helpmyimg.com/fr/securite/,Sécurité et confiance - HelpMyIMG,text/html; charset=utf-8,false,200,0,0,0,0
20,https://helpmyimg.com/id/keamanan/,Keamanan & Kepercayaan - HelpMyIMG,text/html; charset=utf-8,false,200,0,0,0,0
20,https://helpmyimg.com/en/privacy/,Privacy Policy - HelpMyIMG,text/html; charset=utf-8,false,200,0,0,0,0
20,https://helpmyimg.com/ru/o-nas/,О нас - HelpMyIMG,text/html; charset=utf-8,false,200,0,0,0,0
20,https://helpmyimg.com/pl/jezyki/,Obsługiwane języki - HelpMyIMG,text/html; charset=utf-8,false,200,0,0,0,0
20,https://helpmyimg.com/ja/gengo/,サポートされている言語 - HelpMyIMG,text/html; charset=utf-8,false,200,0,0,0,0
20,https://helpmyimg.com/hi/samanya-prashn/,अक्सर पूछे जाने वाले प्रश्न - HelpMyIMG,text/html; charset=utf-8,false,200,0,0,0,0
20,https://helpmyimg.com/ar/hawlan/,معلومات عنا - HelpMyIMG,text/html; charset=utf-8,false,200,0,0,0,0
20,https://helpmyimg.com/sv/jamfor/,Jämföra - HelpMyIMG,text/html; charset=utf-8,false,200,0,0,0,0
20,https://helpmyimg.com/zh/yinsi/,隐私政策 - HelpMyIMG,text/html; charset=utf-8,false,200,0,0,0,0
20,https://helpmyimg.com/vi/cau-hoi-thuong-gap/,Câu hỏi thường gặp - HelpMyIMG,text/html; charset=utf-8,false,200,0,0,0,0
20,https://helpmyimg.com/ms/soalan-lazim/,Soalan Lazim - HelpMyIMG,text/html; charset=utf-8,false,200,0,0,0,0
20,https://helpmyimg.com/en/languages/,Supported Languages - HelpMyIMG,text/html; charset=utf-8,false,200,0,0,0,0
20,https://helpmyimg.com/da/sprog/,Understøttede sprog - HelpMyIMG,text/html; charset=utf-8,false,200,0,0,0,0
20,https://helpmyimg.com/tl/tungkol-sa-amin/,Tungkol sa Amin - HelpMyIMG,text/html; charset=utf-8,false,200,0,0,0,0
20,https://helpmyimg.com/el/oroi/,Όροι Παροχής Υπηρεσιών - HelpMyIMG,text/html; charset=utf-8,false,200,0,0,0,0
20,https://helpmyimg.com/de/datenschutz/,Datenschutzrichtlinie - HelpMyIMG,text/html; charset=utf-8,false,200,0,0,0,0
20,https://helpmyimg.com/tr/sartlar/,Hizmet Şartları - HelpMyIMG,text/html; charset=utf-8,false,200,0,0,0,0
20,https://helpmyimg.com/cs/jazyky/,Podporované jazyky - HelpMyIMG,text/html; charset=utf-8,false,200,0,0,0,0
20,https://helpmyimg.com/pt/sobre/,Sobre nós - HelpMyIMG,text/html; charset=utf-8,false,200,0,0,0,0
20,https://helpmyimg.com/it/chi-siamo/,Chi siamo - HelpMyIMG,text/html; charset=utf-8,false,200,0,0,0,0
20,https://helpmyimg.com/ko/eoneo/,지원되는 언어 - HelpMyIMG,text/html; charset=utf-8,false,200,0,0,0,0
20,https://helpmyimg.com/fi/hinnat/,Hinnoittelu - HelpMyIMG,text/html; charset=utf-8,false,200,0,0,0,0
20,https://helpmyimg.com/vi/ngon-ngu/,Ngôn ngữ được hỗ trợ - HelpMyIMG,text/html; charset=utf-8,false,200,0,0,0,0
20,https://helpmyimg.com/cs/soukromi/,Zásady ochrany osobních údajů - HelpMyIMG,text/html; charset=utf-8,false,200,0,0,0,0
20,https://helpmyimg.com/uk/umovy/,Умови обслуговування - HelpMyIMG,text/html; charset=utf-8,false,200,0,0,0,0
20,https://helpmyimg.com/ru/konfidentsialnost/,политика конфиденциальности - HelpMyIMG,text/html; charset=utf-8,false,200,0,0,0,0
20,https://helpmyimg.com/id/harga/,Harga - HelpMyIMG,text/html; charset=utf-8,false,200,0,0,0,0
20,https://helpmyimg.com/fr/faq/,FAQ - HelpMyIMG,text/html; charset=utf-8,false,200,0,0,0,0
20,https://helpmyimg.com/nl/over-ons/,Over ons - HelpMyIMG,text/html; charset=utf-8,false,200,0,0,0,0
20,https://helpmyimg.com/de/bedingungen/,Nutzungsbedingungen - HelpMyIMG,text/html; charset=utf-8,false,200,0,0,0,0
20,https://helpmyimg.com/sv/integritet/,Sekretesspolicy - HelpMyIMG,text/html; charset=utf-8,false,200,0,0,0,0
20,https://helpmyimg.com/fi/tietoa-meista/,Tietoja meistä - HelpMyIMG,text/html; charset=utf-8,false,200,0,0,0,0
20,https://helpmyimg.com/ar/khususia/,سياسة الخصوصية - HelpMyIMG,text/html; charset=utf-8,false,200,0,0,0,0
20,https://helpmyimg.com/hi/hamare-bare-mein/,हमारे बारे में - HelpMyIMG,text/html; charset=utf-8,false,200,0,0,0,0
20,https://helpmyimg.com/zh/bijiao/,比较 - HelpMyIMG,text/html; charset=utf-8,false,200,0,0,0,0
20,https://helpmyimg.com/no/ofte-stilte-sporsmal/,FAQ - HelpMyIMG,text/html; charset=utf-8,false,200,0,0,0,0
20,https://helpmyimg.com/id/ketentuan-layanan/,Ketentuan Layanan - HelpMyIMG,text/html; charset=utf-8,false,200,0,0,0,0
20,https://helpmyimg.com/da/ofte-stillede-sporgsmal/,FAQ - HelpMyIMG,text/html; charset=utf-8,false,200,0,0,0,0
20,https://helpmyimg.com/hi/suraksha/,सुरक्षा एवं विश्वास - HelpMyIMG,text/html; charset=utf-8,false,200,0,0,0,0
20,https://helpmyimg.com/he/tnaim/,תנאים והגבלות - HelpMyIMG,text/html; charset=utf-8,false,200,0,0,0,0
20,https://helpmyimg.com/sv/sakerhet/,Säkerhet & tillit - HelpMyIMG,text/html; charset=utf-8,false,200,0,0,0,0
20,https://helpmyimg.com/tl/mga-wika/,Mga Sinusuportahang Wika - HelpMyIMG,text/html; charset=utf-8,false,200,0,0,0,0
20,https://helpmyimg.com/pl/prywatnosc/,Polityka prywatności - HelpMyIMG,text/html; charset=utf-8,false,200,0,0,0,0
20,https://helpmyimg.com/it/privacy/,Informativa sulla privacy - HelpMyIMG,text/html; charset=utf-8,false,200,0,0,0,0
20,https://helpmyimg.com/ro/compara/,Comparaţie - HelpMyIMG,text/html; charset=utf-8,false,200,0,0,0,0
20,https://helpmyimg.com/ms/tentang-kami/,Tentang Kami - HelpMyIMG,text/html; charset=utf-8,false,200,0,0,0,0
20,https://helpmyimg.com/it/termini/,Termini di servizio - HelpMyIMG,text/html; charset=utf-8,false,200,0,0,0,0
20,https://helpmyimg.com/th/kieow-kab-rao/,เกี่ยวกับเรา - HelpMyIMG,text/html; charset=utf-8,false,200,0,0,0,0
20,https://helpmyimg.com/cs/ceny/,Ceny - HelpMyIMG,text/html; charset=utf-8,false,200,0,0,0,0
20,https://helpmyimg.com/tr/guvenlik/,Güvenlik ve Güven - HelpMyIMG,text/html; charset=utf-8,false,200,0,0,0,0
20,https://helpmyimg.com/ko/gaein-jeongbo/,개인 정보 보호 정책 - HelpMyIMG,text/html; charset=utf-8,false,200,0,0,0,0
20,https://helpmyimg.com/ro/confidentialitate/,Politica de confidențialitate - HelpMyIMG,text/html; charset=utf-8,false,200,0,0,0,0
20,https://helpmyimg.com/ru/tseny/,Цены - HelpMyIMG,text/html; charset=utf-8,false,200,0,0,0,0
20,https://helpmyimg.com/sv/vanliga-fragor/,FAQ - HelpMyIMG,text/html; charset=utf-8,false,200,0,0,0,0
20,https://helpmyimg.com/cs/bezpecnost/,Bezpečnost a důvěra - HelpMyIMG,text/html; charset=utf-8,false,200,0,0,0,0
20,https://helpmyimg.com/it/domande-frequenti/,Domande Frequenti - HelpMyIMG,text/html; charset=utf-8,false,200,0,0,0,0
20,https://helpmyimg.com/es/terminos/,Términos de servicio - HelpMyIMG,text/html; charset=utf-8,false,200,0,0,0,0
20,https://helpmyimg.com/ja/sekyuriti/,セキュリティと信頼 - HelpMyIMG,text/html; charset=utf-8,false,200,0,0,0,0
